service,id,title,observed,actors,api,state,dependencies,target,migration,acceptance
iam,IAM-01,Administrer les personnes et organiser leur départ,"Les routes couvrent profil courant, langue, annuaire, création, mise à jour, désactivation et suppression. Le drapeau local is_platform_admin est l'autorité métier pour les administrateurs de plateforme ; set_platform_admin écrit aussi projection de droit, audit et événement. Retirer le dernier administrateur actif est refusé. L'offboarding désigne des héritiers par famille de ressources puis désactive ou supprime la personne, avec un événement iam.user.offboarded ordonné avant le fait utilisateur courant dans la même transaction. Une simple suppression d'utilisateur n'a pas ces sémantiques de réaffectation.",Utilisateur pour son profil ; administrateur pour le cycle de vie et le départ.,GET/PUT /api/v1/users/me ; PUT /api/v1/users/me/lang ; CRUD /api/v1/users ; POST /api/v1/admin/users/{user_id}/offboard ; UserService.set_platform_admin.,"User, statut actif/supprimé, identifiant métier et sujet Keycloak, drapeau administrateur, audit et événements outbox.",Keycloak pour identité de connexion ; services propriétaires pour réaffectation ; OpenFGA et Kafka pour projections.,IAM Rust conserve une identité métier stable et un mapping explicite issuer/sub. Le départ devient une commande idempotente avec héritiers validés et suivi des accusés des services propriétaires. Le dernier administrateur reste protégé sous concurrence.,"Importer IDs, sujets, statuts et correspondances sans fusion par seul courriel. Porter les codes d'erreur et publier les mêmes faits via un transport sans JVM. Faire converger les réaffectations avant retrait des anciens consommateurs.",Deux retraits concurrents ne peuvent supprimer le dernier administrateur. Rejouer une commande d'offboarding ne transfère pas deux fois les ressources et conserve le même événement métier.
iam,IAM-02,"Structurer organisations, équipes, projets et memberships","Les API gèrent organisations, équipes et appartenances avec rôles, ainsi que projets, membres et espaces personnels. Les projets gardent un ID interne et des alias hérités. Le transfert de propriétaire prend le verrou du projet, modifie memberships, audit et outbox dans la transaction, puis utilise une écriture OpenFGA contrôlée sur les alias. Le propriétaire sortant devient manager par défaut ; le départ peut retirer son membership. PostgreSQL et OpenFGA n'ont pas de transaction distribuée commune.","Propriétaires, responsables de projets et équipes, administrateurs.","CRUD /api/v1/organizations, /api/v1/teams, /api/v1/projects ; /api/v1/memberships ; ProjectService.transfer_owner ; OrganizationService.transfer_ownership.","Organization, Team, Membership, Project et ProjectMember ; correspondances legacy_id ; relations OpenFGA.","OpenFGA, Keycloak pour les sujets, miroirs utilisateurs/projets des autres services.","IAM Rust porte les invariants de hiérarchie, les espaces personnels et transferts. Une intention durable identifie les mutations externes et permet de réconcilier les tuples sans transformer un échec de lecture en graphe vide.",Importer la hiérarchie et tous les alias avant de changer le routage. Comparer les relations effectives et les listings pour des profils réels ; garder un seul auteur des memberships par cohorte.,Deux transferts concurrents se sérialisent. Une panne du graphe ne laisse pas un ancien propriétaire rétabli par le prochain reconciler. L'espace personnel ne devient pas partageable par accident.
iam,IAM-03,Décider les droits de lecture et d'action à partir de faits contrôlés,"Les brokers internes authentifient le client appelant avec JWT vérifié, émetteur, audience configurée et azp attendu. Ils résolvent un utilisateur actif puis demandent une décision OpenFGA avec cohérence renforcée. Le broker dataset accepte de 1 à 100 contrôles et au plus 12 projets liés par contrôle. Il distingue consultation, téléchargement, accès projet et token. Un compte technique ne télécharge jamais un dataset RESTRICTED ; un rôle AGENT stocké ne contourne pas cette règle. Une décision indisponible provoque 503, sans tableau partiellement autorisé.",Clients de service de confiance agissant pour une personne ou un compte technique.,"DatasetAuthorizationRequest ; POST /data-serve/authorize dans le routeur dataset_authorization ; decision_broker.verify_broker_identity et evaluate_subject_checks ; autres brokers typés files, ingestion, development, application, model et runner.",Utilisateur actif et comptes techniques PostgreSQL ; relations OpenFGA ; faits contextuels de requête non persistés.,"OpenFGA ; identité OIDC ; faits résolus par le service propriétaire, sans rôles arbitraires fournis par le client.","IAM Rust expose un contrat de décision typé liant sujet, acteur, tenant, audience, opération, ressource ou édition et version de politique. Query et Files restent les points de médiation des lignes, colonnes et octets ; un droit Lakekeeper table.modify ne devient pas un droit générique de worker.","Porter les matrices de décision et les routes sans assouplir les refus. Comparer les décisions ancienne/nouvelle en mode observation avant bascule, avec invalidation bornée et cas de panne.","Un mauvais azp, un utilisateur inactif et un export RESTRICTED par compte technique sont refusés. Une panne sur la dernière décision d'un lot n'autorise pas les premières par une réponse partielle."
iam,IAM-04,Partager une ressource et remplacer réellement le rôle accordé,"Les routes partagent applications, fichiers et dossiers avec un utilisateur ou une équipe, révoquent le partage, listent les permissions et les ressources partagées avec soi. SharingService traite aussi les projets. Un partage fixe un rôle ; il ne cumule pas un nouveau rôle avec un rôle plus fort déjà détenu. Le service recense les rôles, accorde le rôle voulu puis retire ceux remplacés sur les alias. Une personne sans sujet d'identité exploitable est refusée avant le premier tuple. Les restrictions de propriétaire et de représentation des memberships restent distinctes d'un partage simple.",Propriétaire ou gestionnaire de partages ; bénéficiaire utilisateur ou équipe.,POST/DELETE /api/v1/sharing/{applications|files|folders}/{id}/share ; GET permissions ; GET /api/v1/sharing/shared-with-me ; SharingService.share_resource.,"Tuples utilisateur ou équipe, aliases de ressource, memberships projet et audit.",OpenFGA et résolution des sujets ; miroir des memberships projet.,IAM Rust garde une commande set-role explicite et une commande revoke. Les résultats portent l'état effectif et la version de décision. Catalog collections et EXPOSURE réutilisent ces identités sans conférer implicitement des droits sur les données.,"Recenser droits directs, hérités et alias. Rejouer promotions et rétrogradations sur une copie du graphe, puis migrer les écritures avec reprise des opérations incomplètes.",Passer de admin à viewer retire le droit admin sur tous les alias. Une indisponibilité du recensement ne peut répondre succès. Un partage de collection ne permet pas de lire un dataset interdit.
iam,IAM-05,"Administrer comptes techniques, tokens d'exposition et délégations MCP","IAM découvre, enregistre, met à jour, synchronise et retire des comptes techniques avec portée de projet ou organisation. Les tokens d'exposition ont propriétaire, périmètre, routes et date d'expiration. Créer un token déjà expiré conserve la ligne mais ne provisionne pas de consommateur actif dans APISIX ; modifier sa date conserve sa clé, et passer dans le passé déclenche la révocation. Le reconciler de délégation configure l'échange standard uniquement pour les clients prévus ; la délégation de l'assistant reste dans la session utilisateur. Les outils dataset/corpus passent par read-identity avec leurs comptes dédiés.","Administrateurs, propriétaires de projets, intégrations et assistant délégué.",ServiceAccountService.register/update/unregister/sync ; ExpositionTokenService.create_token/patch_token ; exposition_tokens router ; POST /mcp/read-identity dans le routeur dédié ; reconcile_keycloak_delegation.,"ServiceAccount, User technique, ExpositionApiToken, consommateurs/routes APISIX et configuration de clients OIDC.","Keycloak, APISIX, Kubernetes Secrets et broker IAM de résolution d'acteur.","IAM Rust distingue personne, acteur et identité de service. Les capacités courtes sont liées au run et à une opération précise. Les tokens d'accès aux API restent des credentials ; EXPOSURE devient séparément un consommateur déclaré d'éditions.","Importer portées et propriétaires, renouveler les secrets au changement d'IdP et mesurer la révocation. Ne pas présumer portables les sessions ni refresh tokens. Préserver les intégrations par une façade d'authentification bornée.",Un token créé expiré ne donne jamais accès. Fermer la session utilisateur invalide la délégation associée. Un compte limité à un projet ne gagne aucun accès par substitution de X-User-Id.
iam,IAM-06,"Gérer sessions, fédérations et politiques de connexion","Une personne liste ses sessions et révoque une session ou les autres sessions ; le sujet vient de l'identité authentifiée. Les API d'administration lisent, modifient, réinitialisent et auditent politiques de mots de passe et sessions. La fédération est stockée dans la représentation d'IdP Keycloak, avec extensions de configuration ; le mode de sécurité global est en base IAM. Passer en SSO_ONLY exige un fournisseur actif. Supprimer ou désactiver le dernier fournisseur rétablit le mode qui permet les credentials, pour éviter un blocage du login.",Utilisateurs pour leurs sessions ; administrateurs pour fédérations et politiques.,GET/DELETE /api/v1/users/me/sessions ; DELETE /api/v1/users/me/sessions/{session_id} ; /api/v1/admin/identity-providers ; admin_security_policies router.,Sessions et représentations de fournisseurs dans Keycloak ; system_config et audits de politique dans PostgreSQL.,"API Admin Keycloak, system_config, audit et frontend de connexion.",IAM Rust conserve les décisions métier et délègue l'authentification à un fournisseur sans JVM qualifié. Les politiques et fédérations utilisent un modèle versionné avec audit ; la suppression du dernier moyen de connexion est refusée ou compensée explicitement.,"Inventorier fédérations, paramètres de mots de passe, MFA et lifespans sans exporter de secrets dans le dossier. Tester le transfert des credentials ; réenrôler les moyens non portables et imposer une réauthentification lors de la coupure.",Un utilisateur ne peut révoquer la session d'un autre. Retirer le dernier IdP ne laisse pas une page SSO sans voie de connexion. Une révocation arrête aussi les accès délégués dans la fenêtre contractuelle.
iam,IAM-07,Réconcilier le routage et les barrières d'accès de la gateway,"IAM possède la table de routes APISIX de la plateforme. Au démarrage, ensure_seed_data rapproche le seed des lignes stockées, puis les synchronisations rendent routes, upstreams et plugins. Le service propose synchronisation et diff. Les types oidc et oidc_openfga séparent authentification et décision ; une route oidc_openfga sans configuration de droit est refusée. Des règles protègent les routes gérées par les instances et empêchent les rétrogradations d'authentification non permises. Retirer des lignes du seed entraîne un nettoyage ciblé des routes obsolètes.","Exploitation, administrateurs et services créateurs de routes d'instances.",authz/seed_routes.py ; ApisixService.ensure_seed_data/sync_all/diff ; admin_routes et instance_routes.,"ApisixRoute, Upstream, PluginConfig et Consumer PostgreSQL ; rendu externe dans APISIX.","APISIX Admin, OIDC, OpenFGA et services amont.",IAM Rust compile une politique de routage versionnée avec inventaire des exceptions publiques. Les identités et décisions sont propagées aux services sans permettre à un header utilisateur non vérifié de remplacer le sujet.,"Exporter le seed et comparer le rendu réel, y compris routes plates, WebSocket et endpoints publics. Basculer les routes par famille ; conserver un diff et une procédure de retour qui ne réactive pas une route retirée.",Une route privée ajoutée sans politique est refusée avant déploiement. Une route retirée du seed disparaît sans supprimer les routes d'instances encore actives. Une tentative de passage à auth_type none est bloquée.
iam,IAM-08,"Auditer, réconcilier les droits et ouvrir un accès de secours borné","Les mutations produisent audits et faits relayés par une outbox. Le reconciler compare projections et relations, avec un traitement particulier des administrateurs de plateforme. Le break-glass s'active depuis une identité déjà administrateur actif en base locale, sans créer de sujet inconnu pendant la panne. Il a une portée et une expiration ; son rendu assouplit certaines décisions gateway tout en conservant l'authentification. Les écritures IAM et routes avec contrôle system:global restent protégées. La sortie manuelle ou l'expiration déclenche une réconciliation lorsque le service requis est disponible.","Administrateurs de plateforme, exploitation et auditeurs.",/api/v1/admin/audit ; admin_breakglass router ; BreakGlassService.set_break_glass/expire_if_due ; OpenFGAReconciler ; EventOutboxDispatcher.,"AuditLog, AuthzSystemState, EventOutbox et projections OpenFGA.","PostgreSQL, OpenFGA, APISIX et transport actuel Kafka.","IAM et Audit Rust gardent l'intention, le motif, la portée, l'échéance et les preuves d'application. La lecture d'une politique dégradée reste explicite. Le transport sans JVM conserve ordre par ressource et reprise, sans transformer l'audit IAM en preuve de publication de données.","Importer historique utile et état de secours, puis qualifier panne et restauration. Remplacer Kafka avec maintien des clés et identifiants d'événement. Garder les mécanismes de rattrapage jusqu'à convergence des projections.","Une activation expirée n'assouplit plus aucune route même si la boucle de nettoyage tarde. Une personne inactive ne peut activer le secours. Après panne puis reprise, l'audit et le graphe concordent avec les mutations durables."
keycloak,KC-01,Connecter les interfaces Web par authorization code et PKCE,"Le chart déclare le client public de frontend avec standardFlowEnabled, désactive implicitFlow et exige PKCE S256 côté serveur. Les origines et redirections viennent du rendu de la configuration. Le password grant est un opt-in de test partagé ; il n'est pas implicitement activé par le mode développement. Les scopes incluent identité et audience nécessaire au contrôle de la gateway.",Utilisateurs des interfaces Web.,Template realm_clients/_api_client_front.tpl ; endpoints OIDC du realm fournis par Keycloak.,"Realm, client frontend, scopes, audiences et sessions Keycloak.","Frontend, IAM et gateway APISIX.","Conserver authorization code avec PKCE, validation d'audience et logout dans un fournisseur sans JVM. IAM Rust garde les identités métier, et les interfaces TypeScript consomment le protocole OIDC sans dépendre de claims propriétaires non documentés.","Inventorier redirections et claims contractuels, configurer le nouvel issuer puis effectuer une période bornée de double validation. Réauthentifier les utilisateurs à la coupure ; ne pas importer aveuglément des sessions.",Le nouveau login refuse une redirection non déclarée et un code sans vérificateur PKCE. Les appels API ont la bonne audience et les mêmes profils métier après connexion.
keycloak,KC-02,Authentifier CLI et SDK par device authorization,"Le client public cleyrop-cli utilise le device grant, sans redirection ni origine Web et sans standard ou implicit flow. Il délivre des refresh tokens selon les politiques du realm et propose offline_access en scope optionnel. Le PKCE du device grant est piloté par un paramètre dédié ; le template documente que le SDK livré n'envoie pas encore de challenge. Le password grant reste lié à l'opt-in de test.","Utilisateurs CLI, SDK Python et outils interactifs.",Template realm_clients/_cli.tpl ; device authorization et token endpoints du fournisseur.,"Client CLI, demande device, session utilisateur et refresh tokens.","SDK, IdP et API de la plateforme.","Qualifier device grant, polling, expiration et stockage des credentials avec le fournisseur sans JVM. Préserver le lien entre SDK et session utilisateur, en ajoutant PKCE seulement avec une version de client compatible.",Tester l'ancien et le nouveau SDK contre le fournisseur choisi. Versionner le changement PKCE et invalider les anciens refresh tokens lors du retrait d'issuer.,"Une CLI peut terminer le login sur un autre appareil, puis renouveler l'accès. Une demande device expirée échoue et la révocation de session rend le renouvellement impossible."
keycloak,KC-03,Fournir des clients confidentiels et des audiences de service,"Le client API est confidentiel, active les service accounts et déclare scopes et protocol mappers. Le chart définit aussi les clients nécessaires aux intégrations retenues. Les invariants ajoutent l'audience gateway aux clients non déclarés qui doivent appeler les API et le scope profile aux comptes techniques. La configuration de délégation MCP appartient au reconciler IAM, ce qui est une dépendance à migrer en plus des templates du chart.","Services, intégrations et réconciliateurs IAM.","Templates _realm_clients.tpl, realm_clients/_api_client.tpl et _realm_client_scopes.tpl ; invariants.sh pour clients non déclarés.","Clients, secrets référencés, scopes, mappers et comptes techniques du realm.","IAM, APISIX et Kubernetes Secrets.",IAM Rust provisionne des identités de service à portée explicite auprès d'un IdP sans JVM. Un token technique doit conserver une audience limitée et l'acteur lorsqu'il agit par délégation.,"Recenser les clients créés par chart et ceux créés par IAM, puis renouveler secrets et audiences. Remplacer les constructions d'URL Keycloak dans chaque client avant retrait.",Une intégration continue de recevoir un token attendu par sa seule API. Un token sans audience gateway est refusé et une intégration ne peut échanger pour une audience non autorisée.
keycloak,KC-04,"Appliquer politiques de session, MFA et protections du login","La définition du realm déclare politique de mot de passe, lifespans de tokens et sessions, rotation des refresh tokens, protections brute force et headers navigateur. Le flow Jupyterhub peut être conditionné par un rôle. Les invariants rendent le sous-flow MFA du navigateur obligatoire lorsque demandé, et ne relâchent pas un realm déjà renforcé. La définition enregistre les événements de connexion, échec, logout, mot de passe et MFA pour l'exploitation.",Utilisateurs et responsables sécurité.,_realm_definition.tpl ; _realm_auth_flows.tpl ; _realm_events.tpl ; invariants.sh section MFA.,"Politiques et flows du realm, credentials MFA, sessions et événements Keycloak.",IAM pour les écrans d'administration ; Jupyterhub ; IdP.,"Traduire chaque politique dans un modèle de configuration IAM versionné, puis qualifier son effet avec le fournisseur sans JVM. Les facteurs et passkeys dont l'export n'est pas compatible nécessitent un réenrôlement explicite.","Comparer les politiques réellement actives, y compris celles que le chart ne possède pas. Tester MFA, expiration, logout et anti-brute-force ; ne pas annoncer une portabilité automatique des credentials.",Un compte soumis à MFA ne peut terminer le login avec le seul mot de passe. Un déploiement ne relâche pas la politique appliquée. Les bornes de session arrêtent les délégations associées.
keycloak,KC-05,Réconcilier le realm à chaque déploiement et détecter la dérive,"Le Job post-install/post-upgrade exécute wait, import, invariants puis realm-diff dans un ordre imposé par les init containers. Un échec bloque le Job et le déploiement. L'import met à jour les objets déclarés sans supprimer ceux laissés hors configuration. Les invariants traitent notamment profil admin-only, bootstrap, marqueurs de bienvenue, clients à retirer par nom et vérification des credentials. Le CronJob de drift utilise un client en lecture seule ; il ne couvre pas les mappings de rôles des comptes techniques ni le realm master.",Exploitation et automatisation de déploiement.,"Job realm-sync ; CronJob realm-drift ; scripts wait.sh, invariants.sh et realm-diff.sh.","Définition Helm, objets effectifs du realm et résultats de Job ; configuration hors propriété du chart préservée.","Kubernetes, Helm, API Admin Keycloak et keycloak-config-cli JVM.","Un reconciler Rust et des jobs bornés remplacent keycloak-config-cli, l'opérateur et les scripts dépendant de Keycloak. Chaque propriété gérée a une comparaison avant/après et une preuve de convergence ; les extensions clientes restent hors propriété explicite.","Séparer objets possédés, objets seulement lus et exceptions clientes. Porter invariants et drift avant la bascule d'IdP ; supprimer ensuite toutes les images JVM de sync et d'exploitation.",Un écart dans une propriété gérée fait échouer la vérification. Un fournisseur fédéré hors propriété du chart reste intact. Deux applications successives de la même configuration produisent le même état.
keycloak,KC-06,"Personnaliser le login, les emails et les premiers accès","L'image assemble un thème et un plugin JAR. Le realm choisit thème de login et d'email, langues, locale et configuration SMTP via une référence de coffre. Le listener welcome-email est branché aux événements. Lors de la première adoption par le sync, les utilisateurs existants reçoivent un marqueur qui évite un envoi de bienvenue collectif ; les nouvelles identités suivent ensuite le listener. Les invariants protègent aussi les attributs de politique et de bienvenue dans le profil utilisateur.","Utilisateurs, administrateurs de branding et exploitation.",Dockerfile de l'image ; _realm_definition.tpl ; invariants.sh section welcome-email.,"Thèmes, locale, configuration SMTP, attributs de profil et marqueurs de bienvenue.","Thème et plugin partagés, SMTP, IAM et futur Notifications.",Conserver les écrans en TypeScript ou dans un thème supporté par l'IdP sans JVM. Notifications Rust porte l'envoi métier de bienvenue avec déduplication ; le mécanisme de sécurité du mot de passe reste au fournisseur d'identité.,"Inventorier traductions et parcours email sans recopier les paramètres SMTP. Importer les marqueurs de bienvenue et qualifier liens, expiration et changements de langue.",Migrer des comptes existants n'envoie pas de bienvenue en masse. Un nouveau compte reçoit au plus un message métier et le lien de sécurité est valide uniquement dans le contexte attendu.
whitelister,WL-01,Créer et éditer une liste de CIDR admis,"L'API normalise les CIDR, crée une règle ou un lot d'au plus cent, puis expose liste paginée et détail. Les règles manuelles ont init=false ; protected peut être déclaré à la création. Le lot écrit ses règles dans une transaction et refuse une collision d'unicité. PUT et PATCH modifient CIDR ou description ; une règle protégée ne peut être modifiée. Les écritures déclenchent ensuite la synchronisation Kubernetes.",Administrateurs réseau.,POST/GET /api/v1/whitelist ; POST /api/v1/whitelist/bulk ; GET/PUT/PATCH /api/v1/whitelist/{rule_id}.,"WhitelistRule avec CIDR normalisés, description, protected, init et dates en PostgreSQL.",PostgreSQL et contrôleur de ConfigMap ingress.,"Un module de politique réseau Rust conserve les règles désirées, leur version et leur provenance. Le contrôleur Kubernetes applique une génération distincte, de sorte que l'API distingue accepté et appliqué.","Importer les règles manuelles et celles de configuration sans changer leur protection. Conserver normalisation, limites de lot et erreurs, puis basculer l'unique contrôleur de ConfigMap.",Un lot contenant un doublon n'écrit aucune règle. Une règle protected ne peut changer par PATCH. La réponse indique la génération effective lorsque la projection réseau est en retard.
whitelister,WL-02,Refuser le retrait de sa propre plage et des règles protégées,"La suppression distingue introuvable, protégé et auto-exclusion. Une règle protégée donne un refus. Si l'adresse cliente se trouve dans l'un des CIDR de la règle, la suppression est aussi refusée et auditée. L'adresse vient de l'extraction du contexte réseau/proxy. Le code ignore une adresse impossible à parser dans ce contrôle ; le résultat dépend donc aussi de la confiance accordée aux headers proxy.",Administrateurs modifiant la liste d'accès réseau.,DELETE /api/v1/whitelist/{rule_id} ; WhitelistService.delete_rule.,Règle et audit de tentative bloquée ; aucune suppression pour les deux refus métier.,Extraction de l'IP par le proxy et journal d'audit.,Le contrôleur Rust valide l'identité réseau de l'opérateur et la projection simulée avant retrait. Une procédure de secours bornée peut traiter un changement volontaire sans supprimer les garanties de l'API ordinaire.,Reprendre le contrat de refus et qualifier le calcul d'adresse derrière l'ingress réel. Ajouter un plan de changement qui évalue l'accès d'administration restant.,Un opérateur ne peut retirer la plage qui contient son adresse vérifiée. Un header de provenance forgé ne contourne pas ce contrôle. La tentative refusée reste visible dans l'audit.
whitelister,WL-03,Projeter les règles vers l'ingress et réinitialiser la configuration de démarrage,"Le service lit toutes les règles, joint les CIDR puis met à jour une clé d'une ConfigMap Kubernetes. La synchronisation réessaie trois fois avec attente croissante ; après le dernier échec, elle journalise et ne remonte pas l'exception. Une création peut donc être enregistrée en base sans preuve que l'ingress l'a appliquée. POST sync relance cette projection. Au démarrage, les règles init sont supprimées et recréées depuis la configuration, y compris si elles étaient protégées.",Exploitation et automatisation du déploiement.,POST /api/v1/whitelist/sync ; sync_to_kubernetes ; reset_init_rules ; KubernetesService.update_configmap.,État désiré PostgreSQL et ConfigMap appliquée ; règles de démarrage distinctes des règles manuelles.,API Kubernetes et ingress NGINX consommateur de la ConfigMap.,"Un reconciler Rust garde génération désirée, génération observée et erreur durable. L'initialisation calcule un diff et ne traverse pas un état intermédiaire non voulu. Le statut appliqué exige la lecture de la projection effective.",Capturer la ConfigMap et comparer les CIDR normalisés à la base avant transfert. Désactiver l'ancien sync lorsque le nouveau contrôleur devient auteur. Préserver les règles manuelles lors d'un changement de configuration.,"Une panne Kubernetes laisse l'opération pending ou failed, sans succès d'application trompeur. Un redémarrage avec la même configuration ne retire pas temporairement les règles attendues."
whitelister,WL-04,Découvrir les IP de sortie et maintenir leur règle,"Des agents par nœud interrogent un service d'écho et publient leurs observations horodatées en ConfigMap. Le service agrège les IP, ajoute les overrides valides et signale les observations périmées, mais les conserve dans l'ensemble. GET egress-ips déduplique les IP et renvoie origine, nœud, date et warnings. Une boucle peut maintenir une règle protégée pour ces IP. Le rendu CIDR ajoute /32 à chaque IP ; la prise en charge IPv6 nécessite donc une vérification spécifique.",Exploitation et administrateurs d'intégrations externes.,GET /api/v1/egress-ips ; egress_agent ; EgressService.get_all_egress_ips/upsert_egress_rule.,"Observations de nœuds en ConfigMap, overrides et règle protégée PostgreSQL.","Agents Kubernetes, service d'écho, ConfigMap et boucle de synchronisation.","Egress Rust sépare observation réseau et politique des destinations autorisées. Le discovery garde fraîcheur, famille IP et preuve d'observation ; les connecteurs consomment une politique de sortie avec DNS/TLS et borne de périmètre, pas une simple liste d'IP vues.","Porter l'agent sans JVM ou le garder encapsulé, puis publier un contrat IPv4/IPv6 et une politique explicite de péremption. Maintenir les overrides nécessaires pendant le changement de topologie.",Une observation périmée est marquée et son effet suit une politique explicite. Une IPv6 produit un préfixe adapté. Une panne du service d'écho ne transforme pas une ancienne IP en observation fraîche.
whitelister,WL-05,Authentifier les administrateurs réseau et limiter les requêtes,"Quand l'authentification est activée, le middleware exige un bearer vérifié par JWKS, signature, dates, issuer et audience ou azp configurés. Le contrôle de groupes accepte un nom de groupe ou un chemin complet. Les routes exclues et preflights suivent un parcours séparé. Lorsque l'authentification est désactivée, un token peut être vérifié seulement pour attribution d'audit ; l'absence de token n'est alors pas un refus. Les écritures ont une limite de débit et la découverte d'egress une borne spécifique.",Administrateurs réseau authentifiés.,JWTAuthMiddleware.dispatch ; verify_access_token ; décorateurs limiter des routes.,Utilisateur vérifié dans request.state ; cache de groupes requis et validation JWKS.,"OIDC/JWKS, proxy et futur broker IAM.","IAM Rust fournit une permission d'administration réseau explicite. Le service vérifie issuer, audience, sujet actif et décision ; le mode sans authentification reste une configuration isolée et déclarée, jamais une dégradation automatique.",Remplacer les groupes Keycloak par des relations métier sans perdre l'accès de secours prévu. Mettre à jour l'issuer/JWKS avec les autres services et qualifier les chemins de santé exclus.,"Un JWT avec mauvaise signature, issuer ou audience est refusé. Un membre d'un groupe de nom voisin n'obtient pas le droit. Une panne du fournisseur ne désactive pas l'authentification."
whitelister,WL-06,Consulter les audits et distinguer santé de base et état réseau,"Les opérations et refus alimentent un journal avec action, IP cliente, utilisateur et règle. Les routes listent avec filtres et pagination puis rendent un détail. Le helper général d'audit journalise et absorbe les erreurs d'écriture ; une action peut donc réussir sans audit durable confirmé. Le health contrôle une requête PostgreSQL, pas l'état effectif de l'ingress. Les métriques Prometheus sont exposées séparément.","Exploitation, support et auditeurs.",GET /api/v1/audit ; GET /api/v1/audit/{log_id} ; GET /api/v1/health ; /metrics.,AuditLog PostgreSQL et métriques de processus ; pas de génération réseau acquittée dans le contrat lu.,"PostgreSQL, métriques Prometheus et contrôleur Kubernetes.","Audit Rust conserve intention et résultat dans une transaction durable ; le contrôleur rapporte séparément application Kubernetes. La santé distingue API, base, retard de projection et découverte réseau.",Importer l'audit existant avec sa complétude déclarée. Ajouter identifiants de changement et reçus d'application avant de couper l'ancien service.,Une panne de journal n'est pas présentée comme une action intégralement auditée. Une base disponible et un ingress non synchronisé produisent deux états distincts. Un filtre ne révèle pas de secrets réseau ou credentials.
data-collect,DC-01,Enregistrer et faire évoluer une datasource,"Une datasource porte un UUID, un nom, une description, un propriétaire, une sensibilité, un connecteur, un état et un historique. Le DTO de création permet un propriétaire explicite et applique ses propres valeurs par défaut. Le manager du connecteur construit les descripteurs initiaux. La modification conserve les secrets laissés vides et interdit de changer de type de connecteur. La suppression retire les liens projet et les configurations de collecte, demande la suppression des imports, puis émet les événements de suppression. La création publie un fait de propriété et attend sa visibilité dans IAM. Les erreurs métier ne suivent pas toutes la même convention HTTP, certains handlers renvoient null puis 400.","Gestionnaires de sources, propriétaires, administrateurs et créations automatiques depuis un dépôt.",POST /datasources ; GET /datasources/{id} ; PUT /datasources/{id} ; DELETE /datasources/{id}.,"DataSource, Connector, ResourceDescriptor, DataSourceHistory et UsageRecord en PostgreSQL. SUCCESS, WARNING et FAILURE décrivent la source.","ConnectorFactory ; stockage objet des imports ; événements DatasourceCreateEvent, DatasourceUpdateEvent, DatasourceDeleteEvent ; IAM pour la visibilité du propriétaire.","Connectors devient propriétaire des définitions de connexion en Rust. Datasets référence leur UUID et une révision immuable de configuration. Toute opération possède un identifiant idempotent, un acteur et un tenant.",Importer les UUID et les références existantes. Séparer la désactivation de source de la suppression physique des données. Fournir un adaptateur de routes et expliciter les erreurs de création et de modification.,"Créer une source, modifier sa description sans renvoyer son secret, puis relire ses capacités. Une modification de type est refusée. Supprimer une source liée produit un état de retrait traçable sans supprimer une édition publiée."
data-collect,DC-02,Chercher des sources accessibles et les exposer à la bibliothèque Python,"La liste combine recherche textuelle, tri, pagination, projet, types de connecteurs, sensibilités et statuts des demandes. Elle récupère les UUID candidats puis interroge IAM avant la pagination visible. Le mode notRequested suit un parcours distinct où visibleIds reste null. Les UUID de projet entrants sont traduits vers les anciennes clés de stockage. La bibliothèque Python dispose d'une route propre qui ne retient que les sources acceptées dans le projet et applique la même visibilité IAM. Une ancienne variante sélectionnée par User-Agent pylib subsiste et est dépréciée.","Utilisateurs de catalogue, membres de projets, notebooks et bibliothèque Python.",GET /datasources ; GET /lib/datasources?projectId=... ; ancienne variante GET /datasources sélectionnée par User-Agent.,"Permissions projet, miroirs de projets, correspondances IAM/legacy et pagination calculée sur les candidats autorisés.",IamDatasourceVisibilityClient et ProjectIdMap ; contrats consommés par les frontends et les bibliothèques.,Catalog et Connectors servent une recherche filtrée par IAM avec pagination stable. Le SDK Python consomme les mêmes identifiants canoniques et ne reçoit aucune capacité de connexion permanente.,Conserver les filtres et formes de réponse du SDK pendant la transition. Retirer la sélection par User-Agent après migration des clients. Définir le contrat exact de notRequested avant sa reprise.,Un membre voit seulement les sources autorisées sur chaque page et dans le SDK. Les totaux reflètent ce filtrage. Un même projet envoyé sous son ancien ou son nouvel UUID ne crée pas deux partitions de droits.
data-collect,DC-03,Demander et décider un accès projet à une source,"Un membre demande l'activation d'une source dans un projet avec un commentaire. Le handler réutilise une demande déjà acceptée ou en attente ; une demande refusée permet une nouvelle demande. Il stocke le demandeur et le projet, émet un événement de permission, notifie la demande et abonne le demandeur aux réponses INAPP. Le décideur ne peut fixer que ACCEPTED ou REFUSED et ajoute justification, date et validateur. L'acceptation publie un fait de lien, le refus un fait de révocation. Une route liste les demandes filtrées et paginées.","Membres de projet, responsables de sources et administrateurs selon les routes IAM.",POST /datasources/{id}/projects/{projectId} ; POST /datasources/permissions/{permissionId}/{permission} ; GET /datasources/permissions.,"DataSourceProjectPermission : REQUESTED, ACCEPTED ou REFUSED ; auteur, commentaire, validateur, justification et horodatages.",Notifications de demande/réponse ; abonnement automatique ; IAM reçoit les faits de lien via outbox.,"IAM tranche les droits, Connectors garde le workflow de demande et Audit son historique. Le lien approuvé donne un droit d'usage, sans exposer les credentials au projet.",Reprendre les demandes actives et les décisions passées en conservant les identifiants. Dédupliquer par source/projet/demande et reconstruire les faits IAM avant bascule.,Deux envois d'une demande active retournent le même dossier. Un refus motivé laisse une trace et permet une nouvelle demande. Une acceptation devient visible dans le SDK puis une révocation retire l'accès.
data-collect,DC-04,Auditer les changements et compter les sources et propriétaires,"L'historique présente les créations et modifications, de la plus récente à la plus ancienne. Les changements conservent les valeurs avant/après des champs non secrets ; un changement de secret conserve seulement le nom du champ concerné. La recherche peut porter sur les champs modifiés et leurs valeurs. Les routes KPI de source et de dépôt renvoient des comptages. Le contrôle de propriétaire consulte séparément les sources et les datasets publics pour préparer les transferts de propriété.","Propriétaires, administrateurs, parcours de départ utilisateur et support.",GET /datasources/{id}/history ; GET /kpi/datasources ; GET /sftp-accesses/kpi ; GET /users/{userId}/check-owner.,DataSourceHistory et DataSourceFieldChange ; journaux UsageRecord ; relations de propriété.,"Repositories de sources, collectes et dépôts ; miroirs des auteurs.","Audit conserve des événements signés logiquement par acteur, commande et révision. Catalog fournit les compteurs avec une définition de périmètre tenant. IAM utilise un inventaire de propriété pour les départs.",Convertir les historiques existants sans réintroduire les anciennes valeurs secrètes. Versionner les noms de champs recherchables et conserver les références d'auteur même après désactivation.,Une rotation de credential apparaît dans l'historique sans valeur avant/après. Une recherche sur connector.host retrouve les modifications attendues. Les compteurs restent limités au tenant demandé.
data-collect,DC-05,Tester une connexion et réutiliser un secret masqué,"Le test d'une nouvelle connexion reçoit un ConnectorDTO. Le test d'une source persistée utilise une route portant l'UUID ; le paramètre historique datasourceId sur la route générale est refusé en 422. Pour une source existante, les secrets vides sont remplacés par les secrets stockés, puis le manager vérifie la connexion. Le résultat expose un booléen et une catégorie d'erreur, sans renvoyer le message brut d'exception. Les DTO sortants passent par maskSecrets. Les secrets vides lors d'une modification ont aussi une sémantique de conservation.",Créateurs et gestionnaires de connexions.,POST /datasources/check ; POST /datasources/{id}/check ; Connector.toDTO ; Connector.withStoredSecrets.,Configuration soumise et éventuelle configuration persistée ; absence de mutation de la définition requise pour un simple test.,"Managers JDBC, SFTP, S3 et HTTP ; catalogue ConnectionErrorType ; credentials déchiffrés côté service.",Connectors exécute un test borné avec la révision et la référence de secret autorisées. Egress décide les destinations et Audit consigne la catégorie d'échec sans credential.,Conserver le contrat de masquage et le comportement des champs vides. Remplacer ce mécanisme ambigu à terme par une commande explicite preserve/replace/clear.,Un test sur une source masquée réussit avec son secret stocké ; un nouvel endpoint arbitraire ne peut pas réutiliser un secret non autorisé. Un refus distant retourne une catégorie stable sans texte confidentiel.
data-collect,DC-06,Chiffrer et faire tourner les credentials de connexion,"Les nouveaux credentials utilisent une enveloppe AES-GCM versionnée avec identifiant de génération, nonce aléatoire et données associées. Le décodeur sait encore lire l'ancien format CBC. Une génération précédente peut coexister avec l'actuelle ; la sélection de clé legacy devient explicite en présence des deux. La rotation vérifie même une enveloppe déjà courante. Le ré-encrypteur parcourt les champs de secrets et les entrées API headers/params/body dans le JSON persistant. Une donnée illisible lève une erreur contextualisée par chemin, sans la convertir en chaîne vide.",Opérateurs de secrets et migration de connexions.,AttributeEncryptor.encoder/decoder/rotate ; DatasourceCredentialReEncryptor.reEncrypt ; runner de ré-encryption.,"Payload JSON datasource chiffré, générations actuelle et précédente ; l'enveloppe porte la version et la clé logique.",Secrets de déploiement ; partage historique de la clé avec data-dev signalé dans AGENTS.md.,"Connectors et IAM utilisent des références de secrets. Un module Rust de compatibilité déchiffre les enveloppes existantes, puis les migre vers un stockage de secrets avec génération, droits et journaux de rotation.","Lire le guide de rotation avant toute opération. Migrer par lots vérifiables et ré-exécutables, conserver l'ancienne génération jusqu'à preuve que tous les lecteurs ont basculé, puis révoquer.",Une enveloppe de chaque génération connue reste lisible pendant la transition. Une altération est rejetée. Relancer un lot ne modifie pas une enveloppe déjà validée et aucun journal ne contient le secret.
data-collect,DC-07,Découvrir et extraire les tables SQL,"Le manager JDBC découvre schémas, tables et vues, normalise les types de table et conserve les UUID de descripteurs lors d'une redécouverte. Il applique des règles propres à PostgreSQL, MySQL, SQL Server, Oracle et Snowflake, y compris certaines vues matérialisées ou tables externes. Le preview lit un nombre limité de lignes. L'import lit un flux JDBC, écrit un fichier Parquet local compressé puis l'envoie au bucket d'import. Les comptes de lignes et colonnes sont recalculés séparément. BIGQUERY est déclaré mais sa sélection de driver est vide dans le code audité ; son fonctionnement ne peut pas être affirmé.","Analystes qui importent des tables, gestionnaires de connexions SQL et workers de collecte.",GET /datasources/{id}/resources ; GET /datasources/{id}/datasets/query ; JdbcConnectorManager.list/read/import.,"TableDescriptor avec table, schéma, type et identifiant stable ; schémas inférés ; Parquet temporaire et objet d'import.",Drivers JDBC et bibliothèques Parquet/Hadoop JVM ; bases externes ; stockage compatible S3.,"Connectors fournit des lecteurs Rust ou des tiers Go/C++ encapsulés et qualifiés par moteur. Writer transforme des lots bornés en fichiers immuables, sans droit REST Iceberg générique. Publisher publie les éditions TABLE/INCREMENTAL.","Construire une matrice de qualification par moteur, type de colonne, pagination et stratégie snapshot. Remplacer les drivers JVM un par un ; ne pas déclarer BIGQUERY pris en charge sans un adaptateur exécutable.","Pour chaque moteur retenu, importer une table avec décimaux, valeurs nulles, fuseaux et noms de colonnes particuliers. Comparer lignes, types et valeurs à une extraction de référence et vérifier une reprise sans doublon."
data-collect,DC-08,Valider une requête SQL personnalisée sur une table,"Une configuration SQL peut fournir customQuery. Le validateur parse exactement une instruction SELECT simple. Il refuse les JOIN, les CTE et les sous-requêtes et exige que la table, et le schéma quand il est connu, correspondent au descripteur sélectionné. Le preview et la création appellent cette validation. Les colonnes peuvent être inférées à partir des métadonnées du résultat, puis l'import utilise la requête. Ce contrat n'est donc pas un moteur SQL général ni une garantie de lecture sans effet propre au compte distant.",Analystes et auteurs de configurations de collecte SQL.,Champ customQuery des configurations SQL ; routes datasets/preview et datasets/headers ; CustomQueryValidator.validate.,"Requête rattachée au dataset et schéma calculé sur son résultat, avec descripteur de la table source.","JSQLParser, métadonnées JDBC et compte distant.",Connectors possède un sous-langage de lecture explicite et validé. Les transformations SQL générales appartiennent à Flows/Query. Le compte externe est en lecture seule et Egress borne la durée et les volumes.,Versionner la grammaire et reprendre les requêtes acceptées sans élargir silencieusement leurs droits. Prévoir une migration explicite vers Flows pour les demandes de jointure.,"Une projection filtrée de la table sélectionnée est acceptée. Une seconde instruction, un JOIN, une CTE ou une table différente est refusé avant toute exécution distante."
data-collect,DC-09,Appeler des API avec authentification et reprises HTTP,"Le connecteur API combine URL de base, endpoint, paramètres, en-têtes et méthode. L'authentification peut être absente, Basic ou fondée sur un endpoint de jeton. Ce dernier accepte GET/POST et injecte le token dans un header ou un paramètre selon un motif ; le cache tient compte d'une durée de vie fournie. Le transport distingue refus d'identité, refus d'accès, absence d'endpoint, timeout et autres statuts. Il réessaie selon un budget de temps et une politique de backoff, interprète Retry-After et peut invalider un token sur 401. Les téléchargements consomment un flux et suppriment un fichier partiel lors d'un échec.",Gestionnaires de connexions HTTP et collectes de données SaaS.,APIConnectorManager ; ApiAuthenticator ; HttpGateway.exchange/download ; routes de test et preview.,"Définition de connexion, configuration par dataset, cache de jetons et fichier temporaire pour les octets.","API distante, endpoint de token et client HTTP mutualisé.","Connectors implémente les mêmes modes avec références de secrets, requêtes bornées et catégories d'erreur stables. Egress autorise URL, redirections et hôtes de token avant chaque connexion.",Conserver les options effectivement utilisées et établir des tests de contrat par méthode et fournisseur. Séparer les paramètres secrets des paramètres de données pour le masquage et l'audit.,"Une réponse 401 provoque au plus le renouvellement prévu, un 429 respecte son délai dans le budget, et un flux interrompu ne laisse aucun fichier réutilisable comme un résultat complet."
data-collect,DC-10,Parcourir les pages API sans perdre le contrat de source,"Le résolveur propose absence de pagination, numéros de page, offset, curseur, lien de corps, Link HTTP et OData. SAP OData v2 possède sa stratégie propre ; les autres usages OData passent par l'autre implémentation. L'URL effective provient de la configuration du dataset, du template versionné ou de la source. Le résolveur de liens accepte aussi des liens absolus. Il faut donc distinguer les protections de certaines découvertes fournisseur du contrôle général des destinations, qui n'est pas complet dans le code lu.","Collectes HTTP volumineuses, créateurs de connecteurs et opérateurs de reprise.","PaginationConfig ; PaginationStrategyResolver.resolve ; stratégies PageBased, OffsetBased, CursorBased, LinkBased, HeaderLinkBased, OData et ODataV2.",Paramètres de pagination dans ConfigConnector ; pages assemblées en fichier local de collecte.,"API fournisseur, headers de réponse et curseurs distants.","Connectors décrit un checkpoint source/epoch/range lié au run. Chaque run borne pages, octets et temps. Publisher publie l'édition et son checkpoint avant l'acquittement ; un curseur de commande PostgreSQL ne devient jamais le checkpoint publié autoritaire.","Rejouer les configurations de pagination existantes avec fixtures déterministes. Ajouter la détection de boucle, une limite de pages et une politique explicite des liens absolus et changements d'origine.",Un lien suivant cyclique interrompt la collecte avec une erreur exploitable. Une reprise après publication reconnaît le checkpoint publié ; une interruption avant publication ne fait pas avancer la source.
data-collect,DC-11,Découvrir des API métier et figer leur version,"Salesforce, Business Central, Dynamics, SAP et SharePoint ont des versions connues et des templates dédiés. Les routes servent versions, parents, entités et colonnes. Les parents représentent notamment des sociétés ou services selon le fournisseur. La création et certains previews figent la version de lecture. Une incompatibilité fournisseur/configuration typée lève une erreur. Le catalogue seul ne prouve pas l'activation : CreateDataSourceCommandHandler interdit MS_DYNAMICS et SAP_S4HANA. Jira utilise le chemin API générique avec Basic à partir de ses champs ; CLEYROP accepte un token historique ou client_credentials.",Créateurs de sources SaaS et auteurs de configurations de lecture.,GET /connectors/{connectorType}/versions ; GET /datasources/{id}/parents ; GET /datasources/{id}/entities ; GET /datasources/{id}/entities/{entityName}/columns.,"Version API de connexion et de lecture ; noms d'entités, parents et colonnes ; configurations typées propres à chaque fournisseur.","Templates versionnés, API de découverte, token endpoints et parseur EDMX.","Connectors expose un registre versionné de capacités, avec état implémenté/activé/qualifié et contraintes fournisseur. Le domaine Rust conserve des contrats de lecture distincts de la découverte.",Reprendre chaque configuration avec sa version explicite. Maintenir les connecteurs interdits hors du catalogue utilisable tant qu'un ticket de qualification ne les rouvre. Ne pas transformer le support de DTO en promesse produit.,Une source Salesforce choisie dans une version reconnue conserve cette version après changement du défaut du registre. Une configuration SAP ne peut pas s'exécuter sur un connecteur d'un autre fournisseur.
data-collect,DC-12,Parcourir et lire des documents SharePoint,"SharePoint utilise OAuth client_credentials et un template Graph v1.0. Le résolveur découvre les drives du site. La stratégie fichier distingue la navigation des dossiers, les métadonnées et le téléchargement binaire ; elle fournit des informations de modification et de validation telles que quickXorHash/cTag. Les nextLink Graph doivent rester sous la racine configurée. Les URL de téléchargement pré-signées passent dans un transport séparé sans en-têtes d'authentification de l'API. Les mêmes documents peuvent servir à une collecte tabulaire ou au contenu de corpus IA.","Gestionnaires de documents, collecte et ingestion de corpus.",Routes de listing et de contenu ingestion ; SharepointV1FileStrategy ; SharepointV1DriveResolver.,"Drives et chemins SharePoint, métadonnées enrichies, génération de listing et fichier téléchargé temporaire.","Microsoft Graph, fournisseur OAuth et hôte de téléchargement pré-signé.",Connectors fournit un adaptateur SharePoint Rust avec policy Egress distincte pour Graph et les URL de contenu. Files produit un FILESET immuable ou Writer une TABLE selon le parcours ; Embeddings épingle le FILESET publié.,"Conserver les identifiants de drives, les chemins et les validateurs. Encapsuler les credentials et qualifier les renommages, suppressions, permissions retirées et téléchargements expirés.",Un document non modifié évite son transfert ; un document changé pendant le téléchargement porte l'empreinte des octets servis. Une redirection vers une destination non autorisée échoue sans transmettre de token Graph.
data-collect,DC-13,"Collecter les fichiers SFTP, dépôt et S3","La factory instancie des managers fichier dédiés à SFTP/dépôt et S3. SFTP emploie une clé du service et sa configuration de source ; dépôt partage ce transport. S3 porte endpoint, région, bucket, préfixe et credentials. Les managers exposent découverte, lecture, enrichissement des métadonnées et import. Le listing de navigation traite un niveau de dossier et peut résoudre un chemin de fichier. Les descripteurs sont réconciliés pour conserver leurs identifiants et états. La configuration de source garde une règle de sélection des fichiers distincte du format de lecture.","Producteurs de fichiers, partenaires SFTP et analystes.",POST /datasources/{id}/files ; SftpConnectorManager ; S3ConnectorManager ; FileConnectorManager.,"FileDescriptor, chemin relatif, taille, date, statut, checksum ; ressources persistées et cache temporaire distant.","Serveurs SFTP, S3 compatible, stockage import interne et clé SSH de service.",Connectors implémente la découverte et la lecture bornée ; Files conserve des objets immuables. Une collecte ne supprime ni ne renomme un fichier externe avant que l'édition gouvernée et son checkpoint soient publiés.,"Qualifier séparément les chemins, encodages, host keys SSH, S3 compatible et la reprise d'un transfert. Remplacer les connexions en cache propres au processus par des workers fongibles capables de reprendre depuis un journal.",Une interruption au milieu d'un fichier ne le marque pas traité. Un fichier externe renommé ou modifié ne réutilise pas un résultat audité appartenant à d'autres octets. Le worker de remplacement termine avec le même identifiant de run.
data-collect,DC-14,Téléverser un fichier local par morceaux,"Le endpoint multipart reçoit un morceau et les positions Content-Range-Start, End et Max. Le service place les octets dans un répertoire temporaire propre à la source avec nom normalisé. Il exige que la longueur actuelle corresponde au début du morceau et que la taille après ajout soit strictement inférieure à la limite. Le descripteur n'est produit qu'à la fin. Une suppression retire un fichier ou tous les fichiers de la source. Un contrôle asynchrone compare ensuite le fichier au schéma du premier dataset associé et émet un message de conflit, de changement de schéma ou de succès.",Utilisateurs du frontend important un fichier local.,POST /datasources/{id}/uploadFiles ; DELETE /datasources/{id}/files ; CheckFileAsynchCommandHandler.,"Fichier partiel dans le stockage temporaire, puis FileDescriptor persistant ; positions des morceaux fournies par le client.",Volume temporaire du pod ; normalisation de nom ; notification Socket.IO via événements de contrôle fichier.,"Files possède une session d'upload durable avec identifiant, taille attendue, empreintes des morceaux, reprise et finalisation atomique. Connectors/Writer consomment seulement un objet finalisé immuable.","Conserver une façade compatible pour le frontend, mais enregistrer les sessions dans le plan de contrôle et les morceaux dans le stockage objet. Ne plus dépendre du pod initial pour terminer le transfert.","Un morceau manquant ou répété avec d'autres octets est refusé sans corruption. Après remplacement du worker, l'upload reprend. Le résultat final porte une empreinte et le contrôle asynchrone correspond à la bonne session."
data-collect,DC-15,Paginer une arborescence et mettre en cache sa génération,"La navigation se distingue de l'inventaire utilisé pour la lecture d'un tableur. La requête valide skip non négatif et limit positif. La navigation génère un scope par source, chemin normalisé et filtres. Le cache PostgreSQL stocke une génération ordonnée, un total et des métadonnées enrichies. Le rafraîchissement prend un verrou de scope et remplace la génération ; les pages non initiales réutilisent la génération courante. Une tâche supprime les générations expirées/supplantées avec délai de garde. Les sources LOCAL n'acceptent pas le parcours générique de navigation sans format.","Explorateurs de fichiers, frontend et ingestion de corpus.",POST /datasources/{id}/files ; RequestFilesDTO ; FolderListingService.serveFromCache/listFromSource/sweep.,"FolderListingScope, génération, entrées ordinales, total, expiration et remplacement ; cache distinct des descripteurs métier.",PostgreSQL pour cache/verrou et manager du connecteur pour parcourir le dossier.,Connectors sert des pages attachées à un identifiant explicite de génération et un budget d'entrées. Les clients peuvent terminer une génération même si une autre a été reconstruite.,"Préserver tri, total et enrichissements, puis remplacer skip/limit par un curseur versionné sans ambiguïté. Documenter qu'un listing n'est pas un snapshot transactionnel de la source distante.",Le lecteur qui commence une pagination puis observe un rafraîchissement concurrent ne mélange pas deux générations. Un dossier dépassant le budget retourne une erreur définie et ne bloque pas les autres sources.
data-collect,DC-16,Lire les formats et appliquer les préparations d'import,"La factory couvre CSV, tableur XLSX, JSON, XML et Parquet. Les DTO configurent encodage, suffixes/MIME, limite de preview et, selon le format, compression, séparateur CSV, feuille, présence d'en-tête, lignes et colonnes ignorées, trim ou chemin JSON/XML. Les préparations comprennent transposition et ajout de nom de fichier, URL, date ou horodatage d'import. Le domaine expose NONE et GZIP pour la compression. withStandardizeColumns apparaît dans le DTO mais n'est pas converti en préparation dans AdvancedOptionsDTO.toPreparations. Les valeurs par défaut MIME/suffixes de Parquet/XML pointent vers la configuration JSON dans les DTO lus.",Analystes configurant une collecte et lecteurs de fichiers.,FormatConfigDTO et ses variantes ; GET /datasources/format/default ; AdvancedOptionsDTO ; FormatFactoryImpl.,"FileFormat, ConfigConnector, Preparations ordonnées et TargetSchema.","Parseurs CSV, XLSX, JSON, XML, Parquet ; cache de fichiers et détection de types.",Writer et Connectors partagent des codecs Rust bornés en mémoire et en octets décompressés. La configuration de lecture et les préparations deviennent une révision immuable liée à l'audit du candidat.,"Constituer des fixtures par format et option, y compris fichiers malformés et limites de décompression. Décider explicitement du comportement de standardisation et corriger les defaults suspects après mesure de compatibilité.","Chaque fixture produit les mêmes colonnes et valeurs utiles dans preview et import. Un séparateur invalide, une feuille absente, un chemin JSON invalide et une expansion démesurée échouent avec des erreurs stables."
data-collect,DC-17,Prévisualiser les données et contrôler les colonnes,"Le preview distingue SQL, fichier et API. SQL redécouvre la table, valide une éventuelle customQuery et applique les préparations. Le fichier se résout par chemin de référence, peut imposer un schéma et fournir un arbre JSON. L'API actualise ses descripteurs puis renvoie frame, arbre JSON et chemin de base. Le endpoint headers accepte SQL ou API, avec métadonnées SQL ou arbre JSON. Le contrôle d'en-têtes rejette les doublons sans tenir compte de la casse, les noms trop longs, les types incompatibles et les erreurs de lecture ; il renvoie un RestError en 400.",Analystes pendant la configuration d'un dataset.,POST /datasources/{id}/datasets/preview ; POST /datasources/{id}/datasets/headers ; POST /datasources/{id}/datasets/check-headers ; POST /datasources/{id}/datasets/sheetNames.,"DataFrame, TabularSchema, JsonDatasetHeaders, préparations et descripteurs actualisés lors de certains previews.",Managers et parseurs ; source externe ; paramètres de limite d'en-tête et de transposition.,"Connectors exécute des previews bornés et Writer utilise les mêmes conversions. Datasets conserve le schéma proposé et les écarts, sans confondre un échantillon valide avec la validation du candidat complet.",Préserver les discriminants de réponse SQL/JSON et les noms d'erreurs frontend. Séparer l'inférence d'échantillon de la validation de publication.,Un échantillon avec colonnes A et a échoue comme doublon. Un type compatible dans le preview mais invalide plus loin dans le fichier empêche la publication et laisse un rapport lié au candidat.
data-collect,DC-18,Créer une collecte et suivre son exécution distribuée,"La création de collecte arrive par les contrats internes. Elle enregistre d'abord un DatasetCollect avec des opérations WAITING, puis construit la configuration fichier, API ou SQL. Elle infère le schéma si nécessaire et planifie un import asynchrone, sauf en mode PLANNED. Les empreintes initiales persistées sont vidées tant que l'import n'est pas acquis. L'import met l'ingestion en RUNNING, prépare les octets et publie CollectUpdatedEvent pour la suite du traitement. La fin d'exécution reçue depuis process-data déclenche la finalisation et, en échec, la notification de collecte.","Auteurs de datasets, commandes data-dev, data-model et process-data.",CreateCollectFromDatasourceCommandHandler ; CollectInitCommandHandler ; CollectUpdatedEvent ; ProcessDataEventHandlerKafkaConsumer.,"DatasetCollect, ancienne configuration, schéma cible, CollectScheduled et états des opérations ingestion/process.","Kafka/Protobuf, data-dev, data-model, process-data, stockage import et notification-center.","Flows ordonne un run borné ; Connectors lit, Writer prépare un candidat immuable, Audit le vérifie et Publisher publie. Les événements d'avancement ne remplacent pas le reçu de publication. Les sorties sont une édition Iceberg autoritaire.","Reconstituer la machine d'états et ses transitions avant de déplacer les producteurs. Maintenir un adaptateur événementiel temporaire, puis remplacer la chaîne JVM par des commandes et reçus Rust idempotents.","Une panne entre upload et lancement du traitement laisse un run reprenable, sans fausse réussite. Une panne après publication et avant ack reconnaît la même édition et n'en publie pas une seconde."
data-collect,DC-19,Rafraîchir un dataset avec règles de schéma et de doublons,"Le rafraîchissement peut changer fréquence et type APPEND/OVERRIDE. Les fichiers ont contrôles de format, schéma et checksum ; APPEND peut importer les fichiers valides en émettant WARNING si certains sont ignorés, alors que OVERRIDE échoue si un fichier a un schéma invalide. Les API JSON ne passent pas par le même contrôle de checksum. Le SQL relit les colonnes vivantes : STRICT_FIXED détecte colonnes absentes, nouvelles ou de type différent ; PERMISSIVE_FIXED tolère certaines différences et peut autoriser les casts implicites ; MERGE et REPLACE ne produisent pas ces conflits préalables. Une source vide ou déjà traitée possède une issue distincte.",Utilisateurs du rafraîchissement manuel et déclencheurs de collecte.,POST /datasets/{id}/refresh ; UpdateCollectCommandHandler ; TriggerOperationCommandHandlerUpdate.,"RefreshType, SchemaMode, sourceConfig courante et ancienne, checksums et états WARNING/FAILURE/SKIPPED.",Data-model pour les changements de schéma et datasets vidés ; process-data pour matérialisation ; notifications de conflit.,Datasets versionne le contrat de schéma ; Writer produit un candidat APPEND ou remplacement sous WAP. Publisher avance la référence publiée seulement après Audit. Les empreintes deviennent des preuves sur octets immuables et les checkpoints publiés décrivent les entrées acquises.,"Reprendre les quatre modes de schéma avec une table de compatibilité explicite. Remplacer la notion de fichier traité stockée dans une ancienne config par des participants/checkpoints de publication, en conservant l'historique de provenance.",Une collecte APPEND contenant un fichier déjà traité et un fichier neuf n'ajoute que le second. Une incompatibilité STRICT_FIXED bloque la publication ; une évolution MERGE suit la politique de gouvernance et garde l'édition précédente lisible.
data-collect,DC-20,Planifier les collectes et maîtriser leurs tentatives,"Les fréquences sont MANUAL, PLANNED et RECURRENT ; SchedulerCollect porte cron, fuseau et politique de reprise. Quartz utilise un store JDBC clusterisé et un trigger de retry persistant propre au service. Les opérations ont un UUID différent de celui du dataset, demandent la récupération après panne et exécutent un job non concurrent pour la même clé. Le résultat décide d'arrêter le trigger, de réessayer ou de finaliser à épuisement. Une garde d'admission en mémoire évite pendant cinq secondes deux soumissions du même dataset, sans verrou partagé entre pods. Une nouvelle demande annule les opérations pendantes du dataset.","Utilisateurs de schedules, déclencheurs et opérateurs.",Événements ScheduleEvent ; SchedulerServiceQuartzImpl ; DatasetScheduledJob ; DatasetServiceAsyncJob ; IngestionRetryTrigger.,CollectScheduled et tables Quartz PostgreSQL ; cron/fuseau/politique ; compteur de tentatives persistant ; garde locale éphémère.,"PostgreSQL, Quartz, data-model et planification Spring au démarrage.","Flows conserve en PostgreSQL les schedules et commandes de run, avec lease, deadline, retry budget et fencing applicatif. Les workers restent fongibles. Une occurrence planifiée a une clé idempotente distincte de l'édition publiée.","Exporter les schedules et leurs fuseaux, comparer les prochaines occurrences, drainer les tentatives Quartz puis activer le scheduler Rust sur une frontière de temps. Ne pas compter la garde locale comme garantie de concurrence cible.","À deux schedulers concurrents, une seule commande existe pour une occurrence. Un worker mort peut être remplacé sans double publication. Les changements d'heure et les retries conservent le nombre et l'ordre d'occurrences attendus."
data-collect,DC-21,Préparer les objets d'import et les nettoyer après exécution,"Les imports s'écrivent dans un bucket compatible S3 sous un nom d'objet de dataset. Le writer courant supprime le BOM UTF-8 quand il est présent. À la fin de la collecte, le nettoyage parcourt les objets du préfixe et supprime ceux antérieurs au seuil temporel ; il garde ceux déposés après ce seuil pour éviter d'effacer une nouvelle tentative. Les fichiers locaux d'une source peuvent aussi être retirés. Le nettoyage est asynchrone et journalise les échecs sans mécanisme de publication Iceberg dans ce writer.",Workers de collecte et maintenance des imports temporaires.,S3ObjectWriter.import/deleteAllForDataset ; ConnectorFactoryImpl.deleteImport ; CollectFinishCommandHandler.,Objets temporaires S3 et fichiers locaux ; cutoff stagedBefore et configurations de collecte.,"Bucket d'import, API S3 et retour process-data.","Writer de confiance crée uniquement des fichiers immuables et médie le staging. Publisher médie les commits et la publication. Le worker n'obtient pas table.modify REST, qui inclut aussi drop. Audit lie sa preuve au candidat sans réécrire origin.* par fast-forward. Maintenance supprime sur plan audité avec garde de rétention.","Remplacer les préfixes partagés et cutoffs temporels par des identifiants run/attempt, manifests et reçus. Conserver l'ancien nettoyage pour ses objets legacy seulement jusqu'au drainage.",Une ancienne tentative terminée ne peut effacer les fichiers d'une nouvelle. Une preuve d'audit reste liée aux mêmes octets. Un worker ne peut pas commit/drop une table via le catalogue ; seul Publisher peut rendre l'édition visible.
data-collect,DC-22,Fournir les fichiers à une ingestion de corpus IA,"Deux routes spécialisées listent les fichiers et téléchargent un fichier au nom d'un utilisateur et d'un projet. Elles appellent un contrôle IAM résiduel avant tout accès aux octets. Le téléchargement exige un connecteur FILE et un manager FileContentFetcher. Il consulte les métadonnées avant de décider un 304 sur If-None-Match. Sinon il télécharge dans un fichier temporaire, calcule quickXor sur les octets et relit les métadonnées si le validateur annoncé ne correspond pas. La réponse expose contenu, taille, MIME, date, ETag et digest selon disponibilité.","ai-gen-assistant en délégation d'un utilisateur, projets et ingestion de documents.",POST /datasources/{id}/ingestion/files?userId=...&projectId=... ; GET /datasources/{id}/ingestion/files/content avec path et If-None-Match.,"Métadonnées de source, validateur conditionnel, fichier temporaire et empreinte réelle des octets servis.","IAM on-behalf-of, source S3/SFTP/SharePoint selon capacité du manager, corpus IA consommateur.","Connectors et Files servent une délégation bornée à une ressource et un run. Le corpus référence une édition FILESET publiée, puis Embeddings une édition EMBEDDINGS avec provenance vers ses fichiers. Les credentials ne traversent pas vers l'assistant.","Conserver le protocole conditionnel pour réduire les transferts, mais rattacher chaque document et son digest au manifest immuable. Passer les paramètres de délégation dans une autorisation signée vérifiée par IAM.",Un utilisateur retiré du projet ne peut plus lister ni lire les octets par le service IA. Un fichier changé pendant le transfert ne reçoit pas un ETag trompeur ; la provenance des embeddings pointe sur les octets réellement ingérés.
data-collect,DC-23,Administrer les accès de dépôt SFTP et leurs clés,"Un accès de dépôt comporte nom de ressource, nom affiché, répertoire, login, propriétaire, statut, expiration et clés SSH. La création vérifie l'unicité login/répertoire, crée le compte par commande SSH distante, ajoute les clés puis persiste. Elle compense les effets partiels tant que la persistance complète n'a pas été atteinte. La modification diffère les clés à ajouter/retirer ; une liste vide n'entre pas dans ce parcours. La suppression retire d'abord le compte distant puis les enregistrements et publie l'événement. La création/suppression de dépôt entraîne ensuite celle de la datasource DEPOT.",Administrateurs et propriétaires des dépôts de partenaires.,GET/POST /sftp-accesses ; GET/PATCH/DELETE /sftp-accesses/{id} ; GET /sftp-accesses/generate-directory-name ; GET /datasources/sftp/key.,"SftpAccess, SftpAccessAuthorization et compte distant ; faits IAM et datasource DEPOT dérivée.",Serveur SFTP administré par SSH et commandes système ; base de miroirs utilisateurs ; événements DepotEvent.,Files administre les dépôts avec un adaptateur SFTP non JVM. Egress exécute les effets d'administration sous identifiant d'opération et IAM autorise les objets sftp_access. Un reçu permet de réconcilier l'état distant et PostgreSQL.,"Reprendre comptes, clés publiques et propriétaires sans les recréer. Remplacer la composition de commandes shell par un protocole d'administration structuré ou des arguments strictement validés. Documenter vider/révoquer toutes les clés.",Une panne après création distante puis avant persistance se résout par reprise ou compensation traçable. Retirer toutes les clés a un comportement explicite. Supprimer un accès absent reste idempotent et ne supprime aucun autre compte.
data-collect,DC-24,Lister les dépôts et appliquer la rétention des fichiers,"Le service liste les accès de dépôt, leurs fichiers et un KPI de total. La liste de fichiers enlève un répertoire protégé et restitue des chemins relatifs. La configuration conserve une durée de rétention commune, modifiable par la route d'administration. Un job cherche récursivement les fichiers plus anciens que le cutoff et les supprime sur le serveur. Le démarrage n'active ce job que si la fonction et un hôte SFTP sont configurés, et annule un ancien job sinon. L'expiration portée par un accès n'établit pas, dans ces handlers, une révocation automatique du compte distant.",Administrateurs de dépôts et opérateurs de rétention.,GET /sftp-accesses/files ; GET/PATCH /sftp-accesses/configuration ; GET /sftp-accesses/kpi ; CleanDepotJob.,"SftpExpireTime global, horodatages distants et jobs de nettoyage ; champ expiredAt d'accès séparé.",SFTP/SSH et Quartz ; dossiers protégés configurés.,"Files et Maintenance appliquent une politique de rétention par tenant et dépôt. Chaque suppression est un effet d'un plan audité qui vérifie leases, rétention et éditions consommatrices. IAM définit le contrat d'expiration d'accès.",Importer la durée actuelle et inventorier les dossiers protégés sans publier leurs valeurs. Remplacer le balayage destructif direct par des candidats de suppression et des reçus. Décider l'effet de expiredAt sur les comptes.,Un fichier encore nécessaire à une collecte ou retenu par politique n'est pas supprimé. Le plan exclut les dossiers protégés et les chemins hors racine. La reprise d'un plan n'efface pas un fichier nouveau au même nom.
data-collect,DC-25,"Converger les identités, transférer les propriétés et reconstruire les droits","Les consumers IAM maintiennent des correspondances IAM/ancien UUID de projet et IAM/subject utilisateur. Ils dédupliquent les événements, différèrent les memberships dont l'utilisateur n'est pas encore mappé, puis les rejouent dans l'ordre lors de la convergence. La suppression désactive le miroir et retire les memberships ; l'offboarding réversible peut les conserver. La réaffectation des sources et datasets est derrière un flag distinct. Le endpoint reconcile-tuples réénonce les faits détenus par data-collect et retourne 202 si activé, 409 sinon. IAM reste le seul écrivain OpenFGA. Malgré la note générale de l'AGENTS, le code conserve des vérifications broker pour ingestion et SFTP pendant la transition.","IAM, procédures de départ utilisateur et opérateurs de bascule des droits.",IamEventConsumer ; POST /admin/reconcile-tuples ; GET /users/{userId}/check-owner ; ResidualAuthzChecks.,"Miroirs User/Project, maps d'UUID, événements différés, processed events, propriétaires et authz facts/outbox.","IAM, ancien data-dev/Benutzer, APISIX et OpenFGA via IAM.","IAM porte les identités canoniques et les droits. Connectors/Files réénoncent seulement leurs faits métier et appliquent les transferts idempotents. Audit conserve l'ancien et le nouveau propriétaire, le mode de départ et la commande.",Drainer les maps et les memberships différés avant suppression des anciens topics. Comparer l'inventaire des propriétés et la réconciliation des faits ; retirer les doubles contrôles seulement avec le chemin réseau imposé.,Un membership arrivé avant l'identité est appliqué une seule fois après mapping. Un départ réversible n'efface pas les liens à rétablir ; un départ définitif retire les droits et transfère toutes les propriétés autorisées.
data-collect,DC-26,Encadrer le réseau sortant et remplacer les dépendances opérationnelles JVM,"Le chart restreint l'entrée au gateway et aux pairs déclarés, mais laisse volontairement la sortie réseau non restreinte pour les connecteurs. La validation API contrôle schéma HTTP, ports et syntaxe de chemin/paramètres, sans validation d'IP privée, loopback ou re-résolution DNS dans ce validateur. Le client HTTP utilise des timeouts et masque certains headers ; une politique SSRF de bout en bout ne ressort pas des fichiers lus. Le déploiement utilise probes, PostgreSQL/Flyway, Kafka, volume temporaire optionnel et clés SSH ; le HPA n'est rendu que sans persistance. Ces éléments décrivent les manifests, pas l'état d'un cluster exécuté.","Opérateurs, sécurité des connecteurs et plateforme d'exécution.",ApiRequestValidator.validateUrl ; RestTemplateConfig ; chart Deployment/NetworkPolicy/HPA ; consumer/producer Kafka.,"Configuration, fichiers temporaires, tables Flyway/Quartz et outbox ; connexions et caches en mémoire.","JVM/Spring, Kafka JVM actuel, drivers JDBC/Hadoop, PostgreSQL, S3, IAM et services externes.","Egress applique destination, port, résolution DNS, redirection, secrets transmissibles, quotas et délai par run. Les cores Rust remplacent Spring/Quartz/JDBC et le bus final exclut Kafka JVM. Les workers n'ont aucune autorité générale de catalogue et doivent obtenir des accès bornés aux octets.","Déployer le contrôle Egress avant ouverture de connecteurs nouveaux. Tester les destinations internes explicitement autorisées et bloquer les autres. Découpler API de contrôle, scheduling et workers de lecture ; migrer l'outbox avec consommateurs compatibles.","Une URL de métadonnées cloud, un changement DNS vers loopback et une redirection vers un hôte non autorisé sont refusés avant transfert de secrets. Les redémarrages laissent les commandes récupérables et les probes distinguent dépendance indisponible et processus vivant."
data-collect,DC-27,Conserver les événements sortants et isoler les échecs de consommation,"Les producteurs métier et de faits IAM déposent leurs payloads dans une outbox PostgreSQL. Le relay prend un lot verrouillé, attend la confirmation Kafka puis renseigne sentAt ; une erreur augmente attempts et conserve la ligne. Les événements historiques sans clé restent sans clé de partition, alors que les faits IAM peuvent être ordonnés par agrégat. Les lignes envoyées sont purgées après une rétention configurable. Les consommateurs rejettent les messages en échec vers une DLT ; le consommateur terminal persiste payload, coordonnées originales et erreur en PostgreSQL, puis laisse l'offset non acquitté si cette persistance échoue. Les enregistrements DLT de data-collect reçoivent un UUID aléatoire à chaque persistance, ce qui ne constitue pas une déduplication du replay.","Opérateurs, consommateurs IAM/data-dev/process-data et automatisations de reprise.",OutboxPublisher ; OutboxRelay.drain/cleanupSent ; DeadLetterEventConsumer.consume ; KafkaConfiguration.,"outbox_event, dead_letter_event et suivi des messages entrants utilisé par certains consumers ; sentAt, attempts et lastError.",PostgreSQL et Kafka ; consommateurs de contrats Protobuf et faits IAM.,Un relais Rust conserve le même contrat de persistance avant envoi vers un bus sans JVM. Audit garde les coordonnées et causes de rejet. Chaque effet possède une clé d'idempotence stable ; les checkpoints de collecte publiés restent dans l'édition Iceberg et ne se confondent pas avec les offsets de transport.,"Inventorier les producteurs et les clés de partition, reprendre l'outbox non envoyée et les quarantaines, puis basculer le transport par consommateur. Fournir une commande de replay auditée qui conserve l'identité du message.",Couper le transport avant et après son acquittement puis redémarrer. Tout événement reste disponible et les doublons éventuels sont absorbés par le consommateur. Un échec PostgreSQL pendant la mise en quarantaine ne fait pas avancer l'offset terminal.
files,FS-01,Recevoir un fichier et contrôler sa destination avant stockage,"POST upload valide la destination via IAM lorsque la gateway ne peut pas la déduire du chemin. Pour un dossier neuf, le handler peut réessayer le même contrôle pendant la propagation de son tuple, sans substituer un droit de projet. ContentStore borne la taille, détecte le MIME dans les octets, applique la politique et calcule SHA-256 avant l'écriture S3. L'objet utilise une clé UUID/nom ; le hash stocké ne constitue pas une déduplication globale. La ligne initiale peut attendre son scan antivirus.",Utilisateur ou intégration qui ajoute un fichier.,POST /api/v1/files/upload ; _authorize_upload_target ; ContentStore.ingest_streaming.,"File PostgreSQL, clé de blob, taille, MIME détecté, SHA-256 et état de scan.","IAM broker, gateway, stockage S3 et worker antivirus.","Files Rust crée une session d'upload et écrit dans un espace privé durable. Le reçu de réception ne vaut pas publication. Writer prépare l'index FILESET ; Publisher approuve l'édition Iceberg après audit, avec origin.* au candidat.","Préserver IDs, noms, limites et erreurs. Auditer les objets existants puis adopter uniquement une version immuable avec hash contrôlé ; reconstruire une édition publiée sans ériger la navigation PostgreSQL en checkpoint.",Un MIME falsifié ou un fichier trop grand n'atteint pas le stockage. Un dossier refusé ne devient pas autorisé par son projet. Aucun octet reçu n'est lisible avant son édition approuvée.
files,FS-02,Assembler les uploads par morceaux et nettoyer les abandons,"L'upload par chunks utilise propriétaire, projet, nom et upload_id pour isoler le fichier temporaire. Le nom est ramené à son basename ; l'écriture prend flock et revérifie la taille sous verrou. Le service calcule ensuite le checksum du fichier assemblé et poursuit le parcours d'upload. Le worker nettoie les uploads périmés. Ce mécanisme dépend du fichier local et ne démontre pas une reprise depuis un worker arbitraire.",Clients qui transfèrent des fichiers volumineux.,POST /api/v1/files/upload/chunk ; ChunkedUploadService.upload_chunk ; cleanup_stale_uploads.,Fichiers temporaires locaux et métadonnées de requête ; objet final et ligne File après assemblage.,"Disque temporaire du service, stockage S3 et ARQ.","Sessions Rust durables avec identifiant de transfert, plages ou parties, taille attendue, checksum et état de finalisation. Les workers reprennent depuis le stockage durable ; la fermeture du transfert produit un candidat FILESET puis une publication WAP.",Garder la route compatible mais router chaque session vers le protocole durable. Terminer ou invalider explicitement les sessions locales ouvertes avant de retirer les anciens pods.,Interrompre une réception puis reprendre sur un autre worker restitue exactement le même fichier. Le rejeu d'une partie ne la double pas. Un nettoyage n'efface pas un upload actif.
files,FS-03,"Naviguer, déplacer et copier les fichiers et dossiers","Le service expose contenu personnel, contenu de projet, résolution de chemin, dossiers simples ou par lot, renommage, déplacement et copie. La hiérarchie réside en PostgreSQL ; les clés S3 sont plates. Les destinations fournies dans le corps demandent une autorisation IAM. Les copies de dossiers peuvent produire un job ; son statut est réservé à l'utilisateur qui l'a demandé. Un non-propriétaire voit 404. Si un statut Redis manque après acquittement de l'intention durable, l'API retourne 503 plutôt qu'un pending permanent.",Contributeurs de projets et propriétaires d'espace personnel.,/api/v1/my-files ; /api/v1/projects/{project_id}/contents et /resolve ; /api/v1/folders ; /api/v1/files/{file_id}/move ou /copy ; GET /api/v1/jobs/{job_id}.,"File, Folder, Project, hiérarchie, intention durable de copie et statut temporaire de job.","IAM, PostgreSQL, S3, ARQ et statut Redis/Valkey.",Files Rust garde des noms logiques et dossiers comme projection de navigation. Déplacer ou copier prépare une nouvelle édition FILESET ou une commande de présentation explicitement séparée. Un job expose un état durable et l'édition résultante.,Importer toute la hiérarchie et les aliases projet. Préserver conflits de noms et droits de destination. Reconstituer les jobs encore ouverts avant bascule et éviter une copie physique inutile lorsque les blobs immuables peuvent être référencés.,Copier vers un dossier interdit échoue même si la source est lisible. Une coupure après création de l'intention reprend sans doubler les entrées. Un autre utilisateur ne peut sonder le statut du job.
files,FS-04,"Télécharger, prévisualiser et produire des archives","Le téléchargement lit les octets S3 via le service. La garde de scan refuse INFECTED, PENDING et ERROR avec des réponses distinctes ; PENDING signale une attente temporaire. L'aperçu textuel a ses limites de type et de taille, mais ne bloque explicitement que INFECTED dans le code lu. Les dossiers et sélections se téléchargent en ZIP. Le pipeline ZIP borne les fichiers temporaires en vol, contrôle les dérives de taille et nettoie les ressources à l'arrêt du consommateur. Aucun presign n'est établi par les routes examinées.",Lecteurs autorisés et clients de téléchargement.,GET /api/v1/files/{file_id}/download et /preview ; GET /api/v1/folders/{folder_id}/download ; POST /api/v1/projects/{project_id}/download.,"Blob, état de scan, réponse stream et fichiers temporaires ZIP.","IAM/gateway, S3 et pipeline ZIP.",Un lecteur Rust résout une version de blob dans une édition approuvée puis applique IAM sur tous les chemins. Un EXPORT durable est un effet avec reçu et reprise. Un téléchargement interactif reste un stream médié avec contrôle des limites et révocation.,"Aligner les gardes preview, ZIP et download avant ouverture des corpus. Conserver CSV/texte et ZIP compatibles là où utilisés, puis ajouter l'identifiant d'édition dans le contrat de lecture.",Un fichier en attente ou en erreur de scan n'est accessible ni par preview ni par ZIP. Annuler un stream libère les fichiers temporaires. Une lecture épinglée ne change pas de blob pendant le transfert.
files,FS-05,"Scanner, compresser et extraire du texte dans les workers","ARQ exécute scan_file_for_virus, compress_file, extract_file_text et copie des objets d'un dossier. Les retries du scan sont bornés et les erreurs terminales sont persistées ; une tâche périodique reprend des scans PENDING restés sans résultat. L'extraction traite textes et PDF avec une limite de taille de fichier et de longueur de texte. La compression écrit une nouvelle clé puis fait pointer la ligne vers celle-ci avant de retirer l'ancien objet. Ces opérations enrichissent l'état de fichier actuel, sans créer une édition gouvernée.",Utilisateurs en attente de disponibilité ; exploitation des traitements.,"WorkerSettings.functions ; tâches scan_file_for_virus, compress_file, extract_file_text ; POST /api/v1/projects/{project_id}/extract-text selon le routeur projet.","États antivirus, extraction textuelle, clé de blob compressé, jobs ARQ et intentions durables.","ARQ, antivirus, extraction PDF, stockage et base métier.","Workers fongibles exécutant des runs bornés, avec résultat d'audit lié à une version immuable. Les transformations qui changent les octets créent un candidat et passent WAP ; l'audit post-candidat est lié durablement sans réécriture du summary par fast-forward.","Conserver les résultats de scan avec leur hash/version. Identifier les transformations de compression déjà réalisées, réauditer les objets sans preuve suffisante et déplacer les tâches vers la file sans JVM retenue.",Une panne d'antivirus finit en état explicite et ne publie pas le fichier. Une compression interrompue ne laisse aucune édition pointant vers des octets manquants. Un rejeu ne change pas une preuve d'audit déjà liée.
files,FS-06,Rechercher noms et contenu sans élargir le périmètre,"La recherche distingue le chemin personnel du chemin de projet. /my-files/search fixe le propriétaire à l'appelant et ne reçoit pas de projectId permettant d'élargir la portée. /projects/{id}/search utilise le projet résolu et aucun filtre propriétaire, sous le contrôle can_view de la gateway. Le contrat accepte recherche fulltext ou nom, type fichier/dossier, filtre dossier et pagination de 1 à 100 résultats par type. Fichiers et dossiers sont interrogés séquentiellement sur la session SQL partagée.",Utilisateurs recherchant leurs documents ou ceux d'un projet.,GET /api/v1/my-files/search ; GET /api/v1/projects/{project_id}/search.,"Index PostgreSQL et texte extrait ; filtres sur projet, propriétaire et dossier.","PostgreSQL, extraction et gateway IAM.","Files et Catalog Rust indexent seulement les documents appartenant à des éditions approuvées. L'index est reconstructible ; snippets, compteurs et résultats appliquent la même politique que le téléchargement. Semantics/Embeddings reste une extension distincte de la recherche fulltext actuelle.","Préserver chemins et filtres, puis reconstruire l'index depuis les éditions migrées. Ne pas reprendre le texte extrait d'un fichier supprimé ou d'un scan non accepté sans audit.",Une recherche personnelle ne retourne pas les fichiers d'un autre utilisateur. Un projet interdit ne révèle ni texte ni compteur. Reconstruire l'index conserve les résultats autorisés de la même édition.
files,FS-07,Restaurer la corbeille et différer la suppression physique,"Les routes distinguent suppression logique, corbeille de projet, restauration de fichier ou dossier, suppression permanente et vidage. La destination de restauration est contrôlée. Pour supprimer définitivement un fichier, le service verrouille le namespace et la ressource, écrit le fait inverse d'autorisation, enregistre une intention durable de suppression S3 puis supprime la ligne. Les octets ne sont retirés qu'après commit, pour éviter une ligne conservée qui pointe vers un objet effacé.","Propriétaires, gestionnaires du projet et politique de conservation.",/api/v1/trash/files/{file_id}/restore ; /api/v1/trash/folders/{folder_id}/restore ; DELETE /api/v1/trash/files/{file_id} ; POST /api/v1/projects/{project_id}/trash/empty.,"Tombstones logiques, parents de restauration, audit et intention durable de suppression des clés.","Outbox, IAM, stockage et futurs Maintenance/Audit.","Maintenance Rust distingue retrait du service, conservation et purge physique. Les racines de GC viennent des éditions conservées, tags, runs et obligations de restauration. Les projections et refcounts restent reconstructibles ; un plan audité vérifie à nouveau les références avant effacement.","Importer les éléments de corbeille et leurs délais, relier blobs aux éditions conservées et traiter les intentions anciennes. Inclure textes extraits et dérivés dans le plan de purge.","Un rollback de transaction ne supprime aucun blob encore référencé. Une restauration respecte les droits du nouveau dossier. Une purge refuse un blob encore utilisé par une édition retenue, même si l'index de navigation est en retard."
files,FS-08,Servir les assets publics de branding dans un stockage distinct,"Les assets de configuration vivent dans une table dédiée, séparée des fichiers privés. Les routes d'administration requièrent une identité et la gateway impose le rôle global ; seule /public/config/assets/{key} sert sans authentification. Le service limite clés, MIME réel et taille, calcule un ETag et gère le cache conditionnel. Une mise à jour prend un verrou par clé, écrit un nouvel objet, commit la ligne puis nettoie l'ancien. Ces uploads d'administrateur n'ont pas de scan antivirus.",Administrateurs de branding et visiteurs de la page de connexion.,GET /api/v1/config/assets ; PUT/DELETE /api/v1/config/assets/{key} ; GET /api/v1/config/assets/{key}/info ; GET /api/v1/public/config/assets/{key}.,"ConfigAsset, version de clé S3, hash/ETag et auteur de mise à jour.","Gateway IAM, S3 et caches HTTP.","Files Rust conserve ce stockage public explicitement séparé, avec types et tailles admis. Ce parcours de configuration ne doit pas rendre public un FILESET métier ni contourner les politiques d'édition.","Importer les assets et leur hash, conserver URLs et cache HTTP, puis changer l'implémentation derrière la même frontière gateway.",Un utilisateur ordinaire ne peut modifier un asset. Un MIME simulé est refusé avant S3. Deux uploads ou un upload concurrent à un delete ne laissent pas la ligne pointer sur un objet effacé.
data-model,DM-01,"Réserver une identité et un nom de table, seul ou en lot","La création alloue un UUID et une branche métier main vide en état CREATED dans PostgreSQL. Ce parcours réserve des métadonnées et ne crée pas de snapshot ni de ref physique Iceberg. Le dataset est reserved, hors production et caché lorsqu'il appartient à un projet. Sans projet, sa visibilité catalogue est déjà publiée. Le DTO exige un nom affiché non blanc et un nom technique composé de deux parties imprimables séparées par un point. Le handler normalise la partie table, refuse les collisions dans le projet ou le catalogue et vérifie que le propriétaire est actif. Le lot accepte de 1 à 100 éléments, impose un seul projet et détecte aussi les collisions entre éléments du même lot. Il peut abonner l'auteur aux échecs de collecte. Une attente bornée laisse IAM propager le droit du propriétaire après création ; elle ne transforme jamais une création réussie en refus.","Auteur de flow ou de collecte, propriétaire, interface catalogue et SDK.",POST /datasets ; POST /datasets/bulk ; GET et POST /datasets/check ; GET /projects/{projectId}/table-name.,"Dataset, branche métier main, réservation et namespace PostgreSQL ; miroir utilisateurs/projets ; faits de création.",IAM pour le droit sur le projet ; outbox authz ; notifications ; collecte ultérieure qui consomme la réservation.,"Datasets Rust conserve UUID et alias, avec une commande idempotente de réservation et une contrainte d'unicité transactionnelle. La réservation ne crée aucune édition publiée. Catalog expose les noms et états, IAM garde la décision sur le projet et le propriétaire.","Importer UUID, namespaces, alias et réservations encore utilisées. Conserver la limite de lot et les codes d'erreur via une façade. Remplacer les sujets Keycloak et IDs projet hérités par des IDs IAM stables avec table de correspondance.","Un lot qui contient deux noms se normalisant de la même manière est refusé avant toute création. Après une réponse perdue, la même clé de commande retrouve la même réservation. Le propriétaire peut ensuite lire l'objet sans devoir le recréer."
data-model,DM-02,Modifier les métadonnées et transférer la propriété,"Le détail assemble propriétaire, origine, description, état, médaillon qualité, sensibilité, branche, planning, labels, volumes, configuration et abonnements de l'utilisateur. PUT permet nom, description, ownerId, qualité, labels et certains réglages de refresh. Un dataset encore produit par un dataflow vivant ne peut pas être modifié par ce parcours. Le transfert effectif du propriétaire demande can_manage_shares à IAM avant de vérifier le nouvel utilisateur. Seul le changement du propriétaire de la branche métier main déplace le droit global et retire les anciennes notifications qualité. La sensibilité et le mode de schéma ne sont pas modifiables par ce DTO.","Propriétaire de dataset, gestionnaire de catalogue, consommateur du détail.",GET /datasets/{datasetId} ; PUT /datasets/{datasetId} avec branchName ; DatasetDetailQueryHandler et UpdateDatasetFromFrontCommand.,"Dataset global et DatasetBranch avec propriétaire, dates, description, qualité BRONZE/SILVER/GOLD et sensibilité INTERNAL/RESTRICTED/SENSIBLE.","IAM pour transfert ; miroirs utilisateurs ; événements dataset, planning et owner_changed ; notifications.","Catalog Rust porte les métadonnées descriptives et leur historique de commandes. IAM porte propriété et classification. Datasets lie toute métadonnée technique à une édition ou à un draft explicite. La visibilité, la disponibilité des données et le résultat du dernier run restent des champs distincts.",Reprendre les métadonnées par branche et les alias d'identités. Documenter le fait qu'un null dans le DTO actuel conserve souvent la valeur plutôt que l'effacer. Introduire une version de commande pour éviter les modifications concurrentes perdues.,Un changement de description conserve l'édition lue. Un transfert refusé ne révèle pas si le nouvel utilisateur existe et ne modifie aucune ligne. Un transfert autorisé de main retire le droit de l'ancien propriétaire et l'abonnement associé une seule fois.
data-model,DM-03,Rechercher le catalogue et distinguer découverte et accès aux données,"Trois recherches couvrent le catalogue publié, les datasets d'un projet et le catalogue enrichi de l'état de lien à un projet. Elles filtrent le texte, sensibilité, qualité, état, type et ID d'origine, déclenchement, mode de refresh et labels ; le projet ajoute la diffusion. Les cartes du catalogue restent découvrables même si le lecteur ne peut pas consulter les lignes, afin de permettre une demande d'accès. Le repository impose published, in_production, non reserved et non hidden pour le catalogue. Le tri est une liste de champs admis avec UUID de départage. REPLACE est traduit en OVERRIDE et l'ID d'origine accepte sa forme nue ou préfixée. Une taille non positive signifie actuellement une lecture sans borne pratique.",Lecteur du catalogue et membre de projet qui cherche ou demande un dataset.,GET /catalog/datasets ; GET /catalog/projects/{projectId}/datasets ; GET /catalog/dataset-with-project-links.,"Vue dataset_catalog et projections PostgreSQL des propriétaires, origines, labels et permissions de projet.",Gateway IAM pour la route ; correspondance des IDs projet ; aucune lecture de table physique dans ce parcours.,"Catalog Rust conserve deux décisions séparées, découvrir une carte et lire une édition. Les index restent reconstructibles à partir des commandes métier et des publications approuvées. Les recherches ont des limites explicites et des curseurs stables, sans faire fuiter les schémas protégés.","Rejouer les filtres, normalisations et tris existants sur un corpus comparé. Annoncer le remplacement de size<=0 par une limite ou une tâche d'extraction. Ne pas masquer les cartes restreintes si le parcours de demande d'accès les exige.",Un utilisateur qui découvre une carte restreinte peut demander son accès mais reçoit un refus sur son schéma et ses lignes. Tous les filtres combinés et leurs totaux correspondent au corpus migré ; les réservations et datasets cachés restent exclus.
data-model,DM-04,Mesurer les usages du catalogue,"Les KPI de datasets retournent un total publié non caché et les plus utilisés, mesurés par le nombre de liens accordés avec des projets publics. Ils ne mesurent pas les requêtes SQL ou les consultations. Le KPI de sources compte les datasets groupés par origine en excluant LOCAL et DATAFLOW. Les prédicats du total ne sont pas identiques à ceux de la recherche du catalogue, qui exclut aussi réservations et hors production.",Administrateur et tableau de bord du catalogue.,"GET /catalog/kpi/datasets ; GET /catalog/kpi/datasources, paramètre maxResult.","Agrégations PostgreSQL de dataset, dataset_branch, dataset_permission et project.",Gateway sur les routes KPI ; projections des projets publics et sources.,"Catalog Rust préserve les indicateurs de liens en les nommant précisément. Un indicateur distinct de consommation peut venir des reçus Query et des EXPOSURE déclarées, avec son périmètre et sa durée de conservation.",Reprendre les définitions existantes avant de changer les compteurs. Décider si le total doit suivre les mêmes règles que la recherche. Ne pas transformer un nombre de liens en métrique d'usage réel.,Deux liens accordés et une demande en attente produisent deux usages de partage. Un lien à un projet privé n'entre pas dans le classement public. Un téléchargement n'augmente pas ce KPI historique.
data-model,DM-05,"Lire schémas et métadonnées par lot, et servir le SDK historique","Le service expose le schéma d'un dataset ou de plusieurs datasets, éventuellement par projet et branche. Sans IDs explicites ni branche, il ne garde que la production. Les résultats de schéma passent un lot de décisions IAM fondées sur dataset, branche et liens accordés ; une réponse mal alignée échoue. POST /datasets/list peut déléguer le contrôle du corps à la gateway lorsque le drapeau de déploiement est activé, sinon interroge IAM. Le SDK dispose d'une liste dédiée /lib/datasets qui renvoie nom affiché, UUID, nom technique et table exprimée en UUID@main. Un ancien alias sélectionné par User-Agent pylib subsiste.","Interface SQL, éditeur de flow, bibliothèque Python et clients de catalogue.",GET /datasets/{datasetId}/schema ; GET /datasets/schema ; POST /datasets/list ; GET /lib/datasets ; alias GET /datasets avec User-Agent pylib.,"Colonnes de branche, IDs de labels de colonnes, description et permission calculée ; projection en lecture.",IAM batch consultation ; repository de liens accordés ; IDs projet hérités traduits.,Datasets Rust fournit un SchemaRef versionné associé à une EditionRef ; Catalog conserve les annotations. La façade SDK garde temporairement les anciennes formes d'identifiant. Chaque collection de résultats filtre les objets autorisés avant de calculer pagination et totaux.,"Mapper UUID@main vers une édition publiée résolue au début du run. Migrer les clients vers la route dédiée, puis retirer l'alias User-Agent seulement après inventaire. Tester séparément les deux modes de contrôle du corps.",Une requête mélangeant deux datasets autorisés et un interdit ne révèle aucun schéma du troisième. Une décision IAM incomplète ne retourne pas un résultat partiel. Un ancien client peut toujours résoudre les tables de son projet pendant la période de compatibilité.
data-model,DM-06,Synchroniser les branches issues des dataflows,"Les événements de data-dev portent les sorties des scripts et les actions SAVE, MERGE et PUBLISH. Ils mettent à jour ou créent les branches métier en PostgreSQL, reprennent propriétaire, qualité, sensibilité et labels, et retirent les sorties devenues orphelines selon la branche et l'état du flow. Une nouvelle branche duplique les colonnes de la branche métier main avec de nouveaux UUID de colonne et sans annotations. inProduction est monotone. Le mode de schéma du flow n'est adopté que lors de la création de la configuration. La suppression d'un flow peut conserver explicitement certains datasets en marquant leur source supprimée.","Auteur de dataflow, ordonnanceur et consommateurs des événements de versions.",GET /datasets/{datasetId}/branches ; DataflowDecisionCommandHandler ; événements data-dev-graph-execution et data-dev-dataflow.,"DatasetBranch métier, SourceDataset, configuration, branches retirées et sorties conservées.",data-dev fournit le graphe et ses sorties ; process-data confirme les données et schémas.,"Datasets et Flows Rust partagent des identités stables de sorties, drafts, environnements et éditions. Une branche de travail référence explicitement sa base ; un merge prépare des candidats sous WAP et ne vaut pas publication. Les field IDs Iceberg remplacent la duplication aveugle des UUID de colonnes.",Importer le mapping branche métier vers ref physique et relever les divergences. Conserver les règles de sorties gardées ou supprimées. Couper l'ancien consommateur pour chaque cohorte avant que Rust devienne le seul propriétaire des transitions.,Un merge qui retire une sortie de la branche ne supprime pas une édition encore référencée en production. Une nouvelle branche garde sa base vérifiable. Un événement répété ne crée ni deuxième branche ni nouvelle publication.
data-model,DM-07,Éditer la structure et les annotations de colonnes,"PUT schema distingue les annotations seules des renommages, casts et suppressions. Il exige une commande non vide, des IDs de colonnes présents une seule fois et des labels existants. Les noms renommés suivent une grammaire normalisée et restent uniques après toutes les opérations. Les casts suivent une matrice codée ; une branche secondaire ne peut modifier une colonne héritée de la branche métier main. Il faut garder au moins deux colonnes et ne pas supprimer la dernière. Une opération structurelle est refusée si le dernier refresh n'est pas final, sauf s'il est jugé périmé après quinze minutes. Le catalogue écrit immédiatement le schéma souhaité et un historique CREATED ; une annotation seule crée un historique SUCCESS.",Gestionnaire du dataset ou auteur autorisé à modifier son schéma.,PUT /datasets/{datasetId}/schema ; UpdateSchemaCommand et UpdateColumnCommand.,"DatasetColumn, labels, schemaBefore/schemaAfter et historique UPDATE_COLUMN ; événements de traitement ultérieurs.",Process-data/data-dev exécutent la modification physique ; data-serve peut réconcilier les types physiques.,"Datasets Rust sépare ProposedSchema et schéma de l'édition publiée. Writer réalise la transformation sur candidat, Audit contrôle les types et Publisher publie après CAS. Le schéma visible aux lecteurs ne change pas avant publication. Les annotations restent liées aux field IDs.","Importer schémas déclarés et physiques côte à côte puis traiter les écarts. Requalifier la matrice actuelle, notamment les conversions vers flottant, sans la déclarer sans perte par son commentaire. Remplacer le délai de quinze minutes par un lease et une décision de reprise explicites.",Un cast qui échoue laisse l'ancien schéma et l'ancienne édition visibles. Un champ renommé conserve son field ID et ses annotations. Deux commandes concurrentes sur la même base aboutissent à un conflit explicite ou à un seul résultat publié.
data-model,DM-08,Conserver les contrats de format et de préparation des entrées,"Les configurations de refresh gardent CSV, tableur, JSON, XML et Parquet. Les formats portent encodage, compression NONE/GZIP, MIME, suffixes et présence d'en-tête. CSV ajoute séparateur, commentaire, lignes et colonnes ignorées, trim et format temporel ; tableur ajoute feuille ; JSON et XML ajoutent leur chemin d'extraction. Les préparations comprennent transposition, nom de fichier, URL et date ou date-heure d'import. Les filtres de fichiers portent égalité, exclusion ou sous-chaîne du nom. Ce service conserve et expose ces choix ; il n'en exécute pas les parseurs.",Utilisateur de collecte et lecteur de la configuration historique.,DatasetConfigDTO ; configurations dans GET /datasets/{datasetId} et dans le détail de refresh ; événements de collecte.,"ConfigConnector, FileFormat, Preparation et filtres rattachés à la source/historique.",data-collect et process-data produisent les événements et réalisent les lectures/préparations.,"Connectors et Datasets Rust versionnent un FormatContract utilisable par des workers bornés. Le parsing et les normalisations reçoivent une version de contrat, des limites d'octets et un rapport d'erreurs. Les fichiers originaux peuvent former un FILESET publié distinct de la TABLE interprétée.","Traduire chaque option avec un corpus de fichiers réels anonymisés. Préserver la configuration appliquée au run, pas seulement le réglage courant. Ne pas reprendre comme garantie la constante XLSX non utilisée ou les commentaires sur dates sans qualification.","Le même fichier, contrat et moteur versionné donnent le même schéma et le même compte de lignes. L'encodage invalide, la feuille absente et le dépassement de taille produisent un échec borné sans publication. Les colonnes ajoutées restent traçables."
data-model,DM-09,Restituer les paramètres des sources et des connecteurs,"Le domaine distingue connexions et configurations de collecte. Il représente fichiers locaux, SFTP, dépôt, S3, API, PostgreSQL, MySQL, MSSQL, Oracle, BigQuery, Google Sheets, Jira, Cleyrop, Snowflake, Salesforce, MS Dynamics, SAP S/4HANA, Business Central et SharePoint. Les sources SQL portent table, type et requête personnalisée. Les APIs portent pagination par page, offset, curseur, lien JSON ou Link HTTP. Les quatre connecteurs métier typés gardent entity/select/order/filter/limit et version API, avec service ou company selon le cas. Les DTO ne les réduisent pas à une API générique et les credentials restent dans la couche datasource de data-collect.","Utilisateur qui inspecte une collecte, support et futur migrateur de Sources.",DatasetConfigDTO.toDTO ; Connector/ConfigConnector ; détail dataset et historique.,"Configuration typée dans PostgreSQL, associée au refresh ; origine source et éventuel chemin de fichier.",data-collect autoritaire pour les connexions ; protocole Protobuf et mappings DAO/DTO.,Connectors Rust possède les références de secrets et les capacités des drivers. Catalog affiche une projection expurgée du contrat exécuté. Le type de source reste indépendant du kind de dataset. Une pagination source n'est jamais utilisée comme checkpoint publié par simple copie.,Reprendre les discriminants et configurations sans exporter de secrets. Vérifier chaque round-trip DAO/Protobuf/DTO. Porter les curseurs durables vers origin.* du candidat et ne les acquitter qu'après publication.,Une configuration SQL personnalisée ou OData conserve tous ses champs après migration. Le détail historique ne révèle aucune valeur secrète. Une reprise de pagination ne saute aucune page après une publication refusée.
data-model,DM-10,"Suivre les collectes, traitements et historiques de refresh","Le service agrège les événements de collecte et de traitement dans un historique par dataset et branche. Il conserve numéro d'exécution, auteur, déclenchement, append/override, état, opérations ingestion/process, dates, volumes, logs et entrées fichiers ou tables avec erreurs. Il calcule les durées et associe le compute qualité au refresh. Les routes de détail et logs vérifient que le refresh appartient au dataset. Les statuts terminaux et les opérations de schéma suivent des chemins séparés pour ne pas écraser un résultat final par un événement running tardif.","Auteur, exploitant, support et utilisateur du détail dataset.",GET /datasets/{datasetId}/refresh ; GET /datasets/{datasetId}/refresh/{refreshId} ; GET /datasets/{datasetId}/refresh/{refreshId}/logs/{logType}.,"DatasetRefreshHistory, DataInputFileRefreshRecord, DataInputTableRefreshRecord, Ingestion/Process/UpdateSchema et logs PostgreSQL.",Consommateurs data-collect/process-data ; données qualité reçues de data-serve ; notifications d’échec.,"Flows Rust conserve les runs et leurs tentatives ; Datasets expose leur relation avec candidats et éditions. Audit garde les preuves immuables. Le checkpoint publié provient de l'édition Iceberg autoritaire, même si une projection de run a pris du retard.",Conserver les anciens IDs de refresh en références de migration et importer logs avec accès contrôlé. Rejouer les événements hors ordre pour vérifier les transitions. Mapper volumes et durées sans inventer de snapshot pour les échecs historiques.,"Un événement running tardif ne rouvre pas un run terminal. Le détail d'un refresh d'un autre dataset retourne un introuvable. Après perte de la projection, le dernier checkpoint se reconstruit de l'édition publiée sans réémission d'effet."
data-model,DM-11,Régler le déclenchement et les reprises planifiées,"Le modèle conserve déclenchements manuel, planifié, récurrent ou événements dataset/dataflow/fichier, avec schedules, fuseau et RetryPolicy. La mise à jour depuis le catalogue ne prend en charge que MANUAL ou RECURRENT et ne modifie le planning que pour une source vivante autre que DATAFLOW et LOCAL. Elle émet DatasetScheduleUpdatedEvent ; ce service n'exécute pas lui-même les collectes planifiées. La configuration du schéma reste séparée de cette modification.",Propriétaire qui règle le refresh et ordonnanceur consommateur.,PUT /datasets/{datasetId} avec refreshConfig ; DatasetScheduleUpdatedEvent ; SynchronizedRefreshCommandHandler.,"DatasetRefreshConfig, Scheduler et RetryPolicy ; événements de planning.",process-data/data-collect pour déclenchement et retours ; zone horaire du contrat.,"Flows Rust devient l'unique propriétaire du schedule, de ses occurrences, reprises et arrêts. Catalog conserve une projection lisible. Chaque occurrence lance un run borné avec ID stable, deadline, budget de retry et checkpoint publié de départ.","Importer cron, timezone et retry en préservant l'heure locale et les passages heure été/hiver. Pour chaque cohorte, désactiver le propriétaire ancien avant d'activer Rust. Décider explicitement le traitement des occurrences manquées.",Une occurrence à la transition de fuseau suit une règle documentée sans double publication. Un redémarrage d'ordonnanceur retrouve le même ID d'occurrence. Modifier les labels seuls ne change pas le prochain déclenchement.
data-model,DM-12,Rendre visible un dataset de projet,"publish refuse un dataset caché puis met seulement isPublished à true, sauvegarde le dataset et émet les faits de visibilité. Il n'effectue aucun commit Iceberg, audit de candidat ou déplacement de ref. unhide est une action distincte. Les données peuvent donc avoir été produites avant cette publication de catalogue. Les permissions et affichages actuels s'appuient sur cette distinction projet privé, projet publié et catalogue global.",Gestionnaire autorisé à éditer le dataset et lecteurs du catalogue.,POST /datasets/{datasetId}/publish ; POST /datasets/{datasetId}/unhide.,"Booléens hidden, inProduction, isPublished et faits authz ; dernier refresh associé au message.",IAM/gateway pour can_edit ; événement dataset et dataset.published.,"Catalog Rust nomme cette opération diffusion. Publisher Rust possède séparément la publication d'une édition approuvée. Une édition reçoit origin.* au summary du candidat, une preuve d'audit durable et une référence approuvée ; la diffusion ne remplace aucun de ces contrats.",Conserver une façade /publish qui préserve d'abord la diffusion historique. Créer une commande séparée de publication de données et migrer les usages un par un. Ne jamais transformer rétroactivement tous les snapshots physiques en publications approuvées.,Publier la diffusion d'un dataset ne modifie ni snapshot ni checkpoint. Un candidat refusé par Audit ne devient pas lisible parce que isPublished est vrai. L'historique utilisateur ne contient que les éditions approuvées.
data-model,DM-13,"Demander, accorder et retirer un accès de projet","Un dataset de projet non publié ne peut pas être lié ailleurs. Pour INTERNAL, la commande vérifie la politique de labels puis accorde immédiatement le lien. Pour RESTRICTED ou SENSIBLE, elle crée une demande avec auteur et commentaire, notifie et abonne le demandeur à la réponse. Accepter enregistre validateur, date et justification, revalide les labels et émet le fait d'accès. Refuser un lien déjà accordé révoque l'alias de projet, sauf le projet propriétaire. La route de retrait exige une justification non blanche, vérifie l'appartenance permission/dataset et n'accepte que l'état ACCEPTED. La liste /access ne montre que cet état, alors que les liens INTERNAL automatiques emploient un autre état accordé.","Demandeur membre de projet, responsable du dataset, administrateur de partage.",POST /datasets/{datasetId}/projects/{projectId} ; GET /datasets/permissions ; POST /datasets/permissions/{permissionId}/{permission} ; GET /datasets/{datasetId}/permissions/projects ; GET /datasets/{datasetId}/access ; POST /datasets/{datasetId}/access/{permissionId}/withdraw.,"DatasetProjectPermission, CREATED/REQUESTED/ACCEPTED/REFUSED/LINKED et justifications ; tuple IAM seulement pour droits accordés.","Policy Datasphere, utilisateurs/projets, notification-center, faits authz vers IAM et liens vers data-serve.","Catalog et IAM Rust conservent demande, approbation et révocation comme commandes auditées. L'accès porte une portée claire, dataset ou édition, et une politique versionnée. La révocation doit invalider les prochaines pages et téléchargements selon le contrat de lecture.",Importer les états et rattachements sans accorder les demandes en attente. Revoir l'écart entre lien automatique et liste/retrait des accès pour offrir un retrait cohérent. Préserver le projet propriétaire comme relation distincte.,Une demande en attente ne permet jamais une lecture. Une acceptation répétée ne crée pas deux liens. Le retrait d'un partage bloque la prochaine page et laisse le projet propriétaire autorisé. La permission d'un autre dataset reste introuvable.
data-model,DM-14,Administrer les labels de datasets et de colonnes,"Les labels de dataset portent nom et couleur ; la création refuse un nom existant sans tenir compte de la casse. Leur suppression retire le label des branches avant de supprimer la définition et diffuse un événement. Les labels de colonnes sont une entité séparée, avec nom/couleur non blancs, utilisée par UpdateSchema. Le code des handlers create et update de SchemaLabel lève AlreadyExists lorsque getByName retourne null. Le repository renvoie bien null pour un nom absent. Cette condition paraît inversée ; sa conséquence est à reproduire, elle ne doit pas être décrite comme une unicité correcte. Les contrôleurs demandent actuellement à IAM le droit de gérer les labels.",Administrateur des vocabulaires et éditeur de métadonnées.,GET/POST /labels ; PUT/DELETE /labels/{labelId} ; GET/POST /schema/labels ; PUT/DELETE /schema/labels/{schemaLabelId}.,"Label, SchemaLabel, liens aux branches et colonnes ; événements de labels pour data-serve.",IAM label management ; repositories et outbox des labels dataset.,"Catalog Rust garde deux usages explicites, tags de dataset et annotations de champs, avec IDs stables, unicité normalisée et suppression contrôlée. Ces tags descriptifs restent distincts des politiques de sécurité et des classifications IAM.",Importer les IDs et références ; définir la normalisation du nom. Corriger le comportement SchemaLabel avec un ticket vérifiable avant de figer la compatibilité. Conserver l'historique des annotations sur éditions anciennes.,Créer un nouveau label de colonne réussit ; un doublon est refusé selon la règle documentée. Supprimer un label courant ne modifie pas les preuves historiques d'une édition. Deux créations concurrentes ne produisent pas deux définitions équivalentes.
data-model,DM-15,Présenter la qualité et les abonnements de suivi,"data-model reçoit les définitions et résultats qualité de data-serve, puis expose le dernier compute par dataset et les résultats associés aux refreshs. Le tableau global sélectionne ALL, OWNER, PROJECTS, CATALOG ou MEMBERSHIP, peut combiner catalogue et projets, et filtre qualité, sensibilité et état. Il autorise les candidats par IAM avant de calculer les stats et ne nomme que les projets accessibles. Il distingue dataset avec règles, succès, erreurs et niveaux CRITICAL/MAJOR/MINOR. Les memberships DATASET_QUALITY viennent aussi des événements de notification ; ils représentent une souscription de suivi.","Responsable qualité, propriétaire et utilisateur abonné aux alertes.",GET /projects/{projectId}/datasets/monitoring ; POST /quality/monitoring ; DataServeConsumer ; NotificationCenterEventConsumer.,"Projections Rule, RuleHistory, Compute, ComputedRule et vue de monitoring ; DatasetMembership.",data-serve produit règles/calculs ; notification-center produit abonnements ; IAM filtre consultation et projets.,"Audit Rust possède les exécutions de règles liées aux candidats et aux éditions ; Catalog en affiche une projection. Notifications possède les préférences de suivi. Une mesure peut bloquer Publisher selon une politique explicite, ce que ce tableau actuel ne garantit pas.","Reprendre définitions, versions et résultats en conservant leur provenance d'exécution. Mapper les abonnements sans les convertir en autorisations. Comparer les agrégats pour chaque catégorie et documenter le statut des résultats historiques sans snapshot.",Un dataset interdit ne contribue ni aux items ni aux compteurs personnels. Une règle échouée avant publication laisse l'édition antérieure lisible. Le dernier compute affiché indique la version de règle et l'édition effectivement contrôlée.
data-model,DM-16,Vérifier les politiques de labels et lire les fichiers SPIF,"Une politique est un triplet policy/classification/category lié au dataset. Sa modification appelle Datasphere, puis inscrit une promotion en attente. Le contrôle de partage envoie les emails des membres du projet à /access/check et refuse les sujets DENY. Une réponse absente du client actuel devient une liste vide, donc aucune interdiction ; la couverture complète des sujets n'est pas vérifiée ici. Si Datasphere est désactivé, l'implémentation no-op permet les contrôles et ne fournit pas de politique. Le proxy SPIF exige une URI HTTP(S) absolue et un préfixe autorisé à frontière de chemin avant le GET sortant.","Administrateur de politique, gestionnaire de partage et lecteur du label de sécurité.",PUT/GET /datasets/{datasetId}/label/policy ; GET /datasets/{datasetId}/projects/{projectId}/label/policy/check ; PUT /spif-proxy/files.,Policy autoritaire externe ; PendingPromotion local ; décisions PERMIT/DENY.,"Datasphere HTTP /labels, /access/check et fichier SPIF externe autorisé ; miroir des membres de projet.",IAM Rust décide sur une politique versionnée et une liste complète de sujets. Catalog garde les références et l'état. Egress centralise le fetch SPIF avec contrôle de destination et de taille ; indisponibilité ou décision incomplète bloque l'opération dépendante.,Inventorier les tenants qui utilisent Datasphere et ceux qui utilisent le no-op. Porter le contrat de classification sans inventer de chiffrement. Remplacer l'interprétation permissive des réponses vides par un refus explicite qualifié avec les clients.,Un service de politique indisponible ou qui omet un membre bloque le partage. Une URL dont l'hôte imite un préfixe admis est refusée avant l'appel réseau. Une politique modifiée conserve sa version et l'identité de son auteur.
data-model,DM-17,Promouvoir sous politique et suivre les demandes de chiffrement,"L'action encrypt vérifie qu'une politique existe, marque le dataset comme promoted puis demande à Datasphere /labels/encrypt sur le nom technique et le dataset. Elle prend le dernier refresh réussi et conserve statut/log de promotion lié à ce refresh. Les datasets marqués sont retraités lors de refreshs ultérieurs. Une tâche périodique traite les changements de label lorsque la politique distante correspond à celle en attente. Sans historique réussi, le handler journalise l'absence mais garde le flag promoted. Ce code ne prouve ni algorithme de chiffrement ni atomicité physique.",Administrateur de promotion et exploitant qui suit son résultat.,POST/GET /datasets/{datasetId}/label/encrypt ; GET /datasets/{datasetId}/history/{datasetRefreshHistoryId}/encrypt ; AsyncPromoteServiceImpl.,"DatasetPromoted, PendingPromotion et DatasetPromotionHistory avec SUCCESS/FAILURE.",Datasphere /labels/encrypt ; historique de refresh et tâche périodique locale.,"Egress et Audit Rust représentent cette opération comme un effet idempotent consommant une EditionRef publiée, avec reçu, politique et preuve. Si un chiffrement change les données ou artefacts de référence, il produit un nouveau candidat sous Writer/Publisher plutôt qu'un alias de publication opaque.","Vérifier le contrat effectif du service distant, les données chiffrées, les lecteurs et les reprises. Importer les historiques comme reçus hérités non qualifiés. Remplacer le simple booléen promoted par un état d'effet demandé/réussi/échoué.","Une demande sans édition publiée est refusée explicitement. Après réponse HTTP perdue, le retry retrouve le même reçu et ne chiffre pas deux fois. L'interface n'annonce un succès que lorsque le reçu de l'édition et de la politique attendues existe."
data-model,DM-18,"Vider, supprimer et libérer les noms sans réexposer des données","Empty vérifie dataset et branche puis émet un événement ; il ne vide pas lui-même la table. Delete refuse une sortie de dataflow dont la source est encore vivante. La suppression habituelle conserve un tombstone DatasetDeletion, le nom technique et les tuples IAM jusqu'au succès du job DATASET_DELETE déclenché côté data-dev. Un échec ou timeout relance l'événement avec nombre d'essais borné ; ABANDONED conserve le nom pour éviter qu'une nouvelle identité lise les anciennes lignes. Les suppressions de projet utilisent toutefois un chemin sans attente de drop. Une tâche libère aussi les réservations sans type trop anciennes.","Gestionnaire, suppression de projet ou flow, opérateur de reprise.",DELETE /datasets/{datasetId} ; DELETE /datasets/{datasetId}/reserved ; POST /datasets/{datasetId}/empty ; DatasetDropSucceededCommand/FailedCommand.,"DatasetDeletion PENDING/FAILED/ABANDONED, branches, nom réservé et faits IAM différés.",data-dev/process-data pour drop physique ; événements Kafka et tâches de retry/rétention.,"Datasets Rust garde le tombstone métier. Maintenance exécute un plan audité pour vider, expirer ou supprimer après vérification de toutes les racines de rétention. Writer/Publisher publient une édition vide sous WAP si nécessaire ; aucun worker n'a le droit REST générique de drop.","Importer toutes les suppressions pendantes et réservations avant de réouvrir les noms. Reprendre le cas projet supprimé avec une autorité Maintenance dédiée. Séparer effacement visible, fin d'accès et GC des octets.","Un drop échoué ne libère jamais le nom. Une publication conservée, un run actif ou une release multi-sorties empêche le GC. Une confirmation répétée de drop ne réémet pas les mêmes effets. Empty produit une édition vide approuvée avant de modifier les lectures."
data-model,DM-19,Fournir une liaison de table avant la projection de serving,"Le protocole interne retourne datasetId, branche métier, techName, projet, propriétaire, reserved et hasSchema. Il lit la réservation autoritaire avant qu'une première ingestion existe dans data-serve. Si le dataset a disparu, il peut répondre à partir du tombstone en ajoutant deleting. La branche doit exister dans le dataset ou le tombstone. Le contrôleur exige le JWT du compte de service data-serve, en plus du contrôle gateway, et refuse un simple utilisateur du même client OAuth.",data-serve et protocole de capacité pour jobs de lecture/écriture/suppression.,GET /internal/execution-datasets/{datasetId}?branch=... ; ExecutionDatasetBindingDTO.,Réservation active ou DatasetDeletion autoritaire ; aucune lecture des octets.,IAM/gateway et identité de service ; futur consommateur de capacité.,"Datasets Rust fournit un Binding immuable signé ou référencé qui lie dataset UUID, table UUID Iceberg, namespace, branche, schéma, spec, action, run et époque. Writer vérifie ce contrat et médie staging ; Publisher médie publication. Les CAS et contrôles d'ascendance ne remplacent pas un fencing natif Hemera à construire.","Conserver le chemin compatible pour les exécutions anciennes, mais ne pas réutiliser techName seul comme autorité. Capturer UUID de table et références lors du basculement. Définir un Binding de suppression indépendant du projet déjà effacé.",Un worker muni d'un binding expiré ou d'une époque précédente ne peut modifier ni supprimer la table. Renommer un alias ne change pas la table liée. Un compte humain du client data-serve est refusé par le protocole interne.
data-model,DM-20,Réconcilier les identités et publier les faits d’autorisation,"Des miroirs utilisateurs/projets/membres sont alimentés par les anciens événements et, sous drapeaux, par IAM. Les IDs externes des projets et sujets utilisateur sont traduits aux frontières. Les événements IAM couvrent création, mise à jour, suppression et offboarding avec remplacement de propriétaires ; les membres arrivés avant leurs parents passent par une file persistée et un drainage. Les faits dataset créé, publié, reclassifié, propriétaire ou projet changé et supprimé partent vers IAM via outbox. IAM reste l'écrivain OpenFGA. Les drapeaux de migration et de traitement destructif ne constituent pas une preuve de bascule dans un environnement donné.","IAM, administrateur de migration, responsables des datasets réattribués.",IamEventConsumer ; ProjectIdResolver ; UserIdResolver ; DatasetAuthzEventHandler ; topics IAM et data-model.authz.events.,"Miroirs user/project/member, tables de correspondance, pending members, high-water marks et outbox.",IAM et anciennes sources benutzer/data-dev ; OpenFGA écrit uniquement par IAM ; notification-center pour transfert.,IAM Rust possède les identités canoniques ; Catalog consomme des événements ordonnés et dédupliqués pour sa présentation. Les changements de propriétaire et de classification ont une révision et un reçu. Un retard de projection ne permet pas d'autoriser avec une identité périmée.,"Importer les correspondances au lieu de supposer IAM UUID égal au subject. Drainer les pending members et prouver la parité avant coupure. Rejouer les faits sur un groupe isolé, puis désactiver les consommateurs hérités cohorte par cohorte.",Un offboarding réattribue toutes les branches et n'accorde rien au compte supprimé. Rejouer le journal ne double ni membres ni droits. Un membre reçu avant son projet devient visible après création sans intervention manuelle ni perte d'événement.
data-model,DM-21,"Ajouter éditions, lignage et collections sans confondre les autorités","Le modèle observé conserve une origine source, les branches, les sorties de flows et des historiques de refresh. Aucun contrôleur dédié aux collections, aucun graphe de lignage par édition et aucune entité Edition avec table UUID, snapshot, schema/spec et preuve d'audit n'ont été trouvés dans ce service. Les types actuels décrivent des connecteurs ou DATAFLOW ; ils ne sont pas les huit kinds de datasets de la cible. Cette fiche décrit donc un besoin cible, pas une capacité livrée.","Équipe Catalog/Datasets, utilisateurs qui organisent et tracent les données.","Existant : Dataset, SourceDataset, DatasetRefreshHistory et DataflowDecision. API cible de collections/éditions/lignage à spécifier, aucun chemin inventé.","Actuel : PostgreSQL métier et provenance partielle. Cible : commandes/drafts PG et éditions Iceberg autoritaires, index Catalog reconstruisible.",Flows fournit entrées et sorties ; Writer crée les candidats ; Audit produit la preuve ; Publisher approuve ; Query épingle les éditions.,"Datasets Rust définit TABLE, INCREMENTAL, VIEW, FILESET, MODEL, EMBEDDINGS, FEATURESET et STREAM. Chaque kind publie une édition Iceberg avec origin.* dès le candidat et références d'artefacts immuables. Catalog propose des collections de références, sans recopier données ni droits. Le lignage relie éditions d'entrée, contrat, run et édition de sortie. Une release multi-sorties est elle-même une édition avec checkpoint commun et participants, y compris inchangés.",Importer la provenance ancienne avec un niveau de complétude déclaré. Constituer l'historique approuvé sans exposer tous les snapshots techniques. Ne pas déduire de checkpoint depuis un historique de commandes PG. Introduire collections et nouveaux kinds progressivement derrière des contrats versionnés.,"Perdre l'index Catalog permet de reconstruire les éditions et le checkpoint depuis Iceberg. Une collection ne confère aucun droit supplémentaire. Une release visible ne contient pas de mélange de versions ; ses lecteurs, ack et GC utilisent le même manifeste. STREAM passe aussi par WAP après journal durable."
data-dev,DD-01,"Projets, espaces personnels et compatibilité avec IAM","Les routes historiques listent les projets avec recherche, tri, pagination, filtre onlyMine et inclusion des espaces personnels. La visibilité du demandeur passe par une décision IAM avant restitution. Les réponses exposent la correspondance avec les identifiants IAM et des en-têtes de dépréciation. La création valide manager et slug, crée les applications initiales et émet les événements projet. Un mode de passage par IAM écrit d'abord le projet central puis le miroir local. PATCH /projects/{id} répond 410. La suppression est rejouable si un tombstone prouve une suppression antérieure. Un espace SINGLE exige une règle particulière d'administration pour sa suppression et sa création est conditionnée au profil utilisateur.","Développeur, responsable de projet, administrateur d’organisation et IAM.",GET/POST /projects ; GET/DELETE/PATCH /projects/{id} ; GET /projects/exists ; POST /projects/list ; GET /projects/personal-space ; GET /users/{id}/projects ; GET /kpi/projects.,"Project et ProjectMember en PostgreSQL, visibilité PUBLIC ou SINGLE, nom historique et identifiant IAM canonique. Initialisation des applications et enregistrement de compte de service peuvent prolonger le cycle après création.",IAM par le pont d’écriture et décisions de visibilité ; événements vers consommateurs de projets ; applications Gitea/Jupyter ; enregistrement IAM du compte de service.,"IAM Rust possède les projets, adhésions, identifiants et espaces personnels. Flows ne garde que la référence canonique nécessaire aux graphes. Applications prend en charge les effets de provisionnement, avec reçus persistants.","Importer les correspondances legacy/IAM, inventorier les appelants des routes dépréciées, puis fournir une façade temporaire. Déplacer les effets applicatifs dans une procédure de provisionnement reprise sur incident avant de supprimer les tables miroir devenues inutiles.","Créer un projet avec membres, interrompre le provisionnement Gitea puis reprendre. IAM garde un seul projet, les applications finissent par converger et la façade restitue le même identifiant. Un utilisateur sans droit de lecture ne modifie ni les lignes ni le total visible d’une page."
data-dev,DD-02,"Miroirs d’identité, membres et départ d’un utilisateur","Les événements utilisateurs, groupes, abonnements et membres alimentent des miroirs locaux et les effets applicatifs. Lors d’une désactivation, les flows du membre et les projets dont il était manager peuvent être réaffectés. Lors d’une suppression, l’espace personnel peut être supprimé, les adhésions ordinaires retirées et les propriétaires remplacés. L’absence de remplaçant ne crée pas de nouveau propriétaire implicite. Le nettoyage Git vérifie l’identité du compte par email avant verrouillage. Une erreur Git laisse le miroir révoqué mais le compte distant inchangé et incrémente un compteur. Les rôles historiques servent encore à certaines règles métier de provisioning et d’éligibilité, même si la décision d’accès des routes est centrale.","IAM, administrateurs et consommateurs des événements de lifecycle.",OnUserDeactivatedCommandHandler ; OnUserDeletedCommandHandler ; ReapUserFootprintCommandHandler ; événements de membres et d’identité. GET /projects/{id}/members ; GET /users/{id}/check-owner.,"User, groupes, abonnements et ProjectMember en miroir ; propriétaires de projets/flows ; états des applications ; compte Git distant verrouillable.","Flux IAM ou legacy, événements de transfert de propriétaire, Gitea et applications du projet.",IAM Rust émet des événements versionnés et ordonnés par identité. Flows et Applications appliquent des changements idempotents. L’offboarding devient une opération suivie jusqu’aux reçus des effets distants.,"Reprendre chaque règle de transfert, conserver les références historiques d’auteur et ne pas assimiler désactivation à effacement. Introduire une file de réconciliation du verrouillage Git, car le chemin lu signale l’échec sans réparateur automatique.","Désactiver le propriétaire pendant une indisponibilité Gitea. Les nouveaux accès et runs sont refusés, l’historique reste attribué, le transfert décidé par IAM est appliqué une seule fois et un effet de verrouillage non terminé reste visible jusqu’à son acquittement."
data-dev,DD-03,"Dépôts Gitea, comptes Git et clés SSH","L’initialisation d’une application Gitea crée un état WAITING et émet une commande asynchrone. L’adaptateur sait assurer l’organisation, créer/supprimer un dépôt, migrer un dépôt, gérer les collaborateurs, créer/retrouver des comptes et verrouiller leur connexion. La résolution d’un login existant tient compte du login conservé et de l’email. Le retrait d’un collaborateur peut refaire la résolution si le serveur ne connaît plus le login stocké. Les viewers et business analysts sont exclus de certains effets de collaboration. Les clés SSH locales portent un convertisseur de chiffrement et une procédure de rechiffrement existe. Ces dépôts de projet ne sont pas les branches de graphes métier, conservées en base.",Membres techniques du projet et opérateurs de migration Git.,InitGitCommandHandler ; CreateGitRepositoryCommandHandler ; EditGitMemberCommandHandler ; GitCrudService ; GiteaCrudServiceImpl. Pas de préfixe public Git inventé.,"Application GITEA avec statut de provisioning, login Git dans le miroir utilisateur, dépôt/collaborateurs distants et SSHKey chiffrée en PostgreSQL.","REST Gitea, événements d’applications, utilisateurs/membres et chiffrement partagé avec l’infrastructure existante.","Applications Rust encapsule Gitea, tiers Go compatible avec la cible zéro JVM. IAM possède l’identité. Flows référence un commit de code ou un artefact immuable quand un run dépend d’un dépôt.",Séparer l’adaptateur Git du compilateur de graphes. Migrer les clés par une procédure contrôlée sans valeurs dans les exports. Conserver les identifiants de comptes et reçus de provisionnement pour éviter les créations concurrentes.,Rejouer deux fois la création d’application puis renommer un compte distant. Un seul dépôt et un seul compte sont liés au projet ; la suppression d’adhésion retire le bon collaborateur. Une identité Git non prouvée produit un échec explicite et aucun verrouillage d’un tiers.
data-dev,DD-04,Provisionnement des notebooks et contexte de projet,"NotebookUseCase initialise une application JUPYTER, soit immédiatement soit par événement. Avant de provisionner, il vérifie que l’application et le projet existent encore pour éviter de recréer un projet supprimé pendant la file d’attente. Il initialise ensuite manager et membres. Les erreurs métier de reprise donnent RETRY, les autres ERROR. La route de lien calcule l’URL par utilisateur et slug du projet. La route d’informations destinée au notebook vérifie la permission centrale de création, la visibilité du projet et retourne le contexte utilisateur/projet/Git. Le paramètre applicationName de cette dernière route n’est pas le mécanisme de sélection du projet dans le handler lu.","Utilisateur ouvrant un notebook, IAM et service d’applications.",GET /projects/{projectId}/notebooks/link ; GET /users/me/application/{applicationName}/{projectSlug} ; NotebookUseCase.createNotebook.,"Application JUPYTER et statuts WAITING, RETRY ou ERROR ; associations aux membres ; contexte référencé depuis PostgreSQL.","ApplicationServiceJupyter, événements d’applications, décisions IAM et dépôt Gitea du projet.","Applications et Runtimes Rust gèrent le lancement et les quotas ; l’interface notebook peut rester Python/TypeScript. Chaque accès aux données passe par les contrats Query/Writer associés au projet et au run, sans session Spark finale.","Préserver les liens, volumes et attribution des notebooks. Remplacer le contexte de credentials ambiants par une délégation courte et bornée. Retirer les chemins Spark Connect seulement après qualification du SDK utilisateur de remplacement.",Supprimer un projet entre l’émission et le traitement du provisioning. Aucun notebook ne réapparaît. Ouvrir un notebook autorisé fournit le bon contexte canonique et les accès au stockage expirent après révocation du run.
data-dev,DD-05,"Découverte des flows, versions, KPI et favoris","Les contrôleurs offrent listes de flows par projet et cluster, détail avec branche/version, métadonnées, sorties, état avant publication, historique des versions et dernier script exécuté d’une transformation. Les versions ont des actions visibles ou cachées, notamment collecte, suppression, preview et retouche de colonnes. Les KPI de projets distinguent SINGLE et PUBLIC. Le favori est une association propre à l’utilisateur, idempotente à l’ajout, et émet un événement de création/suppression. L’ajout exige la visibilité de la cible si le point d’entrée n’a pas déjà imposé l’autorisation de gateway.","Développeur, frontends et administrateur.",GET /dataflows ; GET /dataflows/list ; GET /dataflows/clusters/{clusterId} ; GET /dataflows/{id} ; GET /dataflows/{id}/metadata ; GET /dataflows/{id}/outputs ; GET /dataflows/{id}/branches/{branchName}/versions ; GET /kpi/dataflows ; POST /users/favorite.,"Définitions, branches, versions, miroir d’exécutions et favoris en PostgreSQL. Les actions techniques ont un indicateur unshown ; elles ne doivent pas être perdues à cause du filtrage d’interface.",Miroirs process-data pour l’exécution ; Notifications pour les favoris et abonnements ; IAM/gateway pour la visibilité.,"Flows Rust expose les contrats de recherche et l’historique des définitions. Audit conserve les opérations techniques. Frontends garde les vues distinctes entre versions de définition, runs et éditions de données approuvées.","Construire une matrice de champs, ordres, pagination et filtrage pour chaque route. Importer l’historique caché avec son type d’origine. Migrer les favoris sans les convertir en droits persistants.","Comparer les pages et filtres sur un jeu comportant plusieurs branches, versions cachées et projets non visibles. Les totaux restent cohérents. Un favori ajouté deux fois ne crée qu’une relation et ne redonne pas accès après révocation."
data-dev,DD-06,Sauvegarde de graphes et concurrence d’édition,"POST /dataflows crée ou sauvegarde un flow. À la création, owner doit désigner l’appelant. À la sauvegarde, le handler charge le flow et refuse de changer son projet ou son propriétaire par ce parcours. Le type et le cluster doivent être compatibles. Le graphe est validé avant génération. Un baseVersionId optionnel provoque un verrou de sauvegarde puis une comparaison avec la dernière version. Un décalage lève un conflit. Le diff distingue changement fonctionnel, métadonnées et absence de changement. Sans baseVersionId, certains changements de métadonnées actualisent la version existante ; avec cette précondition une nouvelle version est générée. Un changement fonctionnel de main déjà en production doit passer par proposition.",Auteur et collaborateurs du flow.,POST /dataflows ; DataflowCreateCommandHandler ; DataflowSaveConflictAdvice.,"DataflowDefinition, DataflowBranch et GraphVersion. Le graphe contient entrées, transformations, sorties, arêtes et positions. Le graphe sauvegardé et ses scripts sont liés à une version, mais le chemin historique peut actualiser une version pour un changement de métadonnées.","Cluster miroir, variables, compilateur de scripts, S3, événements de versions et faits d’autorisation.","Flows Rust sépare draft mutable et révision exécutable immuable. Chaque sauvegarde porte une révision attendue. Le manifeste compilé fixe code, schémas, dépendances, paramètres non secrets et références d’entrées.",Importer les graphes et actions de version sans réécrire les anciennes preuves. Rendre la précondition obligatoire dans le nouveau contrat. Conserver un adaptateur de sauvegarde legacy pendant la migration de l’éditeur TypeScript.,Deux collaborateurs sauvegardent le même draft à partir de la même révision. Une seule écriture gagne et l’autre reçoit un conflit avec la révision courante. Le manifeste d’un run déjà lancé reste identique après déplacement de nœuds ou changement de cluster.
data-dev,DD-07,Règles du graphe et compilation des transformations,"GraphValidator refuse les imports wildcard. PYSPARK et SQL exigent exactement une sortie par transformation ; une sortie doit avoir une transformation productrice. Python accepte plusieurs sorties. Le compilateur calcule les dépendances par les entrées, sorties et transformations amont, parcourt les transformations prêtes et propage leurs schémas. Il rend des templates différents pour Python, PySpark et SQL. SQL reste aujourd’hui une exécution PySpark dans le contrat Protobuf. Chaque transformation reçoit un ScriptId, un type, des dépendances, des sorties et éventuellement un cluster. Les archives contiennent main.py et les modules publiés du projet, puis sont écrites en S3 sous la version et le script.","Développeur de flow, éditeur et exécuteur.",ScriptGeneratorService.generateGraphVersion ; GraphValidator.valid ; GraphExecutionEventProducer ; GET /dataflows/{id}/transformations/{tid} pour le contrat pylib.,GraphVersion avec scripts ; artefacts S3 par version/script ; dépendances de scripts ; mappings des transformations et étapes.,"JGraphT, templates Python/SQL, modules internes, schémas des datasets, S3 et process-data via VersionEvent.","Flows Rust compile un graphe typé indépendant du moteur. Les opérateurs tabulaires produisent un plan SQL/Arrow exécuté par Query/Runtimes Rust. Python utilisateur reste possible dans un processus isolé. Aucune dépendance finale à PySpark, Spark Connect ou runtime JVM.",Classer chaque flow par langage et fonctions utilisées. Transpiler les opérateurs déclaratifs et traiter les appels Spark spécifiques comme incompatibilités explicites. Conserver les artefacts historiques ; produire de nouveaux artefacts avec empreinte et version du compilateur.,"Pour un graphe Python à deux sorties et un graphe SQL à jointure, vérifier ordre de dépendances, schémas, résultats et erreurs équivalentes. Une fonction exclusivement Spark est signalée avant activation du runtime Rust, avec localisation de la transformation."
data-dev,DD-08,Transformations low-code et schémas intermédiaires,"Le vocabulaire low-code comprend filtrage/renommage/standardisation de colonnes, group by, jointures gauche/droite/interne/externe, colonne conditionnelle, suppression de doublons, filtres de lignes, concaténation, calcul mathématique, cast, union, calcul et recherche textuelle, top N et preview. Un alias historique FILTER_COLUMN reste accepté. Les étapes sont ordonnées, valident leur payload et calculent leurs schémas avant génération. Les opérations à deux entrées doivent nommer des sources disponibles. Les endpoints generate et validate opèrent sur un graphe et une étape cible ; si un flow existant est nommé, son projet doit correspondre au projet du payload.",Utilisateur de l’éditeur visuel et concepteur de modèles de transformation.,POST /dataflows/generate ; POST /dataflows/validate ; StepProcessorServiceFactoryImpl et DataflowGraphProcessorServiceImpl.,"Étapes typées avec identifiant, ordre et payload ; OwnerSchemasCompute avec schéma rattaché au nœud/étape ; pas d’édition Iceberg créée par la seule validation.","Schémas des branches datasets, factory des processors et templates PySpark.","Flows et Query Rust portent un registre versionné d’opérateurs. Chaque opérateur définit types, nulls, dates, ordre, validation et lowering vers le moteur sans JVM. L’interface TypeScript consomme le même contrat de schéma.","Établir une fiche de parité par opérateur, y compris null, timezone, doublons, casts invalides, ordre des colonnes et stabilité top N. Garder les identifiants d’étapes et alias de payload pendant l’import.",Exécuter une campagne par opérateur sur types mixtes et valeurs limites. generate et validate du même draft annoncent le schéma réellement obtenu à l’exécution. Une jointure désignant une entrée absente échoue avant création d’un job.
data-dev,DD-09,Manifestes d’accès et séparation des branches de données,"Chaque script généré porte une liste d’entrées dataset/branche et de sorties dataset/branche/mode. APPEND et OVERRIDE deviennent APPEND et REPLACE. Les versions techniques de suppression utilisent DELETE. Le manifeste est sérialisé dans VersionEvent et conservé côté exécution. DataflowForLibService calcule les entrées/sorties de la transformation et choisit aujourd’hui main pour une branche en production ou une branche Nessie dérivée de l’identifiant de branche pour un draft. Sur une sortie en production, le schemaMode est relu depuis le dataset main. Les opérations techniques peuvent porter executionProjectId pour ne pas traiter leur référence synthétique de dataset comme un vrai projet.","Compilateur, service d’exécution, bibliothèque Python et services d’autorisation du stockage.",ExecutionStorageManifest ; DatasetInputAccess ; DatasetOutputAccess ; VersionEvent.storageManifest ; DataflowForLibServiceImpl.getTransformationFromBranch.,"Manifeste par script et metadata execution_project_id pour versions techniques. Les branches métier, les branches de datasets et les références de catalogue doivent rester distinguées.","Miroir de schémas data-model, process-data, S3 et catalogue actuel Nessie dans le runtime.","Flows Rust produit un manifeste immuable qui fixe les éditions d’entrée autorisées et les huit kinds cible. Writer de confiance autorise le staging exact ; Publisher décide la publication Iceberg. Le worker reçoit uniquement la portée nécessaire, sans table.modify générique qui permettrait aussi drop/commit.","Reprendre les manifestes déjà présents et mettre à part les versions anciennes nulles. Un backfill s’appuie sur la version historique prouvée, jamais sur le draft courant. Adapter les références Nessie vers UUID/ref/schema/spec Iceberg et garder l’identité d’origine dans origin.* du candidat.",Un script qui tente une écriture vers un dataset hors manifeste est refusé. Une ancienne version sans preuve de ses entrées ne reçoit pas d’accès large. Un candidat conserve les références d’édition de ses entrées après une publication concurrente de main.
data-dev,DD-10,"Variables globales, locales et valeurs secrètes","Le flow porte des variables globales et chaque branche des variables locales. Les globales ne changent que depuis main. Leur modification déclenche une génération VERSION_ENV_VAR sur les autres branches. Un secret reçu sans nouvelle valeur conserve la valeur stockée par son identifiant, alors qu’une valeur absente sans remplacement possible est refusée. Les doublons de clés globales sont vérifiés. Le DTO masque un secret par une chaîne vide. Le DAO stocke toutefois la valeur dans une colonne String sans convertisseur de chiffrement visible, et le générateur transforme les variables en code d’environnement inclus dans le script. Le masquage d’API ne prouve donc pas un chiffrement ni une absence du secret dans les artefacts.",Auteur du flow et opérateur des secrets.,EnvVarDTO dans POST /dataflows ; EnvVarCommand.toEnvVar ; DataflowCreateCommandHandler.buildEnvVars.,"EnvVar avec portée, clé, description, isSecret et valeur en PostgreSQL ; versions régénérées et scripts S3.",Générateur de scripts et bus de versionnement automatique.,"Flows Rust conserve les noms et références de secrets ; Runtimes résout une version de secret au lancement via IAM. Le manifeste et les artefacts publiés contiennent la référence et une preuve de version, jamais la valeur. Les logs et erreurs n’exposent pas cette valeur.",Inventorier les variables et artefacts qui peuvent incorporer des secrets sans exporter leur contenu. Migrer vers un magasin chiffré et faire tourner les secrets concernés selon une procédure contrôlée. Fixer la règle de priorité entre portée globale et locale dans le contrat.,Une sauvegarde d’un secret masqué préserve sa référence. Un changement global crée de nouvelles révisions pour les branches concernées. Une recherche sur les artefacts et événements du nouveau runtime ne retrouve aucune valeur secrète injectée au lancement.
data-dev,DD-11,Branches de développement et restauration contrôlée,"Une branche naît d’une branche source existante, après validation du flow, du nom et de l’unicité active. Le nom doit satisfaire à la fois les contraintes Git historiques et Spark ; main est réservé au parcours prévu. La création d’une branche précédemment supprimée peut réutiliser son identifiant puis la restaurer explicitement. Le simple upsert de graphe refuse au contraire de ressusciter une branche supprimée. La branche reçoit un propriétaire, un graphe copié puis régénéré, des versions et une configuration de cluster. La suppression clôt les MR source ou cible non finales et émet les faits d’autorisation correspondants. Le handler contient encore un contrôle local de propriétaire de branche ou de flow.",Développeur et propriétaire du flow.,GET /dataflows/{id}/branches ; GET /dataflows/{id}/branches/exist ; POST /dataflows/{id}/branches ; DELETE /dataflows/{id}/branches/{branchName} ; PUT /dataflows/{id}/branches/{branchName}/cluster.,"DataflowBranch avec sourceId, statut, owner, deleted, lastMergedAt, cluster et versions. Noms de branche main et personnalisés.","Générateur, variables, versions, MR, cluster miroir et IAM par faits de branches.","Flows Rust conserve la filiation et les droits de branches. La branche de définition devient indépendante des contraintes de nom de Spark et des refs Iceberg de staging, ces dernières étant produites par Writer/Publisher.","Conserver les IDs, noms et tombstones. Retirer les contraintes de nom propres à Spark seulement avec un mapping explicite. Clarifier dans IAM les règles de suppression encore contrôlées localement pour éviter un changement de droit durant le transfert.","Créer, supprimer puis recréer une branche par la route dédiée préserve la filiation attendue. Un upsert ordinaire du même nom reste refusé. Les MR touchées se ferment ou se retargetent selon le contrat, sans référence orpheline."
data-dev,DD-12,"Propositions de fusion, diff et résolution des conflits","Une MR référence source, cible, auteur, reviewer, titre, description et suppression éventuelle de source. La création vérifie que le demandeur possède la source, que le reviewer existe et appartient au projet, puis calcule le statut de conflit. Elle émet des abonnements, notifications et faits d’autorisation. Les API listent les MR, les comptent, retournent leurs changements et le contenu d’un nœud. La résolution applique un choix de nœud au graphe source et conserve le hash du script cible contre lequel la décision a été prise. Une MR finale n’est plus résoluble. L’appartenance de la MR au flow de l’URI est vérifiée. Les diffs distinguent entrées, sorties, arêtes, code et étapes low-code.","Auteur, reviewer et collaborateurs du projet.",POST/GET /dataflows/{id}/merge_requests ; GET /dataflows/{id}/merge_requests/{mrId} ; GET /dataflows/{id}/merge_requests/{mrId}/content/{nodeId} ; POST /dataflows/{id}/merge_requests/{mrId}/resolve ; GET /dataflows/{id}/merge_requests/countOpen.,"DataflowMergeRequestDefinition, historique de statuts et MergeRequestResolution avec auteur, date et hash du script cible ; nouvelles versions de la source après résolution.","GraphDiffCalculator, ConflictResolutionApplier, versions et modules compilés, Notifications et IAM.",Flows Rust reprend le diff sémantique et associe chaque revue aux révisions source/cible exactes. Audit conserve les décisions de résolution. Une revue de définition reste distincte de l’audit d’un candidat de données.,"Importer les MR ouvertes et leurs preuves de résolution. Conserver les identifiants des nœuds et les hashes déjà produits. Lors du basculement, recalculer les conflits contre les révisions importées et invalider les revues dont la cible a changé.","Résoudre un conflit, modifier ensuite la cible puis tenter la fusion. La résolution obsolète est détectée et une nouvelle revue est demandée. Une MR d’un autre flow donne la même absence que si elle n’existait pas dans le flow demandé."
data-dev,DD-13,"Approbation, fusion et maintenance des MR dépendantes","L’approbation charge le flow et la MR, vérifie leur relation, puis construit une version VERSION_MERGE sur la branche cible à partir du graphe fusionné et des variables de la cible. Un refus doit porter un commentaire. Après fusion, la source peut être supprimée ou conserver lastMergedAt. Si elle disparaît, les MR qui partaient de cette source sont clôturées ; celles qui la visaient sont retargetées vers la nouvelle cible, sauf si cela ferait de la branche sa propre source. Les triggers devenus sans objet peuvent être retirés. Le retour indique aussi si les clusters source et cible sont identiques. Un recalcul des statuts des autres MR est tenté après la fusion et son échec est journalisé.","Reviewer, auteur et responsable de production.",POST /dataflows/{id}/merge_requests/{mrId}/approval ; DataflowMergeRequestApproveCommandHandler.,"Statut final MERGED ou DELETED, nouvelle version de cible, source supprimée ou lastMergedAt mis à jour, MR restantes modifiées.","BranchService pour fusion, variables et scripts, triggers, versions et événement exécutable.",Flows Rust réalise la fusion par comparaison atomique des révisions approuvées. Les retargets et suppressions font partie d’une commande durable. Audit enregistre qui a approuvé quel diff et la révision résultante.,Porter les règles de retarget des MR en chaîne. Faire des échecs de recalcul une tâche persistante observable. Préserver le comportement des variables de cible et clarifier le changement de profil runtime entre source et cible.,Fusionner A dans main avec suppression de A alors qu’une MR B vise A. La MR B vise ensuite main ; une MR main vers A est clôturée. Une panne après création de la révision cible permet de reprendre les retargets sans deuxième fusion.
data-dev,DD-14,Mise en production d’une définition de flow,"La publication cible aujourd’hui main. Elle refuse un flow absent ou supprimé, lit la dernière exécution pour le résumé, passe la branche au statut PRODUCTION et génère VERSION_PUBLISH. Le script et les sorties sont ensuite émis vers process-data. Le résumé renseigne la dernière exécution et si elle a démarré après la dernière modification. Dans le handler lu, ces indicateurs ne constituent pas une exigence de succès avant publication. L’opération publie donc une définition exécutable, pas une édition de données ayant franchi un audit WAP. La route lazy fournit l’état préalable sans exécuter cette transition.",Propriétaire habilité à publier le flow.,POST /dataflows/{id}/publish ; GET /dataflows/{id}/publish/lazy ; DataflowPublishCommandHandler.,DataflowStatus DRAFT/PRODUCTION sur la branche ; GraphVersion VERSION_PUBLISH ; information d’exécution distincte.,"Versions, variables, miroir des exécutions et producteur GraphExecutionEvent.","Flows Rust publie une révision de définition. Publisher Rust publie séparément les résultats de chaque run après audit. Les huit kinds, y compris STREAM, suivent WAP ; la réussite du job ne détermine pas à elle seule l’autorité des données.","Renommer les concepts d’interface et de contrat pour garder publication du flow et publication des résultats distinctes. Importer le statut de production existant comme activation de définition, sans le convertir en preuve d’approbation d’un snapshot.","Activer une définition puis exécuter un run dont l’audit échoue. La définition demeure activée, le candidat reste non publié et les lecteurs restent épinglés sur la dernière édition approuvée. L’historique distingue les deux décisions."
data-dev,DD-15,Preview d’une étape low-code et preuve de portée,"Le preview charge le flow et la branche, utilise le graphe fourni ou le dernier graphe sauvegardé, exige une transformation low-code et une étape existante. Les datasets amont doivent avoir un état SUCCESS dans les branches attendues. Le graphe est tronqué à l’étape demandée avec un nouvel identifiant, puis le compilateur produit une version VERSION_PREVIEW et l’émet. Un endpoint interne destiné à Data Serve retourne les entrées d’un preview seulement si la version persistée est de ce type et si tous ses scripts ont un manifeste. Il vérifie en plus le client du bearer. Le chemin de génération lu ne sauvegarde pas directement cette version ; ce raccord de persistance est une question ouverte vérifiée dans le code.","Utilisateur de l’éditeur, runtime de preview et Data Serve.",POST /dataflows/{id}/preview ; GET /internal/dataflow-versions/{versionId}/preview-scope.,"Graphe tronqué, identifiant de preview, scripts et artefacts temporaires ; PreviewScope lié aux manifestes persistés attendus.","Schémas/états des datasets, générateur, process-data et contrôle Data Serve.","Flows Rust crée un RunSpec de preview immuable et persistant. Runtimes applique bornes de lignes, temps et mémoire ; Writer ne publie aucune édition de production. Query n’ouvre le résultat qu’après vérification de sa portée et de sa durée de rétention.",Corriger ou établir le raccord entre émission et stockage du preview avant reprise fonctionnelle. Faire du résultat un artefact associé au run et non une permission fondée sur un UUID fourni par le client.,"Créer un preview d’une étape intermédiaire, perdre le navigateur puis reprendre par son ID. Les mêmes entrées épinglées sont restituées, le scope reste disponible au consommateur autorisé et un bearer humain direct reçoit un refus."
data-dev,DD-16,Modules Python réutilisables et republication des flows,"Un module interne appartient à un projet et n’accepte que PYTHON ou PYSPARK. Son nom suit des limites, une liste de mots interdits et les contraintes de nom de fichier importable. La sauvegarde distingue script/description/snippet publiés et drafts ; les imports wildcard sont refusés. La publication inscrit publicationId, publishedBy et lastPublished et copie le draft comme script publié. La suppression et la publication déclenchent une régénération asynchrone de toutes les branches du projet. Les archives de run chargent les modules publiés par type. isUsableInRun repose sur publicationId afin qu’une attribution historique manquante n’efface pas l’usage d’un module publié.","Auteur de module, publisher du projet et utilisateurs des flows.",GET/POST /projects/{projectId}/internal-modules ; GET /projects/{projectId}/internal-modules/{moduleId} ; POST/DELETE /projects/{projectId}/internal-modules/{id} ; POST /projects/{projectId}/internal-modules/{id}/publish ; GET /projects/{projectId}/internal-modules/exists.,InternalModule avec champs draft/publiés et identité de publication ; versions VERSION_MODULE régénérées pour les branches du projet.,"Registre de modules, compilateur d’archives, événement automatique par branche, IAM par faits de module.","Flows et Runtimes Rust portent un registre d’artefacts de modules immuables avec digest, dépendances et provenance. Python utilisateur reste supporté ; les modules PySpark doivent migrer vers les API de données sans JVM.",Importer chaque version publiée séparément du draft. Capturer les dépendances exactes d’un run au lieu de recharger une liste mutable de modules. Remplacer la régénération globale par des dépendances déclarées tout en gardant une réconciliation des branches affectées.,Publier un module pendant qu’un ancien run est en cours. Ce run conserve l’ancien digest ; un nouveau run utilise le nouveau. Un module draft ou un nom de fichier invalide n’entre pas dans l’archive exécutable.
data-dev,DD-17,"Métadonnées, transfert de propriétaire et faits d’autorisation","La mise à jour des métadonnées change nom et description et peut modifier le trigger. Elle refuse un owner différent du propriétaire courant. Le transfert dispose d’une route distincte. Le nouveau propriétaire doit exister, être éligible selon le rôle métier historique et appartenir au projet. Une mise à jour conditionnelle compare l’ancien owner ; zéro ligne modifiée produit une raison explicite, dont conflit concurrent. Le controller ouvre une transaction couvrant le changement et ses événements. Le writer de transfert associe l’événement consommé par process-data au fait d’autorisation consommé par IAM. Une réaffectation après départ de membre emprunte également ce mécanisme spécialisé.","Propriétaire du flow, propriétaire de projet autorisé et workflow IAM d’offboarding.",POST /dataflows/{id}/metadata ; PATCH /dataflows/{dataflowId}/owner/{newOwnerId} ; ChangeDataflowOwnerCommandHandler.,"ownerId courant, version d’autorité attendue au transfert, métadonnées et faits outbox.",IAM/APISIX pour la permission de route ; miroirs users/members pour règles métier ; process-data et IAM pour propagation.,IAM Rust décide les droits et éligibilités. Flows Rust conserve la propriété métier et enregistre transfert plus événements dans une même transaction. L’identité capturée d’un run existant ne change pas lors d’un transfert ultérieur.,"Conserver la séparation entre auteur de révision, propriétaire courant et principal d’exécution. Supprimer les contrôles de rôle hérités seulement après définition d’une règle centrale équivalente.",Un collaborateur sauvegarde un graphe sans devenir propriétaire. Deux transferts concurrents ne produisent qu’un gagnant et une seule chaîne d’autorité cohérente. Un ancien run garde l’identité responsable de son lancement.
data-dev,DD-18,Déclencheurs fonctionnels et miroir de planification,"Les métadonnées d’un flow peuvent référencer un dataset, un autre flow ou un chemin de fichiers du projet comme trigger. Le handler vérifie l’existence du dataset ou du flow et refuse les flows supprimés ; il émet création, modification ou suppression du trigger selon la différence avec la valeur existante. La liste des triggers possibles parcourt toutes les pages des flows du projet, exclut le flow courant et expose aujourd’hui un choix de chemin racine. Les événements de schedules provenant de process-data alimentent le miroir de développement. L’exécution des cron n’appartient pas à ce service.",Développeur configurant une dépendance événementielle.,"GET /dataflows/{id}/triggers ; POST /dataflows/{id}/metadata ; TriggerAtEventDatasetUpdateCommand, TriggerAtEventDataflowUpdateCommand et TriggerAtEventProjectFileUpdateCommand.","TriggerAtEvent unique associé au flow, dataset/flow déclencheur ou projet/chemin ; miroir ExecutionSchedule.","Événements de triggers vers process-data, miroirs de datasets/flows et retour des événements de schedule.","Flows Rust possède la définition des dépendances et Scheduler dans Runtimes produit des commandes idempotentes. Une dépendance de données se déclenche sur une publication approuvée, avec son édition et sa clé de déduplication.","Inventorier cycles et changements de triggers, fixer la règle d’événement attendu pour les anciennes dépendances et importer les chemins. Pour STREAM, exiger un journal durable avant gouvernance et découper des runs bornés par epoch/range.",Rejouer une notification de publication et un événement de fichier. Chaque occurrence légitime crée au plus un run ; une occurrence dupliquée n’en crée pas. Un candidat refusé par audit ne déclenche aucun flow dépendant de données publiées.
data-dev,DD-19,Demandes de création de datasets et compilation des collectes,"POST /datasets et /datasets/bulk préparent des demandes de collecte après décision IAM sur les cibles du payload. Le batch doit être non vide et viser un seul projet. Les fréquences PLANNED et les triggers événementiels sont refusés dans ce parcours. La validation des triggers porte sur tout le batch, mais les événements sont ensuite émis dataset par dataset et le controller documente l’absence d’atomicité globale. À réception d’une collecte CREATED ou UPDATED, le service attend brièvement le miroir du dataset, vérifie qu’il existe des entrées valides puis produit une CollectVersion. Il convertit CSV, XLSX, JSON, XML et Parquet ainsi que schéma cible, préparations et modes APPEND/OVERRIDE.","Utilisateur de collecte, data-collect et IAM.",POST /datasets ; POST /datasets/bulk ; DatasetCollectEvent ; DataflowCreateOrUpdateCollectDatasetCommandHandler.,"Commande de dataset créée par événement ; miroir DatasetBranch ; CollectVersion cachée avec executionProjectId réel, script et manifeste de sortie.","IAM dataset creation authorization, data-collect, data-model, stockage des fichiers importés, process-data et templates de collecte.",Datasets et Connectors Rust prennent les commandes de collecte. Flows compose les transformations ; Writer écrit les candidats. Le résultat et le checkpoint source publié sont autoritaires dans l’édition Iceberg ; PostgreSQL garde la commande et les reçus.,Sortir la génération de scripts Spark du parcours de collecte. Remplacer le batch partiel sans reçu par une commande avec résultat par item et clé d’idempotence. Reprendre chaque préparation et règle de schéma avant changement de moteur.,"Interrompre un batch au troisième dataset puis le rejouer. Chaque item déjà accepté garde le même résultat, les autres reprennent et le client voit le détail. Une collecte sans entrée valide ne crée pas de publication vide implicite."
data-dev,DD-20,Opérations techniques sur datasets et schémas,"Les événements de data-model peuvent générer des versions techniques de suppression de table/branches, vidage et retouche de colonnes. La suppression supprime le miroir local puis produit une version DELETE par dataset avec branches et projet réel ; si un tombstone sans branches arrive, elle retire le miroir sans relancer un script. Le vidage exige un miroir correspondant à la branche. Une mise à jour compare les anciens/nouveaux schémas, conserve le schemaMode utile et peut générer suppression, renommage ou cast de colonnes. Une garde refuse une suppression massive qui ferait passer un schéma existant d’au moins deux colonnes à moins de deux. Ces opérations sont des exécutions, pas de simples modifications de métadonnées.","Data-model, administrateur de données et runtime technique.","DeleteDatasetCommandHandler ; EmptyDatasetCommandHandler ; UpdateDatasetCommandHandler ; VersioningAction VERSION_DELETE, VERSION_EMPTY_DATASET, VERSION_UPDATE_COLUMN.",Miroirs DatasetBranch et versions techniques cachées ; scripts et manifestes DELETE/REPLACE selon opération ; identifiant de projet réel séparé des références synthétiques.,"Événements data-model, générateur de templates, S3 et process-data.",Datasets Rust conserve les commandes métier ; Writer/Publisher applique WAP pour mutations de contenu et schéma. Maintenance traite expiration et GC avec plan audité et gardes de rétention. Une demande de suppression logique ne donne pas au worker le droit de drop de catalogue.,"Classifier chaque action historique en suppression logique, nouvelle édition vide, évolution de schéma ou destruction physique. Importer les traces et remplacer les versions synthétiques par des RunSpec techniques explicitement typés.",Un vidage validé publie une nouvelle édition vide et l’ancienne reste lisible selon rétention. Un cast non compatible ou une suppression de colonnes non approuvée laisse la dernière édition publiée intacte. Le GC refuse un fichier encore référencé par un lecteur épinglé.
data-dev,DD-21,Retour d’exécution dans les graphes et historique de scripts,"Data-dev consomme les événements de process-data pour conserver états d’exécution, schedules et clusters utilisés par l’éditeur. Le domaine expose les statuts CREATED, PENDING, RUNNING, FAILURE, SUCCESS, SKIPPED, WARNING et CANCELED. Les graphes peuvent mettre à jour les états des nœuds/sorties depuis ces événements. Les lectures de dernière exécution servent au résumé de publication et au dernier script exécuté d’une transformation. Ce miroir de développement n’est pas l’autorité d’exécution ni la preuve qu’un dataset a été publié après audit.","Éditeur, utilisateur consultant un flow et process-data.",DataProcessKafkaConsumer ; UpdateGraphExecutionStateCommandHandler ; GET /dataflows/{id}/transformations/{transformationId}/lastExecutedScript ; GET /dataflows/{id}/publish/lazy.,"Execution miroir, états de graphe et références aux versions ; clusters/schedules miroir.","Protobuf d’exécutions process-data, stockage des versions et graphes.","Flows Rust expose une projection reconstruisible depuis le journal de runs et les éditions approuvées. Frontends présente séparément état du calcul, état d’audit et état de publication.","Conserver les identifiants de transformation, script, job et version dans les événements de remplacement. Importer les états sans les interpréter comme des preuves WAP. Prévoir la réparation de projection par replay.",Rejouer les événements de run dans un ordre retardé. Un état terminal ne redevient pas RUNNING et le graphe pointe vers le bon run. Un job réussi avec publication refusée apparaît comme calcul réussi et données non publiées.
data-dev,DD-22,"Événements fiables, faits IAM et traitement des messages en échec","Les producteurs de versions et de faits d’autorisation utilisent une outbox PostgreSQL. Le relay réclame des lignes par verrou SKIP LOCKED, attend l’acquittement Kafka puis marque sentAt. Pour les messages avec clé, sa requête bloque les successeurs tant qu’un prédécesseur du même topic/clé n’est pas envoyé. Un envoi réussi suivi d’une panne avant commit peut être livré de nouveau. Les messages en échec sont parqués avec statut, cause et informations d’origine. Data-dev dispose d’un drainer, d’un probe de dépendances, de retrait après tombstone, d’expiration et d’un endpoint JMX de census/replay. Les mutations administratives ne sont pas exposées comme endpoints web génériques dans la configuration lue.","Consommateurs de domaine, IAM et opérateurs de reprise.",OutboxPublisher/OutboxRelay ; DeadLetterEventConsumer/DeadLetterEventDrainer ; JMX dlt-replay ; AuthzFactOutboxPublisher.,outbox_event ordonné par relay_sequence ; dead_letter_event avec reçu de traitement et statut ; faits de ressources pour IAM.,"Kafka/Protobuf et JSON de certains événements, PostgreSQL, IAM comme writer des tuples.",Audit et Flows Rust conservent outbox/inbox et schémas d’événements versionnés. Le transport final n’a aucune JVM ; les clés de déduplication et d’ordre sont contractuelles. Les reçus de publication ou d’effets restent durables sans dépendre d’un fan-out UI.,Importer outbox non envoyée et messages parqués sans modifier leurs payloads. Construire des adaptateurs de double lecture temporaire avec un seul writer par ressource. Qualifier les reprises et l’ordre par agrégat avant remplacement du transport Kafka.,Faire tomber le relay après acquittement distant et avant sentAt. Le replay est dédupliqué par le consommateur et ne double ni version ni autorité. Un message dépendant d’un projet absent reste parqué puis reprend quand le projet apparaît.
data-dev,DD-23,"Migrations de code, réconciliation et exploitation","Le service combine migrations Flyway et migrations de code suivies par une table cleyrop_migration. Il possède des modes de démarrage dédiés migrate et reconcile, dont un parcours de réparation des applications et de leurs membres. Un reconciler de comptes de service reprend les projets qui ne sont pas encore provisionnés dans IAM. Les déploiements incluent des sondes, un port de management, un espace temporaire pour les archives, un PVC optionnel et des règles réseau de gateway. Les métriques couvrent notamment outbox, DLT et échecs de verrouillage Git. L’état opérationnel dépend donc de PostgreSQL, des artefacts S3 et d’effets distants, pas du seul pod API.",Opérateur de plateforme et automatisation de migration.,MigrateMode ; ReconcileMode ; UpgradeReconcile ; CleyropMigrationRunner ; ServiceAccountReconcileJob ; health/prometheus et endpoints JMX configurés.,"Journal cleyrop_migration, marqueurs de provisioning du projet, miroir d’applications, outbox/DLT, archives en S3.","Flyway, PostgreSQL, IAM, Git, applications, Kafka et S3.","Migration Rust orchestre des étapes idempotentes avec préconditions, journal et validation. Audit conserve les preuves de conversion. Maintenance suit rétention et sauvegarde des commandes, graphes et artefacts.","Exporter un inventaire vérifiable des tables et artefacts, prendre un point de reprise cohérent puis importer par cohortes. Le retrait de JVM inclut Flyway embarqué et les migrations Kotlin restantes. Garder les outils legacy isolés uniquement pendant la transition.",Interrompre l’import entre deux lots puis reprendre. Les IDs et graphes importés restent identiques ; aucun effet Git/IAM n’est doublé. Une restauration de sauvegarde retrouve les artefacts référencés et les commandes non terminées.
process-data,PD-01,Réception des versions et intégrité du manifeste,"Le consommateur VersionEvent réclame une clé d’inbox dans sa transaction puis construit une version locale. VERSION_SAVE conserve la version sans run. MERGE, PUBLISH, COLLECT, PREVIEW, DELETE, EMPTY_DATASET et UPDATE_COLUMN peuvent lancer automatiquement le traitement si le démarrage des clusters est actif. Les actions inconnues sont rejetées pour retry/DLT. Une version dupliquée ne ressuscite pas une version supprimée. Le handler peut enrichir uniquement un manifeste absent ; il vérifie le même ensemble de scripts et refuse un manifeste non nul divergent. Il préserve les autres métadonnées de la version existante. La portée execution_project_id vient du producteur et une valeur invalide ne devient pas un runner global.","Data-dev, service de migration et exécuteur.",Kafka VersionEvent ; DataDevKafkaEventConsumer.consumeVersionEvent ; DataflowVersionCreateCommandHandler ; VersionEventProtoConverter.,"DataflowVersion immatriculée par VersionId, branches et projet, scripts avec dépendances et manifestes ; inbox de déduplication ; marqueur deletedAt.","Data-dev par Protobuf/Kafka, PostgreSQL et contrôleur de runs.",Flows/Runtimes Rust acceptent un RunSpec immuable et versionné. Un même ID ne peut désigner des artefacts ou droits différents. Les versions anciennes sans manifeste sont isolées jusqu’à preuve ou conversion explicite.,"Importer versions, scripts, manifestes et inbox de manière cohérente. Conserver les références d’origine mais remplacer les IDs synthétiques d’opérations techniques par un type de run explicite. Ne jamais reconstruire des droits depuis le flow courant.","Rejouer la même version avec un manifeste égal, absent puis divergent. Les deux premiers cas conservent les droits existants ; le troisième est refusé. Rejouer une version supprimée ne la remet ni en file ni en service."
process-data,PD-02,Lancement manuel d’un flow complet,"Le lancement manuel attend que la version demandée soit visible, refuse une version supprimée et une version sans script, puis consulte la dernière exécution de sa branche. Si elle est CREATED, PENDING ou RUNNING, il refuse un nouveau run concurrent selon la règle métier locale. Le cluster vient de l’override de requête, de la version ou du précédent run, avec repli vers un cluster par défaut du type attendu. Le service crée un DataflowExecution, calcule son nom numérique par comptage des exécutions du projet, persiste ses jobs éventuels puis émet ExecutionCreatedEvent. Le demandeur authentifié devient le principal MANUAL_CALLER distinct du propriétaire de version.",Utilisateur autorisé à exécuter le flow.,"POST /dataflows/{id}/versions/{version}/run, paramètre cluster optionnel ; DataflowVersionRunManualCommand.","Execution CREATED puis événement vers le traitement de file ; principal capturé, cluster, version, timestamps et deadline.","Versions répliquées de data-dev, clusters, miroirs utilisateurs/projets, outbox d’exécution et notifications.","Runtimes Rust accepte une commande idempotente par projet et version, acquiert une réservation atomique de concurrence et fige RunSpec. Le run est borné en temps, octets et ressources, indépendamment du pod worker.",Conserver la politique de concurrence par branche ou la faire évoluer explicitement. Remplacer le contrôle lecture-puis-écriture par une contrainte/lease transactionnelle. Corréler le flow de l’URI avec la version persistée dans le nouveau contrat.,Envoyer deux requêtes concurrentes de même clé de commande sur deux replicas. Elles retournent un seul run. Deux clés différentes visant une branche limitée à un run produisent un gagnant et un conflit déterministe.
process-data,PD-03,Exécution partielle d’une transformation et réutilisation d’amont,"La route de transformation résout le script correspondant à l’identifiant métier de transformation. Elle refuse un dernier run de branche encore actif, choisit un cluster puis calcule les dépendances à relancer. Un amont dont le job précédent est SUCCESS ou WARNING n’est pas ajouté à la fermeture de dépendances. Le nouveau run peut copier des jobs du précédent avec de nouveaux IDs et isFromAnotherExecution=true, tout en relançant les scripts sélectionnés. Les dates de démarrage, la session et la deadline sont renouvelées. Le résultat est marqué isPartialRun ; le statut global ignore certains jobs copiés dans son calcul d’échec.",Développeur qui corrige ou inspecte une transformation.,POST /dataflows/{id}/versions/{version}/transformations/{transformation}/run ; DataflowVersion.getDepends ; DataflowExecution.singleScriptExecution.,"Nouveau run partiel, jobs réutilisés marqués, nouveaux jobs pour le sous-graphe nécessaire et nouvelle attribution du lancement.","Historique des jobs de branche, graphe de dépendances de la version et runtime de session.","Runtimes Rust réutilise uniquement des résultats liés à des éditions d’entrée et artefacts immuables prouvés. La sélection d’un sous-graphe enregistre les dépendances réutilisées, leur provenance et la politique d’invalidation.","Ne pas convertir isFromAnotherExecution en preuve suffisante de réutilisation. Importer cette information comme provenance historique, puis exiger digests, éditions et paramètres pour les nouveaux runs partiels.","Relancer une transformation après modification d’une entrée amont. Le runtime invalide l’ancien résultat et recalcule le sous-graphe requis. Si aucun élément du manifeste n’a changé, il réutilise l’édition exacte et l’explicite dans le reçu du run."
process-data,PD-04,"Identité d’exécution, projet réel et durée d’autorisation","L’exécution conserve ExecutionPrincipal avec MANUAL_CALLER, SCHEDULED_OWNER ou INTERNAL_OWNER. Les runs planifiés capturent le propriétaire de la version utilisée ; les manuels capturent le demandeur. La deadline d’autorisation est fixée à la création et le repository conserve celle de la ligne verrouillée lors des sauvegardes. Submit refuse de lancer un job après cette borne. Pour les jobs de flow/preview, le projet vient de la version ; pour collecte/suppression/vidage/colonnes, il vient de executionProjectId, distinct des anciennes références synthétiques. Le service n’envoie pas directement le manifeste dans SubmitJobRequestDTO ; app-management reçoit les IDs du job et doit résoudre les droits selon son propre contrat.","Utilisateur, scheduler, run technique, IAM et app-management.",ExecutionPrincipal ; DataflowExecution.capabilityDeadline ; SubmitCommandHandler ; SubmitJobRequestDTO.,Principal et deadline persistés dans dataflow_execution ; version et type de job ; projet d’exécution réel optionnel pour l’historique.,IAM et broker de credentials via app-management ; miroirs de projet ; manifeste de scripts conservé en base.,"IAM/Runtimes Rust délivrent une capacité liée à tenant, projet, run, tentative, manifestes et échéance. La révocation coupe les nouveaux accès. Les workers sont fongibles et ne possèdent ni credentials de catalogue génériques ni état autoritaire.",Importer le principal seulement quand il est prouvé. Les exécutions anciennes sans principal ne doivent pas recevoir de fallback global. Fixer le protocole de résolution app-management et la borne de renouvellement avant remplacement.,"Changer le propriétaire après lancement d’un run puis réessayer une soumission. L’identité d’origine reste inchangée. Après l’échéance, aucune nouvelle délégation n’est émise et la tentative se termine avec un motif contrôlable."
process-data,PD-05,Files persistantes et progression du graphe de jobs,"ExecutionCreatedEvent fait passer une exécution CREATED à PENDING et crée DataflowSubmission. La file est ordonnée par cluster et expose une position. Le démarreur charge les clusters et jobs déjà soumis, cherche une session libre et crée des JobSubmission pour les racines du graphe. Une session est choisie parmi les IDLE sans job en attente/soumis ; les jobs d’un même flow peuvent rester rattachés à sa session. Les enfants sont déclenchés après succès et seulement si tous leurs amonts sont SUCCESS. Le traitement parcourt successivement nettoyage, sessions, annulation, démarrage, soumission, suivi et fin de job. Cette boucle est un @Scheduled du pod ; elle n’est pas le job Quartz utilisé pour les cron.",Ordonnanceur interne et opérateur suivant les files.,DataflowExecutionRunCommandHandler ; StartExecutionCommandHandler ; Orchestrator.manageOrchestratorLifecycle.,"DataflowSubmission, JobSubmission, JobSubmitted, JobCompleted et ExecutionCancelled en PostgreSQL ; run CREATED/PENDING/RUNNING.","PostgreSQL, ClusterService et événements de succès/session.","Runtimes Rust possède un ordonnanceur durable avec claims atomiques, leases bornés, tentative monotone et déduplication. Les files ne donnent pas de droits au stockage. Le worker remplaçable ne modifie jamais le checkpoint publié.",Conserver les identifiants de commande/job lors de la transition. Remplacer les séquences d’appels au repository par des transactions définies. Qualifier la fenêtre entre création distante du job et enregistrement local avant montée en replicas.,Perdre un pod entre réservation d’une session et création distante du job. Un autre contrôleur reprend après expiration de lease ; un seul effet de soumission est accepté et la file ne reste pas bloquée.
process-data,PD-06,Soumission aux sessions Python et Spark Connect,"Submit examine JobSubmission et évite un nouveau job si la session possède déjà un JobSubmitted. Il exige une session IDLE, charge l’exécution, refuse un run final ou hors deadline et soumet via ClusterService. L’adaptateur crée une URL S3 présignée pour l’artefact version/script puis envoie job, cluster, session et projet à app-management. Une création distante valide devient job RUNNING, JobSubmitted et session BUSY. Une session absente, invalide ou une réponse nulle déclenche FAILURE. Le statut et l’annulation du job passent ensuite directement par HTTP vers le processus de session. Les appels distants et écritures PostgreSQL ne forment pas une transaction atomique dans les handlers lus.","Ordonnanceur, app-management et processus de calcul.",POST app-management /private/sessions/jobs/submit ; HTTP de session submit/{statementId} ; ClusterConnectServerServiceAppManagementImpl.submitJob/getJobState/cancel.,JobSubmission vers JobSubmitted avec StatementId distant ; session IDLE/BUSY ; artefact S3 référencé par URL courte.,"App-management authentifié par client de service, S3, réseau de sessions Python/PySpark.",Runtimes Rust soumet un JobSpec à un adaptateur Kubernetes/processus non JVM. L’ID de tentative est idempotent côté exécuteur ; la réponse distante peut être retrouvée après perte réseau. L’artefact est vérifié par digest avant exécution.,Préserver les contrats de job et les reçus pendant le remplacement de l’adaptateur. Introduire une opération query-by-attempt pour résoudre une soumission ambiguë. Remplacer les sessions Spark Connect par workers bornés et pools Python adaptés.,"Faire créer un job distant puis couper la réponse. La reprise retrouve le même job par son ID de tentative, vérifie son digest et ne le crée pas une deuxième fois. Une URL d’artefact expirée donne une erreur reprise sans fallback de credentials."
process-data,PD-07,"États des jobs, étapes et sorties","Le run et les jobs utilisent CREATED, PENDING, RUNNING, FAILURE, SUCCESS, SKIPPED, WARNING et CANCELED. Les états finaux d’un job ne sont pas remplacés par un nouvel état. Les détails associent transformation, étape, sortie, logs et un outputStatus distinct. Le suivi de session convertit available en succès, error en échec et un état inconnu en échec. Un job échoué marque les descendants non réussis SKIPPED. Une réussite déclenche les enfants admissibles. Le run devient terminal quand tous les scripts possèdent un job final ; WARNING peut contribuer à l’échec global, avec une règle propre aux runs partiels. Les messages Python renseignent aussi les étapes sans déterminer seuls le résultat global.","Exécuteur, bibliothèque Python, frontends et consommateurs de datasets.",ExecutionUpdateStatusCommandHandler ; JobCompletedCommandHandler ; ScriptExecutionEvent ; ExecuteFinalPipelineEvent.,"DataflowExecution, DataflowJobExecution, JobDetail et ExecutionState de sortie. Historiques terminal et de provenance des jobs repris.","Runtime de session pour résultat, Kafka pour messages de scripts et événements de fin, projection data-dev/data-model.","Runtimes Rust sépare état du calcul, état du candidat, décision d’audit et publication. Une sortie n’est disponible au lecteur que par une édition approuvée. Le vocabulaire legacy peut être exposé par une projection de compatibilité.","Écrire une table de transition et une matrice de conversion des états inconnus, WARNING, SKIPPED et reprises partielles. Éviter de recopier SUCCESS dans un statut de publication. Corréler les événements au run/tentative, pas seulement à version/script.","Livrer successivement RUNNING, SUCCESS puis un RUNNING retardé pour une même tentative. Le job reste terminal. Un run avec un enfant sauté et un candidat refusé expose séparément ces faits et ne publie aucune sortie partielle non approuvée."
process-data,PD-08,"Logs bornés, historique des transformations et conservation finale","Les messages de scripts écrivent des chunks associés à run/job/étape dans dataflow_job_execution_log. La normalisation gère les retours de ligne réels et échappés ; le traitement borne les lignes et peut filtrer les lignes marquées administrateur. Le poll de session extrait stdout, message et traceback. À la fin du job, le handler reconstruit les logs finaux, les sauvegarde dans les détails puis peut retirer les chunks déjà compactés. Les routes permettent détail du run, logs d’une transformation et choix showAll/showAllLogs. Des logs finaux tardifs peuvent encore être ajoutés alors que des transitions non finales tardives sont ignorées.","Développeur, support et opérateur.",GET /executions/{id}?showAllLogs=... ; GET /dataflows/{dataflowDefinitionId}/transformations/{transformationId}/logs ; DataflowJobExecutionLogRepository ; LogUtils.,Chunks PostgreSQL puis logs finaux dans les détails du job ; IDs run/job/step et createdAt.,"Messages Python, résultats HTTP du runtime, repository des jobs et fonctions de filtrage.","Audit/Runtimes Rust conserve des logs structurés bornés avec tenant, run, tentative, étape et offsets. Les gros volumes vont en objet immuable ; PostgreSQL garde index et reçus. Le filtrage de secrets précède diffusion et stockage des vues utilisateur.","Préserver formats et choix de filtre requis par l’interface, documenter explicitement la troncature et migrer les historiques accessibles. Ne pas assimiler l’agrégation actuelle de lignes à une piste d’audit de publication.","Produire un log volumineux, un message final retardé et une valeur secrète de test. Le log reste consultable par pages, signale sa borne, conserve le final une seule fois et ne diffuse pas le secret."
process-data,PD-09,Annulation et signal de commit Spark,"DELETE /executions/{id} est idempotent pour une exécution déjà finale. Pour un job unique actuellement marqué Spark committed, l’annulation est refusée. Pour plusieurs jobs avec un job committé et des travaux en attente, le service annule mais remonte une exception de commit partiel. Le marqueur est posé par un callback authentifié qui charge la dernière exécution de la version, vérifie le projet persistant et le job actif. L’annulation inscrit ExecutionCancelled, passe le run en CANCELED et émet l’événement. Une boucle retire ensuite les files et tente l’annulation distante. Ce booléen ne constitue pas une preuve d’audit ni un historique de publications approuvées.","Utilisateur qui annule, runtime appelant le callback et IAM.",DELETE /executions/{id} ; POST /spark-hook/versions/{versionId}/scripts/{scriptId}/commit avec contrat pylib ; DataflowExecutionCancelCommandHandler ; SparkCommitCommandHandler.,"Flag isSparkCommitted sur job, run CANCELED, commande ExecutionCancelled et files supprimées ; résultat partiel possible.","IAM runner authorize, PostgreSQL, runtime HTTP et événements d’exécution.","Runtimes Rust définit l’annulation par phase. Avant publication, elle arrête la tentative et abandonne le candidat. Après publication, elle n’efface pas l’édition approuvée. Publisher conserve le reçu exact ; une compensation devient une nouvelle commande auditée.",Importer isSparkCommitted comme signal historique limité. Remplacer la résolution dernière-exécution-par-version par run/tentative explicites. Garder un reçu d’annulation distante jusqu’à confirmation au lieu de déduire le succès de la suppression de file.,"Annuler avant audit, entre audit et publication, puis après publication. Les deux premiers cas ne changent pas l’édition visible ; le dernier conserve l’édition et retourne son reçu. Un callback d’une vieille tentative ne peut marquer un nouveau run."
process-data,PD-10,"Planification cron, fuseaux et récupération des horaires","Le service conserve les schedules et exige une version en production non supprimée pour les modifier. La commande temporelle accepte notamment MANUAL et RECURRENT ; elle refuse PLANNED et les types événementiels dans ce parcours. Les schedules temporels existants sont diffés tandis que les schedules événementiels sont préservés. Quartz conserve jobs et triggers dans PostgreSQL, demande recovery et interdit une exécution concurrente d’un même job. L’adaptateur normalise certaines expressions, applique le fuseau et peut relancer les schedules dont une prochaine occurrence existe au démarrage. Le contrôle initial de cron utilise directement CronExpression.isValidExpression, distinct du chemin de normalisation. Un listener journalise les misfires ; il ne décrit pas à lui seul une politique métier exhaustive de rattrapage.",Utilisateur planifiant un flow et opérateur du scheduler.,POST/GET /dataflows/{id}/schedules ; DataflowScheduleTimeCommand ; DataflowSchedulerServiceQuartzImpl ; DataflowJob.,"DataflowSchedule avec fréquence, expression, timezone et date ; tables Quartz JDBC avec état de cluster.","Version de production, PostgreSQL/Quartz, contrôleur de runs et événements de schedules vers data-dev.","Runtimes Rust possède un scheduler durable. Chaque occurrence est identifiée par schedule/version/instant logique, avec politique explicite de DST, retard, chevauchement, rattrapage et annulation. Le déclenchement produit une commande idempotente.",Exporter les expressions et fuseaux puis comparer une séquence d’occurrences avant bascule. Décider le support du type PLANNED historique et des formats acceptés. Éviter la double activation Quartz/Rust pour un même schedule.,"Comparer les occurrences sur changement d’heure, arrêt prolongé et redémarrage de deux contrôleurs. Les occurrences exécutées, ignorées ou rattrapées ont chacune un reçu et aucune occurrence n’est créée deux fois."
process-data,PD-11,"Déclenchements par fin de flow, dataset ou fichier","Le consumer d’exécution traite FINISHED en recherchant les schedules dépendants. Seules les versions de branche par défaut fournissent des candidats. Selon le type de script, les candidats identifient le flow et éventuellement un dataset ; les opérations techniques hors collecte sont exclues. Pour chaque schedule, le handler cherche la dernière version en production et déclenche si elle n’est pas supprimée, si un cluster est disponible et si sa dernière exécution n’est pas active. Un endpoint projet/fichier cherche les schedules par projet et chemin. Le déclenchement planifié temporel exige dans le chemin lu une précédente exécution de production. Le handler de fin lu ne filtre pas lui-même le succès de l’exécution source ; la sémantique FINISHED doit être prise en compte.","Producteur d’événement de fichier, runtime amont et scheduler.",POST /dataflows/events/projects/{id} ; EventExecutionFinishedCommand ; DataflowVersionRunProjectIdCommand ; TriggerAtEventEvent.,"DataflowSchedule avec eventTriggerId/path ; nouveau run avec triggerId, triggerDisplayName et principal SCHEDULED_OWNER.","Événements process-data et data-dev, données de projet, versions de production et clusters.","Flows/Runtimes Rust distinguent événement technique de fin, publication approuvée et événement source. Les dépendances de données se basent sur une édition Iceberg approuvée. Un flux éphémère est d’abord écrit dans un journal durable ; son epoch/range déclenche des runs bornés sous WAP.",Inventorier quels flows dépendent actuellement d’une fin même échouée et proposer une règle explicite. Donner un ID durable aux événements de fichiers et une clé de déduplication par occurrence. Ne pas perdre les triggers consommés pendant une période de désactivation.,Un calcul amont qui échoue n’active pas une dépendance déclarée publication réussie. Rejouer la même édition ou le même fichier ne crée pas un doublon. Une nouvelle occurrence légitime du même chemin crée un nouveau run.
process-data,PD-12,"Profils de clusters, capacité et commandes de cycle de vie","Les API créent, vérifient, mettent à jour, listent, arrêtent, reprennent et suppriment des clusters. Deux familles de configuration existent : Python avec CPU/RAM/image, et PySpark avec ressources du driver et des exécuteurs. La validation vérifie notamment nom disponible, image compatible, taille mémoire minimale et au moins une session. Une mise à jour ne peut changer de famille ; un changement de configuration remplace les sessions, tandis qu’un changement de nombre augmente ou réduit leur effectif. La réduction préfère les sessions supprimables puis marque les autres à supprimer. Les clusters par défaut sont protégés de certaines commandes de pause et suppression. La pause mémorise le nombre souhaité de sessions pour la reprise. L’état du cluster est dérivé des états des sessions. Le parcours /projects/{projectId}/execution-clusters restitue les profils disponibles sans appliquer de filtre projet dans le handler de liste lu.","Administrateur des ressources, utilisateur choisissant un profil et moteur de planification.",POST /clusters/check ; GET/POST /clusters ; GET/PATCH/DELETE /clusters/{clusterId} ; POST /clusters/{clusterId}/stop et /start ; GET /clusters/{clusterId}/sessions ; GET /projects/{projectId}/execution-clusters ; GET /projects/{projectId}/execution-clusters/{clusterId}/libraries.,"Cluster avec owner, configuration, default, paused, toDelete, nombre avant pause et image de serveur ; collection de Session avec état. La suppression physique du cluster attend la disparition de ses sessions.","Catalogue d’images et bibliothèques, app-management pour les ressources, événements de cluster vers data-dev et historique d’exécutions.","Runtimes Rust remplace les clusters persistants par des profils de capacité et des pools de workers fongibles. Les quotas organisation/projet, admission, priorité et limites par run sont explicites. Python utilisateur reçoit un profil isolé ; aucun profil final ne dépend de Spark.","Conserver des identifiants et noms de profil pour les flows importés, traduire les ressources utiles et signaler les options Spark sans équivalent. Distinguer arrêter l’admission, drainer les tentatives et détruire la capacité. Décider si les profils sont globaux ou limités au projet.","Réduire un pool pendant deux runs : les runs admis terminent ou sont annulés selon la politique et aucune session occupée n’est perdue implicitement. Un projet à quota épuisé reste en attente avec raison visible, puis démarre après libération. Le changement de moteur exige requalification du manifeste."
process-data,PD-13,Réconciliation des sessions et des serveurs Spark Connect,"L’orchestrateur compare les sessions persistées, les files d’exécution et les états remontés par app-management. Pour PySpark, un serveur Spark Connect est assuré tant que le cluster conserve des sessions. Une nouvelle image provoque le remplacement du serveur. La réconciliation récupère un inventaire des sessions et serveurs, actualise les images effectivement déployées et oublie un serveur absent pour le recréer. Les sessions mortes ou revenues à STARTING/NOT_STARTED font échouer leurs jobs, retirent leurs soumissions et peuvent conduire à une annulation distante. Le log de ce chemin emploie un message out-of-memory même si la cause exacte n’est pas établie ici. L’adaptateur suit aussi localement le dernier retour des sessions et applique des délais distincts de démarrage et de silence. Ces caches de temps et l’état désiré PostgreSQL n’ont pas le même périmètre de reprise.",Orchestrateur process-data et opérateur d’exploitation.,"SessionCheckCommandHandler ; SessionGroupingResultBuilder ; REST app-management /private/sessions/reconcile, /private/sessions/start, /private/sessions/delete, /private/sessions/server/start et /private/sessions/server/delete.","Session avec sessionKey, startedAt, updatedAt, deployedImage et flags de suppression ; Cluster.serverImage ; files des jobs ; caches locaux de dernier retour dans l’adaptateur.",App-management et runtime Python/PySpark ; catalogue d’images ; journal d’exécutions et événements de sessions.,"Runtimes Rust réconcilie tentative, bail et worker observé. Un worker disparu devient une tentative perdue, avec cause structurée et nouvelle tentative décidée par politique. L’ancien worker ne peut plus publier : Writer/Publisher vérifient l’autorité de tentative avant toute transition approuvée.",Importer les diagnostics et règles utiles de nettoyage ; supprimer entièrement Spark Connect à la fin de migration. Remplacer les caches de silence significatifs par des heartbeats et échéances persistés. Prévoir un inventaire Kubernetes encapsulé et une réconciliation sans dépendre d’un nom d’image mutable.,"Perdre un pod, un serveur et une réponse d’inventaire à des moments différents. La disparition est distinguée d’une indisponibilité de l’API. Une reprise ne crée pas deux publications ; les octets d’une tentative expirée restent candidats non approuvés et sont traités par rétention."
process-data,PD-14,"Images d’exécution, builds et historique des mises à jour","Une image personnalisée est créée à partir d’une image de base avec des bibliothèques validées. L’appel de build est délégué à app-management ; l’état et l’historique de mise à jour sont conservés localement. Une image de base ne suit pas le parcours de modification/suppression des images personnalisées. Une mise à jour refuse une construction encore RUNNING et refuse une liste inchangée. Le rebuild repart du dernier besoin exprimé, y compris après un échec, et peut retargeter le registre interne configuré. Les callbacks de build ne modifient l’image que si le dernier update est RUNNING et correspond exactement au nom/tag attendu. Au démarrage, les images de base sont synchronisées ; les changements de tags peuvent redémarrer les sessions. Les images personnalisées construites avant une base actualisée peuvent être reconstruites si aucun build ne tourne déjà. La suppression d’image déclenche aussi la suppression des clusters concernés.",Administrateur et auteur d’un environnement Python personnalisé.,POST/GET /images ; PATCH/DELETE/GET /images/{imageId} ; POST /images/{imageId}/builds ; GET /images/{imageId}/updates ; ImageServiceAppManagement ; UpdateImageStatusCommandHandler.,"Image, ImageUpdate et historique incrémental de bibliothèques ; RUNNING puis SUCCESS/FAILURE ; nom de base, nom d’image construite et dates de build.","App-management /private/build/image, registre de conteneurs, callbacks Kafka de build, images de base configurées et clusters.","Runtimes/Applications Rust conservent une spécification d’environnement immuable et un digest de résultat, avec provenance, SBOM, politique de sécurité et reçu de build. Les builders tiers peuvent être Go/C++ ou outils sans JVM encapsulés. Le run référence le digest qualifié.","Exporter historique, base et besoins de packages, puis construire des environnements sans Spark/JVM. Ne pas assimiler nom/tag à identité immuable. Traiter les échecs et callbacks retardés comme des tentatives de build distinctes. Conserver les images legacy uniquement pendant la transition contrôlée.",Un callback ancien reçu pendant une reconstruction n’écrase pas le nouveau résultat. Une base changée crée un nouveau digest et nécessite la requalification attendue ; les runs déjà admis conservent leur digest d’origine. La suppression d’une image encore retenue par l’audit est refusée ou différée.
process-data,PD-15,Validation et consultation des bibliothèques Python,La validation compare les bibliothèques demandées avec celles de l’image de base. Une bibliothèque de base imposée ne peut être redéfinie avec une version contradictoire. Les bibliothèques personnalisées sont résolues puis enregistrées avec leur contrainte demandée. Les erreurs sont agrégées pour retourner plusieurs problèmes à la fois ; une demande sans bibliothèque personnalisée est refusée dans ce service de vérification. L’adaptateur consulte les métadonnées PyPI ou un index particulier pour la bibliothèque interne. Il normalise les noms/extras et vérifie les versions et extras quand les métadonnées permettent de conclure. Une absence de métadonnées extras n’équivaut pas à une validation complète. Les lectures distinguent bibliothèques appliquées à l’image et besoins du dernier update.,Auteur d’environnement et administrateur du registre.,GET /images/{imageId}/libraries?lastUpdate=... ; GET /projects/{projectId}/execution-clusters/{clusterId}/libraries ; LibraryService.checkLibraries ; LibraryServicePyPiImpl.,"Library et relations base/custom/update avec nom, contrainte et version résolue ; historique des demandes d’environnement.","Index Python public/interne, image de base, service de build et réseau sortant du service.","Runtimes Rust définit le lock d’environnement, tandis qu’un builder Python encapsulé résout les dépendances. Le lock fixe versions transitives, hashes, provenance et plateforme. Egress gère l’accès aux index ; Audit conserve le besoin demandé et le résultat exact.","Rejouer les demandes historiques contre un index contrôlé, détecter les packages disparus, natifs ou dépendants de Java, puis qualifier les locks. Préserver les contraintes initiales comme information sans les utiliser seules pour reproduire un run.","Une contrainte inchangée produit le même environnement quand le lock existe, même si l’index publie une nouvelle version. Un package lié à la JVM ou un extra inconnu est bloqué avant activation selon la règle de qualification ; une indisponibilité d’index reste une erreur distincte d’un package inexistant."
process-data,PD-16,"Historique des exécutions, filtres, facettes et consultation","POST /executions exige le projet, convertit les identifiants IAM/legacy et retourne une recherche paginée d’exécutions visibles. Les critères entre dimensions sont combinés par AND et les valeurs d’une dimension par OR. Les facettes ignorent leur propre sélection pour présenter les alternatives. La recherche peut viser noms d’exécution/flow, branches, clusters, utilisateurs, statuts et bornes temporelles. Le repository filtre les versions techniques selon toShow et utilise la date de création pour les bornes. Les tris autorisés sont contrôlés dans le controller. Les autres routes servent l’historique d’une branche, le détail d’un run, les logs d’une transformation, les exécutions d’un cluster et les exécutions RUNNING. Le paramètre showAllLogs influe sur la restitution des logs, pas sur leur autorisation.","Développeur, opérateur et frontends.",POST /executions ; GET /executions/{executionId} ; GET /dataflows/{dataflowId}/branches/{branchName}/executions ; GET /dataflows/{dataflowDefinitionId}/transformations/{transformationId}/logs ; GET /clusters/{clusterId}/executions ; GET /clusters/executions/running.,"DataflowExecution, JobExecution, versions toShow, utilisateurs/projets miroirs et logs stockés ; DTO détail et réponses paginées/facettes.","PostgreSQL, canonicalisation IAM, agrégats d’exécution et authorization gateway.","Runtimes/Audit Rust exposent une vue indexée des runs, tentatives et transitions, liée aux éditions approuvées sans confondre statut technique et publication. Les totaux, facettes et logs appliquent la même portée d’autorisation que les lignes.","Reproduire un corpus de requêtes UI et comparer tri, pagination, filtres vides, fenêtres temporelles et versions cachées. Ajouter les IDs de tentative et de publication de manière additive avant de retirer les DTO Spark/session.","Comparer historique et facettes sur des runs de plusieurs projets, branches, statuts et utilisateurs. Les données invisibles ne changent ni les options ni les compteurs. Un run techniquement terminé sans publication reste distinguable d’une édition approuvée."
process-data,PD-17,Suivi temps réel SSE et notifications de clusters,"Les routes exposent un abonnement SSE par utilisateur, version de flow et éventuellement exécution, ainsi que des routes pour un cluster ou toutes les exécutions en cours. Les emitters sont conservés dans une map du processus et réutilisés pour une même clé. Ils expirent et sont supprimés sur erreur, fin ou timeout. Le chemin d’émission lu envoie directement aux clés de flow compatibles ; les données de cluster et de toutes les exécutions sont relayées vers Notification Center par Kafka. Les clés SSE de cluster peuvent être enregistrées, mais ce chemin n’émet pas directement vers elles. L’état SQL et les endpoints de détail restent nécessaires pour rétablir l’affichage après reconnexion ; aucun replay durable par Last-Event-ID n’a été constaté dans ce service.",Frontend de développement et console d’exploitation.,GET /dataflows/{dataflowId}/versions/{versionId}/sse ; GET /clusters/{clusterId}/executions/sse ; GET /clusters/executions/running/sse ; SseEmitterService ; NotificationCenterRelayKafkaImpl.,Emitters locaux indexés par SseKey ; DTO d’état construit au fil des événements ; relay Kafka vers rooms de cluster.,"Runtimes d’exécution, serveur HTTP/SSE, Notification Center et Kafka.","Notifications Rust fournit un flux de mises à jour autorisé avec curseur durable et reprise. Les messages signalent un changement identifié ; les détails sont relus avec contrôle de portée. Les clients gèrent doublons, réordonnancement et perte de connexion.",Confirmer les routes effectivement utilisées par les interfaces et décider le retrait des anciens abonnements cluster SSE. Introduire une séquence de changement par run et une resynchronisation explicite. Retirer Kafka JVM lorsque le nouveau journal/relay sans JVM est qualifié.,"Déconnecter le client pendant plusieurs transitions puis reconnecter sur un autre pod. Il récupère toutes les transitions utiles ou un signal explicite de resynchronisation, sans accéder à un run dont le droit a été retiré. Deux onglets d’un même utilisateur ne se neutralisent pas."
process-data,PD-18,Autorisation des runners et configuration lakehouse,"Deux opérations techniques sont contrôlées par RunnerAuthorizationClient : la lecture de configuration et le signal de commit. Le client exige une identité BEARER_JWT et un clientId ; il appelle IAM avec les credentials entrants, l’utilisateur, le client, l’opération et éventuellement le projet. Une réponse négative donne un refus ; un IAM indisponible donne une erreur de service. Le client n’a pas de cache ou d’autorisation de secours dans le code lu. /lakehouse/conf retourne les noms de catalogue et namespace après autorisation et exige le User-Agent pylib. Le hook commit reprend le projet du run trouvé puis vérifie l’opération dédiée. Le User-Agent est un critère de route, pas une preuve d’identité autonome.",Runner Python/PySpark et IAM.,GET /lakehouse/conf ; POST /spark-hook/versions/{versionId}/scripts/{scriptId}/commit ; RunnerAuthorizationClient.requireConfiguration ; RunnerAuthorizationClient.requireCommit ; IAM /internal/runners/authorize.,Décision centrale à la demande ; contexte d’identité entrante ; signal isSparkCommitted sur le job. Aucune preuve de publication Iceberg n’est créée par la réponse de configuration.,"IAM runner authorization, bearer entrant et paramètres de catalogue configurés.","IAM/Runtimes Rust délivrent des capacités de run limitées au projet, à la tentative, aux entrées, sorties et à l’échéance. Query contrôle la lecture ; Writer médie le staging ; Publisher seul approuve la publication. Le worker n’obtient jamais table.modify générique qui permet aussi commit/drop.",Remplacer le hook Spark par un protocole explicite de proposition de candidat et de publication. Propager runId/tentativeId et portée réelle jusque dans les appels de données. Conserver une façade de configuration temporaire avec les mêmes refus explicites.,"Une identité de service sans délégation de run, un mauvais projet, un client non prévu ou une capacité expirée ne peuvent ni écrire ni publier. Une panne IAM échoue sans fallback permissif. Le worker ne peut pas utiliser son accès staging pour supprimer la table."
process-data,PD-19,"Miroirs IAM, identifiants canoniques et réconciliation des droits","Le service peut consommer l’identité legacy ou IAM selon une propriété exclusive. Les événements IAM créent/actualisent les utilisateurs et projets, lient leurs identifiants et alimentent les adhésions. Une suppression utilisateur désactive le miroir. Une suppression projet laisse le miroir en place car versions et exécutions le référencent. Le transfert de propriétaire arrive via les événements de data-dev, pas directement via l’offboarding IAM. Une adhésion dont les correspondances sont indisponibles est refusée et suit retry/DLT. Les API résolvent les projets IAM vers les IDs historiques pour interroger les tables, puis réexposent l’ID canonique si connu. Une route d’administration lance une réconciliation asynchrone des faits d’autorisation.","IAM, gateway et administrateur de migration.",IamKafkaEventConsumer ; ProjectIdResolver ; POST /admin/reconcile-tuples.,"User/Project/ProjectMember miroirs, tables de correspondance IAM/legacy et faits d’autorisation émis.","IAM, événements data-dev de propriétaire, PostgreSQL et Kafka.",IAM Rust reste l’autorité ; Runtimes garde uniquement les références canoniques et l’attribution historique. Les contrôles de run utilisent la décision courante et une capacité bornée.,"Importer les correspondances, réparer les événements refusés puis basculer une seule source d’identité. Préserver les auteurs historiques quand une identité est supprimée.",Un membre reçu avant son projet est rejoué après réconciliation sans création de faux projet. Une suppression utilisateur interdit les nouveaux runs et conserve les historiques attribués.
process-data,PD-20,"Outbox, déduplication des événements et quarantaine","Les producteurs utilisent une outbox transactionnelle. Le relay réclame les lignes non envoyées avec SKIP LOCKED, attend l’acquittement Kafka puis marque sentAt ; un échec conserve la ligne, incrémente attempts et stocke l’erreur. Le tri par date ne constitue pas la barrière par clé présente dans data-dev. Des consumers emploient ProcessEventInbox dans la transaction : la clé est le messageId ou une empreinte de payload, unique par type d’événement. La couverture n’est pas universelle à tous les listeners. Les dead letters sont conservées avec provenance, payload et erreur ; un échec de stockage est relancé pour empêcher l’acquittement. La rétention supprime seulement les dead letters résolues et les lignes outbox envoyées selon des délais distincts.",Consumers interservices et exploitation.,OutboxRelay.drain ; ProcessEventInbox.claim ; DeadLetterEventConsumer.consume ; DeadLetterRetention.cleanupResolved.,"Outbox SQL, inbox SQL, dead_letter_event et offsets Kafka ; livraison au moins une fois et déduplication locale pour les handlers équipés.","PostgreSQL, Kafka, événements data-dev/process-data/app-management/IAM et métriques.","Runtimes/Audit Rust utilisent un journal durable sans JVM, une inbox et des séquences par agrégat. Les effets externes ont leur reçu idempotent. L’acquittement d’une progression de données suit la publication approuvée.","Cartographier chaque listener et sa clé d’idempotence, importer les éléments non acquittés, puis arrêter l’ancien producteur avant de transférer une partition logique. Définir explicitement l’ordre par run.",Couper après acquittement transport mais avant commit SQL du relay : le doublon est accepté sans double effet. Rejouer une dead letter après réparation conserve son lien avec l’événement initial et son résultat.
process-data,PD-21,"Démarrage, reprise des files et coexistence des réplicas","Au démarrage de production, le service cherche un autre pair vivant dans les tables Quartz. Si un pair existe, il évite les opérations de cold start qui annuleraient les runs et réinitialiseraient clusters/schedules. Sinon, il annule les runs orphelins tout en conservant ceux dont une file durable prouve une progression reprenable, initialise les clusters si activés et relance les schedules selon les flags. La disponibilité app-management est attendue avec un nombre borné de tentatives. Les images et bibliothèques sont synchronisées même en présence d’un pair. La détection de pair et les protections SQL observées ne qualifient pas à elles seules toute la boucle d’orchestration pour plusieurs réplicas.",Opérateur du déploiement et orchestrateur.,RunAfterStartup.resetSessions ; StartCluster.startClusters ; ClusterPeerCheck.hasOtherLivePeer ; DataflowExecutionCancelRunningCommand.,"Files persistées, exécutions actives, état Quartz/heartbeat et images ; état local de la boucle d’orchestration.","PostgreSQL, Quartz, app-management, Kafka et readiness des runtimes.",Runtimes Rust utilise des baux persistants et une réconciliation idempotente par run/tentative. Un rolling update ne change pas la propriété d’une publication ni l’identité de sa tentative. Les workers ne possèdent aucun état métier durable indispensable.,Qualifier crash et rolling update pour chaque étape de file avant de migrer les runs actifs. Importer les intentions restantes ou laisser finir les runs legacy ; empêcher l’activation simultanée de deux orchestrateurs sur un même run.,"Redémarrer tous les contrôleurs puis effectuer un rolling update avec des jobs en attente, soumis et terminés mais non finalisés. Chaque run retrouve une issue expliquée et au plus une publication approuvée."
process-data,PD-22,"Maintenance SQL, migrations et exploitation du service","Le service comporte les migrations Flyway et un runner de migrations de code. Ce runner marque le résultat dans la table de suivi ; le chemin d’échec demande une sortie Spring avec code 0, ce qui nécessite une vérification explicite côté déploiement. La maintenance planifie VACUUM ANALYZE des tables d’exécution/jobs et collecte des statistiques de taille PostgreSQL. Le chart configure utilisateur non-root, probes et ressources ; le stockage persistant optionnel impose des contraintes de réplica et stratégie de mise à jour documentées. Les caches, outbox, quarantaine, tables Quartz et artefacts S3 ne se sauvegardent pas par un seul mécanisme.","Exploitation, équipe de migration et administrateur PostgreSQL.",DatabaseMaintenanceService ; CleyropMigrationRunner ; Flyway ; probes et configuration Helm.,"Schémas SQL, table de migrations, statistiques, logs et volumes optionnels.","PostgreSQL, Kubernetes/Helm, S3, métriques et plateforme de sauvegarde.","Migration/Maintenance Rust gèrent les opérations suivies, idempotentes et à échec explicite. Les migrations suivent Expand/Migrate/Contract. Audit établit les plans de rétention des candidats et preuves ; compaction de données sous WAP et GC séparé par garde de rétention.","Conserver une sauvegarde restaurable des commandes, historiques et reçus avant conversion. Remplacer le runner de migration JVM et ses codes de sortie ambigus. Documenter la restauration coordonnée avec les éditions Iceberg et artefacts immuables.",Une migration échouée bloque l’activation et expose son erreur. Restaurer la base de contrôle avec le catalogue plus récent reconstruit les projections sans faire reculer une édition approuvée ni republier un effet déjà reçu.
data-serve,DS-01,Construire la projection de serving depuis les faits du catalogue,Le consommateur data-model crée ou remplace la projection locale du dataset et de ses branches. UPDATED est un upsert utilisable même sans CREATE antérieur ; il exige un snapshot after dont l'ID correspond à l'agrégat. DELETE supprime une projection existante et tolère son absence. Les liens de projet ne sont conservés que pour les états ACCEPTED ou OWNED ; demandes et refus suppriment un ancien lien pendant le rejeu. Les labels sont répliqués séparément. Les utilisateurs ont un miroir local alimenté par un parcours IAM et un listener historique encore présent sans condition sur LegacyUserCreatedConsumer.,Consommateurs Kafka et toutes les lectures de data-serve.,DataModelEventKafkaConsumer.consumeCreateDataset ; consumeUserCreated pour les liens ; DatasetLabelEventKafkaConsumer ; LegacyUserCreatedConsumer.,"Dataset, DatasetBranch, schémas, liens projet, labels et user_table_serve PostgreSQL ; aucune EditionRef dans l’agrégat actuel.","data-model-dataset, data-model-project-dataset-link, data-model-label et événements d’identité ; Kafka au moins une fois.","Catalog Rust publie une projection versionnée et Query conserve seulement les index nécessaires à la résolution. Les lignes restent lues depuis des éditions approuvées. Chaque fait comporte ID, agrégat et révision ; un événement ancien ne peut ressusciter une projection supprimée.","Rejouer le catalogue dans une projection parallèle puis comparer les UUID, branches, labels et liens accordés. Conserver la compatibilité Protobuf pendant le basculement. Vérifier la coexistence des deux sources utilisateur au lieu de supposer que le drapeau IAM arrête le listener historique.",UPDATED reçu avant CREATE établit la projection. Un refus rejoué retire un ancien lien autorisé. Une suppression puis un événement ancien ne rend pas le dataset visible. La perte de la projection se répare sans nouvelle publication de données.
data-serve,DS-02,Authentifier les lecteurs OAuth et préserver l’acteur des appels MCP,"Les routes natives /api/v1 et /internal/mcp utilisent une chaîne Bearer obligatoire. Le reste peut accepter X-Userinfo uniquement sous configuration gateway, tout en conservant le resource server Bearer. L'interceptor résout l'utilisateur, exige qu'il soit actif et ignore les anciens en-têtes de clés API. Le MCP exige le client cleyrop-mcp-dataset et demande à IAM de résoudre acteur et contexte à partir du Bearer de transport ; l'acteur retourné doit correspondre à celui demandé. Le compte de transport n'accorde pas lui-même la lecture des données.","Utilisateur web, client OAuth, outil MCP opérant pour un utilisateur.",ExpositionApiController ; TokenHandlerInterceptor ; McpReadIdentityResolver ; POST IAM /api/v1/internal/mcp/read-identity.,"Identité de requête et miroir utilisateur ; cache de résolution IAM et cache du token de service, pas clé API locale.","Fournisseur OIDC actuellement Keycloak, gateway APISIX, IAM et cleyrop-spring-auth.","IAM/Query Rust valident le jeton du transport et le sujet/acteur/context distincts. Ils appliquent les audiences et destinations prévues sans dépendre de Keycloak. MCP reçoit une capacité de lecture limitée aux éditions et opérations autorisées, jamais une clé globale.","Conserver les familles de routes et les enveloppes d'erreur. Porter les mappings subject vers IAM ID, puis supprimer le couplage JVM et Keycloak. Tester les chemins directs MCP et gateway séparément, y compris les protections réseau.","Un en-tête historique token/apikey n'authentifie pas un appel. Le bon compte MCP avec le mauvais acteur ou contexte est refusé. Une identité inactive ne peut ni lister ni lire, même si une résolution précédente est en cache."
data-serve,DS-03,Déléguer consultation et téléchargement à IAM,"Le service construit des faits sur dataset, projet propriétaire, projets liés, diffusion et sensibilité de la branche, puis interroge le broker IAM. Les opérations CONSULT et DOWNLOAD sont distinctes, ainsi que l'accès PROJECT. Les liens sont découpés par groupes de douze et les demandes par cent contrôles ; les réponses d'un dataset sont combinées seulement après obtention complète. Une erreur, réponse vide, booléen mal typé ou vecteur incomplet produit une indisponibilité, sans politique de secours locale. Une erreur 401 du broker renouvelle une fois le token de service. /permissions ne retourne actuellement que canDownload.",Tout lecteur de lignes ou de fichiers et interface qui prépare le téléchargement.,GET /datasets/{datasetId}/permissions ; DatasetAuthorizationService ; POST IAM /api/v1/internal/data-serve/authorize.,Projection de faits du dataset et liens accordés ; décisions par appel ; cache du token technique.,"IAM/OpenFGA, miroir user pour retrouver le subject, gateway pour le contrôle de route.","Query Rust applique une autorisation centralisée à l'édition, au schéma et à l'opération, avec policy revision et identité complètes. Les pages et les effets d'export réévaluent la révocation selon le contrat ; aucun cache de résultat ne contourne IAM.","Porter les limites de lots et l'échec fermé. Stabiliser les identités sans dépendre d'une projection utilisateur périmée. Étendre le contrat à tenant, édition et droits de colonnes/lignes seulement avec une politique spécifiée et qualifiée.","Un dataset avec plus de douze projets liés reste lisible si un groupe l'autorise et tous les contrôles répondent. Si un autre groupe échoue, aucun octet ne sort. Le bouton téléchargement et le download réel utilisent exactement la même décision."
data-serve,DS-04,Lister les datasets réellement consultables,"L'API d'exposition liste les datasets accessibles, avec filtres qualité, sensibilité, état, propriétaires, description, nom affiché et nom du propriétaire ; ownerId prime sur ownerDisplayName. includeColumns ajoute les colonnes et descriptions. Le handler parcourt les candidats par lots de cent, interroge IAM sur chaque branche main puis conserve tous les autorisés en mémoire avant la pagination demandée. Les totaux décrivent donc les datasets consultables. Le coût croît avec l'ensemble des candidats et des décisions IAM, même pour une petite première page.","Client d’intégration, MCP dataset et applications de lecture.",GET /api/v1/datasets ; GET /internal/mcp/v1/datasets.,Projection locale des datasets et utilisateurs ; collection de candidats puis liste autorisée.,IAM batch ; PostgreSQL de serving ; labels/schémas de data-model.,"Catalog/Query Rust conserve une liste filtrée par droits et une pagination bornée. Le plan de recherche doit éviter de charger tous les objets pour chaque page, sans produire de totaux qui révèlent des objets interdits. Les droits sont revérifiés à l'ouverture de lecture.","Comparer champs, ordre, includeColumns, pagination externe à base un et types d'erreur. Mesurer le coût sur le volume réel du catalogue avant de choisir index d'autorisation, curseur ou total approximatif explicitement annoncé.","Une liste de cent candidats dont trente sont autorisés annonce trente, sans IDs des autres. La priorité ownerId est conservée. Une révocation entre liste et lecture bloque la lecture et la charge mémoire reste bornée sur un gros catalogue."
data-serve,DS-05,Lire une table par UUID ou nom avec projection et filtres bornés,"Les lectures simples et structurées résolvent un UUID ou un techName, prennent main, vérifient CONSULT, refusent CREATED/FAILURE et valident page>=1 et size dans la borne configurée. select est une liste de colonnes de ce dataset ; where est reconstruit depuis une grammaire admise de comparaisons, AND/OR/NOT, NULL, BETWEEN, IN et LIKE/ILIKE. Fonctions, casts, sous-requêtes, commentaires et séparateurs de statements sont refusés. Les fragments ont une limite de longueur, profondeur et nombre de valeurs. orderBy accepte colonnes retournées ou positions, direction et NULLS FIRST/LAST ; un départage par positions complète le tri.","Applications, intégrations et lecteurs MCP sans éditeur SQL complet.",GET /api/v1/datasets/{dataset} ; GET /api/v1/datasets/structured/{dataset} ; mêmes chemins sous /internal/mcp/v1.,Réponse JSON brute ou structurée avec schéma et pagination ; lecture de snapshot Trino résolu pour main.,"IAM CONSULT, schéma répliqué, SqlFragmentGuard et Trino.","Query Rust expose le même sous-ensemble via un AST typé sans concaténation de fragments clients. Il lie noms et field IDs à une édition autorisée et versionne la sérialisation des nombres, dates, binaires et valeurs complexes. Une lecture sans schéma fiable doit obtenir le schéma autoritaire de l'édition.","Réutiliser un corpus de sélections et filtres valides/invalides, y compris colonnes accentuées et noms réservés. Préserver les formats de réponse historiques dans la façade. Remplacer le fallback actuel d'identifiants simples sur schéma vide par une résolution autoritaire.","Une injection dans select/where/orderBy n'atteint pas le moteur. Une projection de deux colonnes ne permet pas de trier par une troisième cachée. Une page avec valeurs nulles, binaire, date et struct garde les types prévus par le contrat."
data-serve,DS-06,Retourner les métadonnées métier du dataset exposé,"L'endpoint de métadonnées résout UUID ou nom technique, exige inProduction et une branche main, puis CONSULT. Il retourne type d'origine, date de création, description, qualité, sensibilité, dernier refresh, nom du propriétaire, état, fréquence, append/override, mode de schéma, diffusion et noms des labels. Les métadonnées sont issues de la projection PostgreSQL et ne portent ni snapshot ID ni version de contrat ni preuve d'approbation.","Intégrateur, application et MCP souhaitant décrire les données avant lecture.",GET /api/v1/datasets/{dataset}/metadata ; GET /internal/mcp/v1/datasets/{dataset}/metadata.,"DatasetMetadataView construit depuis dataset/main, utilisateur et labels.",Projections data-model/utilisateurs ; IAM CONSULT.,Catalog Rust renvoie les métadonnées métier avec une EditionRef et la révision de politique. Le propriétaire et les tags actuels sont distingués des métadonnées de l'édition historique. Le kind est explicite et ne reprend pas le type de connecteur.,Maintenir les noms de champs et valeurs enum dans la façade. Ajouter des champs d'édition optionnels puis une version d'API qui les impose. Mesurer et rendre visible la fraîcheur de la projection.,Un dataset hors production reste introuvable via ce parcours. Une EditionRef obtenue avec les métadonnées permet une lecture répétable ; une nouvelle collecte ne change pas les données de cette référence. Les droits sont vérifiés même si les métadonnées sont en cache.
data-serve,DS-07,Afficher un aperçu de dataset,"Le preview d'un dataset résout la branche demandée ou main. Une branche CREATED ou FAILURE retourne aucun aperçu. Après autorisation CONSULT, le repository lit par défaut cinquante lignes via Trino et assemble les valeurs avec le schéma répliqué et la date de refresh. WARNING reste lisible. Les erreurs de branche manquante et dataset manquant sont distinctes dans le domaine. La route rend 404 lorsqu'aucun DataFrame n'est produit.",Utilisateur du catalogue et de l’éditeur qui inspecte un échantillon.,GET /datasets/{datasetId}/preview?branchName=... ; PreviewDatasetQueryDataset.,"DataFrame contenant Table, TabularSchema et refreshedDate ; projection de branche.",IAM CONSULT ; Trino/Iceberg ; data-model pour schéma et état.,"Query Rust fournit un échantillon borné d'une édition explicitement autorisée, avec schema ID, type précis et budget d'octets. Le résultat cite l'édition plutôt que la seule date d'exécution. Les erreurs d'une tentative récente ne doivent pas masquer une édition approuvée antérieure sans règle métier explicite.","Comparer valeurs et typage sur les cinquante premières lignes des corpus de référence. Décider et versionner l'ordre de l'aperçu, qui n'est pas un ordre métier garanti actuellement. Revoir l'effet de FAILURE lorsque des données approuvées existent déjà.",Un aperçu d'une édition répétée reste cohérent après refresh. L'utilisateur sans CONSULT ne reçoit ni lignes ni types protégés. Une valeur très volumineuse ne dépasse pas le budget du preview.
data-serve,DS-08,Consulter les résultats intermédiaires des transformations low-code,"POST /version/preview prend version et transformation. data-serve demande à data-dev le projet et toutes les entrées de la version, vérifie l'identité de la version retournée et la forme des branches, puis exige accès au projet et CONSULT sur toutes les entrées. Une version sans entrée reste régie par le projet. Il lit ensuite un fichier preview.json dans le stockage MinIO/S3, indexé par version et transformation. Un scope absent ou une entrée introuvable produit aucun preview ; une autorité scope indisponible produit une indisponibilité explicite.",Auteur ou lecteur de flow et interface low-code.,POST /version/preview ; GET interne /api/v1/internal/dataflow-versions/{id}/preview-scope appelé vers data-dev.,PreviewScope projet/inputs et objet S3 intermédiaire ; pas d’édition publiée de dataset.,data-dev HTTP avec identité de service ; IAM ; MinIO/S3 ; artefacts process-data.,"Flows et Query Rust lient chaque preview à run, transformation, révision de plan et éditions d'entrée. Les artefacts sont privés, immuables, bornés et munis d'une rétention. Leur contrôle de lecture utilise sujet, acteur, projet et toutes les entrées, même après retrait d'un partage.",Importer le mapping des versions vivantes et conserver la lecture des anciens artefacts jusqu'à leur expiration. Remplacer les chemins conventionnels par un manifeste de preview dont le producteur est authentifié. Éviter qu'un simple UUID d'objet fournisse le droit de lecture.,Un utilisateur autorisé sur le projet mais interdit sur une entrée ne lit pas le preview. Une version inconnue et une entrée supprimée n'exposent pas d'informations supplémentaires. Un preview généré sans entrée reste limité aux droits du projet.
data-serve,DS-09,Exécuter du SQL de lecture avec analyse des relations,"L'éditeur SQL accepte un projet et une branche facultative ; l'exposition propose SQL global ou par projet, toujours sur main. Query découpe les statements sur les points-virgules et n'en accepte qu'un. JSqlParser extrait opérations et relations ; seules SELECT et EXPLAIN passent, les syntaxes non parsables échouent. Les fonctions de table sont refusées sauf UNNEST. Le service vérifie l'accès au projet puis à chaque dataset et, en contexte projet, son appartenance ou lien. L'éditeur permet une requête sans dataset après contrôle du projet ; exposition/MCP la refusent. Il n'y a pas de CRUD SQL d'écriture dans ces contrôleurs.","Analyste SQL, application OAuth et MCP dataset.",POST /projects/{projectID}/datasets/sql/query ; POST /api/v1/projects/{projectID}/datasets/sql/query ; POST /api/v1/datasets/sql/query ; POST /internal/mcp/v1/datasets/sql/query.,"ExecutionContext transitoire, statement, opérations, noms de datasets et inputIds dans la réponse.","IAM CONSULT/PROJECT, liens de projet, JSqlParser et Trino JDBC.","Query Rust analyse, lie puis exécute un AST sur des EditionRef approuvées avec Icegres ou un moteur sans JVM qualifié. Les capacités dialectales sont explicites. L'analyse de sécurité doit porter sur tout le plan, sous-requêtes, fonctions et EXPLAIN compris, avec aucune résolution physique hors liste autorisée.","Créer une matrice de compatibilité SELECT, CTE, joins, agrégations, types, fonctions, EXPLAIN et erreurs. Rejouer un corpus expurgé et comparer résultats. Remplacer le split textuel et les réécritures regex par un parseur et binder communs.",Une jointure exige le droit sur chaque entrée et un contexte projet cohérent. TABLE d'accès indirect est refusé avant moteur. Un point-virgule dans un littéral suit le dialecte documenté. Une requête sans dataset conserve la différence éditeur/exposition tant que la façade la promet.
data-serve,DS-10,Épingler les snapshots et paginer les résultats SQL,"TrinoJDBC lit snapshot_id depuis la table de refs pour la branche, puis utilise FOR VERSION AS OF. La lecture de dataset résout le snapshot pour chaque appel. Le SQL arbitraire résout chaque entrée séparément et réécrit le statement par regex ; un snapshot manquant laisse actuellement le nom sans clause. Le SQL paginé interroge d'abord le schéma, enveloppe la requête avec COUNT OVER, tri et offset/limit, puis conserve total et hasMore. Si une page dataset est vide au-delà du début, le comptage de secours résout de nouveau la ref. Aucune session de pagination exposée ne fixe la même édition sur plusieurs pages ou plusieurs tables.","Clients paginés, analystes et équipes qui exigent une lecture cohérente.",SQLQueryPaged ; TrinoJDBC.queryForListWithTotal/queryForRowSetPaged ; réponses Pagination.,Snapshot IDs transitoires ; tri dérivé des colonnes sélectionnées ; aucun cursor d’édition persistant dans le contrat actuel.,Trino et refs Iceberg ; schéma de résultat JDBC ; politique de pages du service.,"Query Rust résout un ReadSet avant exécution. Ce ReadSet contient table UUID, édition/snapshot, schema/spec et policy revision pour toutes les entrées. Les pages reprennent un curseur signé lié à ce ReadSet et au sujet ; une release multi-sorties fournit un ensemble atomique de participants. Une ref absente ne retombe jamais sur l'état courant.","Conserver la pagination numérique dans la façade mais lui associer un handle stable. Réécrire le plan au niveau AST/scan, sans regex. Ajouter des scénarios de branches absentes, noms quotés, ref déplacée, lignes identiques et publication concurrente.",Publier entre page 1 et page 2 ne produit ni saut ni mélange d'éditions. Une requête multi-sorties lit tous les membres de la même release. Une ref inconnue échoue avant scan. Le total d'une page vide est calculé sur le même snapshot.
data-serve,DS-11,Télécharger un dataset ou une requête en CSV,"Le download dataset prend branche, quoted, separator et format. Pour CSV, il exige DOWNLOAD, refuse CREATED/FAILURE, écrit une ligne d'en-tête puis les lignes en streaming. Le download SQL réutilise l'analyse de requête avec l'opération DOWNLOAD pour toutes les relations et refuse une requête sans dataset. Le résultat porte un nom de fichier et Content-Disposition. Le corps ferme le Stream après transfert. Le pool Trino de download est séparé du pool de lecture pour qu'un client lent n'accapare pas les connexions interactives ; sa saturation aboutit à un timeout borné et une erreur 503.",Utilisateur qui extrait des données et intégrateur consommant un dump.,GET /datasets/{datasetId}/download ; POST /datasets/download ; POST /api/v1/datasets/download.,"Stream HTTP/JDBC, filename et paramètres CSV ; aucun reçu d’export durable ni destination externe persistée.",IAM DOWNLOAD ; Trino download pool ; MVC StreamingResponseBody.,"Query/Egress Rust produit un flux borné à partir d'une EditionRef approuvée, avec limites de durée, volume, concurrence et annulation. Un EXPORT vers un tiers est un effet distinct avec destination déclarée, clé d'idempotence et reçu. Le résultat peut être préparé en objet privé puis téléchargé sous droit réévalué.","Conserver séparateur, quoting, en-têtes, charset, nom de fichier et comportements null/types dans la façade. Qualifier l'échappement CSV sur textes contenant séparateur et retour ligne. Décider le comportement d'une révocation pendant un transfert long.",Un utilisateur qui peut consulter mais ne peut télécharger ne reçoit aucun octet. Une jointure nécessite DOWNLOAD sur chaque source. Annuler un transfert libère le scan et les ressources. Plusieurs clients lents n'empêchent pas les previews de répondre.
data-serve,DS-12,Exporter les types sans perte via le protocole NDJSON,"Le format NDJSON du download dataset n'est pas une simple liste d'objets métier. Il commence par un frame schema portant noms et signatures de types, continue avec des frames row positionnels et termine par rowCount et SHA-256. Les décimaux et flottants sont encodés en texte, le binaire en base64, les dates/temps en forme textuelle. Les ROW restent positionnels pour ne pas perdre les noms de champs dupliqués ; les maps deviennent des paires key/value. L'imbrication est bornée. Le digest couvre les octets des frames row encodés, sans les retours ligne ajoutés par le contrôleur, ni les frames schema/end.","Client de copie, migration de dataset et intégration qui doit préserver les types.",GET /datasets/{datasetId}/download?format=NDJSON ; DetailedRowStream.toLosslessNdjson.,Frames schema/row/end ; compteur et digest calculés pendant le flux ; schema et lignes épinglés au même snapshot dans ce parcours.,Trino JDBC pour signatures et valeurs typées ; IAM DOWNLOAD ; lecteur de frames compatible.,"Query/Egress Rust conserve ce protocole versionné ou fournit Arrow IPC avec un adaptateur compatible. Le digest, les bornes et la représentation des types font partie du contrat. Un consommateur rejette un flux tronqué sans end et ne publie pas une copie partielle.","Documenter le checksum exact avant portage. Comparer valeurs complexes, NaN/infinis, grands entiers/décimaux, timezone, maps à clés non textuelles et ROW avec noms dupliqués. Prévoir une négociation de version de format.","Un aller-retour préserve null, précision décimale, timezone, binaire, ordre des champs et clés de map. Couper le transfert avant end empêche le commit du destinataire. Le digest recalculé selon la définition correspond exactement au frame final."
data-serve,DS-13,"Créer, versionner et supprimer les règles qualité","Une Rule identifie le dataset, l'auteur et sa suppression logique ; chaque création ou modification écrit une RuleHistory avec nom, description, script et seuils. Le nom actif est unique sans distinction de casse. Le service vérifie comparateurs, champs non blancs, existence du dataset, syntaxe SQL et exécution de la requête avant sauvegarde. Les comparateurs varient par type boolean, numeric, instant ou string et sont ordonnés ; la première condition satisfaite détermine le niveau d'alerte. Les modifications et lectures portant ruleId passent aussi datasetId afin qu'une règle d'un autre dataset soit introuvable. isNotify crée une souscription d'échec qualité.",Éditeur de règles et responsable qualité.,"POST /datasets/{datasetId}/rules ; PUT/DELETE /datasets/{datasetId}/rules/{ruleId} ; GET règles, règle, check du nom et history.","Rule, RuleHistory, suppression logique, auteur, script et niveaux CRITICAL/MAJOR/MINOR.",Gateway IAM can_edit_rules/can_view_rules ; Trino pour validation ; outbox vers data-model ; notification-center.,"Audit Rust conserve une définition versionnée de règle et un contrat de résultat. Les seuils numériques utilisent un type exact adapté, sans conversion systématique vers Double. La règle est compilée et autorisée sur toutes ses entrées, puis exécutée sur un candidat ou une édition précise.","Importer toutes les versions et tombstones. Garder l'historique des valeurs et comparateurs, y compris les limitations de conversion du type instant et numeric. Distinguer validation syntaxique, test utilisateur et audit bloquant de publication.",Modifier une règle crée une version nouvelle sans altérer les preuves d'une édition ancienne. Un ruleId d'un autre dataset est introuvable sur toutes les routes. Un seuil numérique supérieur à 2^53 garde sa valeur exacte. Deux créations concurrentes du même nom ne réussissent pas ensemble.
data-serve,DS-14,Fournir les modèles et l’essai interactif des règles qualité,"Quinze templates couvrent volumes, duplicats de lignes, unicité de colonnes, combinaisons distinctes, distribution, intervalles, email, appartenance à une liste, minimum, maximum, médiane, moyenne et non-null. Ils retournent du SQL avec le nom technique ou un placeholder. Le check exécute le script sur main et exige une seule colonne, une seule ligne et une valeur non nulle d'un type admis. Le contrôle de statement exige SELECT et la présence du dataset ciblé, mais ne vérifie pas que l'ensemble des relations se réduit à ce dataset et ne demande pas CONSULT sur d'autres relations. Certains templates ne correspondent pas à leur libellé, par exemple maximum inférieur utilise >= et médiane égale utilise >=.",Utilisateur qui prépare une règle avant enregistrement.,GET /datasets/{datasetId}/rules/templates/{templateType} ; POST /datasets/{datasetId}/rules/check.,Résultat transitoire type/valeur ou erreur métier ; aucun compute persistant pour ce check.,"JSqlParser, schéma/techName local et Trino ; gateway autorise le dataset du chemin.","Audit/Query Rust fournit un catalogue de templates versionnés, paramètres typés et sémantique testable. Toutes les relations du script doivent être liées et autorisées ; une règle monodataset refuse les autres, une règle multi-entrées les déclare explicitement. Les essais sont bornés et distincts des preuves de publication.","Traiter l'écart d'autorisation des relations supplémentaires avant de reproduire le parcours. Versionner les corrections des templates pour ne pas changer en silence les règles enregistrées. Rejouer les cas vide, null et limites numériques/temporelles.","Un script qui joint une table non autorisée est refusé avant Trino. Chaque template donne le résultat annoncé sur des jeux connus, y compris table vide. Un résultat de plusieurs lignes ou colonnes retourne l'erreur qualité attendue sans être enregistré comme preuve."
data-serve,DS-15,Calculer la qualité après les traitements et diffuser les résultats,"Les événements process-data déclenchent CreateCompute. Le handler ignore les exécutions échouées et les branches autres que main. Il crée un Compute lié au dataset et à l'exécution, charge la dernière version de chaque règle active, valide et exécute son SQL, puis produit ComputedRule avec résultat ou erreur et publie un événement pour data-model. L'évaluation se fait sur la ref main résolue au moment de chaque requête, pas sur un snapshot fixé par l'événement de fin de traitement. Le handler présenté ne montre pas de déduplication de commande par executionId avant allocation d'un nouvel ID de compute.","Consommateur d’exécution, responsable qualité et notifications de résultat.",ProcessDataEventConsumer ; CreateComputeCommandHandler ; ComputedRuleCreatedEvent.,"Compute, dernière RuleHistory choisie, ComputedRule et statut SUCCESS/FAIL/ERROR/PENDING ; publication outbox.","process-data Kafka, Trino, repositories de règles et topic data-serve-computed-rule vers data-model.",Audit Rust évalue toutes les règles retenues pour un candidat précis avec un ensemble de versions figé. La preuve post-candidat est immuable et liée durablement à la provenance préallouée. Publisher consomme cette preuve avant d'approuver ; une alerte métier peut être non bloquante selon politique explicite. Le run d'audit est borné et idempotent.,"Importer les résultats historiques comme observations sans prétendre qu'ils ont bloqué la publication. Introduire clé candidat+ruleset+audit-policy et binding de snapshot, puis déplacer le déclenchement avant Publisher. Supprimer la dépendance au simple événement de succès de main.",Un second traitement publié pendant l'audit ne change pas les données auditées. Rejouer le même message retrouve le même compute et la même preuve. Un veto garde l'ancien snapshot publié et interdit l'ack source. Tous les participants d'une release multi-sorties sont couverts.
data-serve,DS-16,Réparer la projection des types depuis le schéma physique,"Une migration parcourt les datasets et branches, lit leur schéma physique par Trino, puis compare les types par nom de colonne sans distinction de casse. Elle conserve l'ordre et la casse déclarés et ignore les colonnes absentes physiquement. Si la lecture de branche échoue, elle essaie main. Elle émet une correction JSON vers data-model seulement lorsqu'un type diffère. Les exceptions d'une branche sont journalisées et le parcours continue. Cette correction passe encore par un producteur Kafka direct, exception au mécanisme outbox.",Opérateur de migration et mainteneur de la cohérence du catalogue.,CorrectSchemaCommandHandler ; DatasetSchemaMigrationObject ; topic migration-topic-dataset-branch-schema. Aucune route REST publique de correction trouvée.,Projection de types corrigée par événement ; schéma physique lu via snapshot/ref.,"Trino/Iceberg, data-model consommateur de migration, runner de code migrations.","Migration/Datasets Rust compare field IDs, schéma d'édition et annotations sans remplacer une branche inconnue par main. Le plan de réparation est audité, rejouable et sépare correction d'index de changement réel de données. Il ne publie pas automatiquement un nouveau snapshot.","Utiliser la lecture physique pour l'inventaire initial, mais enregistrer UUID, snapshot et raison de l'écart. Remplacer le fallback implicite par un statut à résoudre. Préserver les anciens événements le temps de drainer leurs corrections.",Une relance sans divergence n'émet aucune correction. Une branche inexistante est signalée sans lui attribuer le schéma de main. Un renommage de colonne conserve son field ID et n'est pas confondu avec une nouvelle colonne.
data-serve,DS-17,Borner les ressources et restaurer les projections après panne,"Les lectures interactives et dumps ont des pools Trino séparés. Les dumps utilisent StreamingResponseBody et une durée maximale MVC configurée. Le service utilise une outbox durable, un relay avec retries et purge des envois, des dead letters et un drainage qui clôt certaines courses où l'entité a disparu tout en signalant les erreurs permanentes. Le runner de migrations de code consigne les résultats mais appelle encore une sortie Spring de code zéro en cas d'échec et contient une réserve explicite sur l'absence de lock. Aucun cache de résultats SQL n'a été trouvé dans les implémentations lues ; seuls les caches d'identité/token et les projections sont observés.","Exploitant, SRE et clients soumis aux limites de concurrence.",TrinoConfiguration ; OutboxRelay ; KafkaConfiguration ; DeadLetterEventDrainer ; CleyropMigrationRunner ; endpoints santé/metrics selon configuration.,"Pools et flux transitoires ; outbox_event, dead_letter_event et cleyrop_migration durables ; caches locaux reconstructibles.","PostgreSQL, Kafka, Trino, S3 et IAM ; chart Deployment/HPA/PVC/NetworkPolicy.","Query Rust possède admission, budget CPU/mémoire/octets, annulation et échéances par requête/run. Les workers sont fongibles. Tout cache de données est une optimisation indexée par tenant, édition, schéma, requête normalisée et contexte de sécurité, avec réévaluation des droits. Le journal durable sans JVM et les reçus remplacent la dépendance finale à Kafka Java.","Établir des budgets d'exploitation mesurés et conserver l'isolement des téléchargements. Drainer outbox/dead letters avant coupure et qualifier les duplicates. Ajouter un lock et un statut d'échec observable aux migrations Rust. Tester restauration de PG, index et objets séparément.",Une panne broker n'acquitte pas une mutation non journalisée. Une migration échouée empêche readiness et fournit une erreur identifiable. Supprimer un cache ne provoque ni nouvelle publication ni nouvel export. Un utilisateur révoqué ne récupère pas un résultat d'un cache partagé.
data-serve,DS-18,"Distinguer API de lecture, exposition déclarée et export durable","ExpositionApiController est aujourd'hui une famille d'API OAuth de listing, lecture, métadonnées, SQL et téléchargement. Aucun objet EXPOSURE déclarant consommateur, responsable, politique de refresh ou édition cible, ni ressource EXPORT avec destination, état et reçu, n'a été trouvé dans les contrôleurs et agrégats examinés. Il n'y a pas non plus de gestion locale de tokens API dans ces contrôleurs. Les téléchargements restent des requêtes HTTP transitoires. Cette fiche spécifie le besoin cible et évite d'attribuer au nom du contrôleur une capacité absente.","Application, dashboard, intégration et responsable d’un consommateur externe.",Existant : routes ExpositionApiController. API cible EXPOSURE/ExportEffect à définir sans inventer de chemin compatible.,"Cible : consommateur déclaré en PostgreSQL, EditionRef source, demande d’effet, clé d’idempotence et reçu ; pas de neuvième kind EXPORT.","Catalog, Query, Applications, Egress, IAM et Audit ; destination externe validée.","Applications/Catalog Rust décrivent EXPOSURE comme consommateur déclaré d'éditions. Egress traite EXPORT comme effet consommant une édition publiée avec destination, contrat de format, autorisation, preuve de livraison et politique de reprise. MODEL/EMBEDDINGS peuvent avoir un alias de serving sans déplacer l'autorité de leur édition Iceberg.","Inventorier clients OAuth/MCP, dashboards et téléchargements programmés, puis les rattacher à des consommateurs déclarés. Garder l'API native pour les clients existants. Migrer les effets vers des jobs bornés qui ne relisent pas implicitement main après retry.","Une demande d'export sur un candidat non publié est refusée. Une livraison dont la réponse a été perdue retrouve son reçu ou déclenche une réconciliation, sans doublon silencieux. Une exposition épinglée reste sur son édition jusqu'à une mise à jour autorisée."
app-management,AM-01,"Catalogue d’applications, propriété et rattachement au projet","Les routes créent, listent, modifient et suppriment les applications, vérifient leur existence et transfèrent leur propriétaire. La création lie une application à son namespace et éventuellement à un projet. Elle vérifie la cohérence du projet dans les arguments, refuse un projet supprimé et sérialise les opérations avec des verrous par propriétaire, projet et application. Les liens vers des applications agents sont autorisés avant création ; une cible absente ou refusée échoue sans laisser un lien. Les faits d’autorisation sont déposés dans l’outbox pour les applications concernées.","Développeur, responsable de projet et administrateur.",Application CRUD router : /apps ; CreateApplicationService.create_application ; update_application_owner.,"ApplicationEntity, NamespaceEntity, lien application-agent, propriétaire, project_id et tombstone de projet.","IAM/gateway, outbox SQL et Kubernetes par les déploiements ultérieurs.","Applications Rust possède application, rattachement, propriétaire et configuration désirée. IAM reste l’autorité d’accès ; la création et ses faits utilisent une transaction et une clé idempotente.",Importer IDs et rattachements ; préserver les verrous contre création concurrente/offboarding et la validation de chaque cible. Garder une façade HTTP compatible pendant la bascule.,"Créer une application pendant la suppression de son projet : elle est refusée ou appartient explicitement au résultat ordonné de l’opération, sans namespace orphelin ni droits tardifs."
app-management,AM-02,"Instances, configuration déployable et instance principale","Une application possède plusieurs instances dont le détail, la liste, la configuration et les déploiements sont consultables. Le router fournit création, mise à jour, suppression et changement de statut principal. Les dépendances de route contrôlent la parenté application/instance ou application/image afin qu’un identifiant valide d’une autre application ne soit pas accepté sous un parent arbitraire. Les ressources et historiques de sévérité ont des lectures dédiées.",Développeur applicatif et opérateur.,"Instance router : create_instance, update_instance, update_instance_main_status, list_instance_deployments ; enforce_path_parentage.","InstanceEntity, application parente, image, configuration, historique de deployment et sélection principale.","Applications, images, autorisation de gateway et ressources Kubernetes.","Applications Rust gère une révision immuable de configuration par déploiement, une référence de digest d’image et une sélection principale explicite. Le namespace n’est pas une preuve de droit.","Importer les instances et leur parenté, traduire les secrets en références et conserver les IDs d’historique. Qualifier les contraintes de principale et la concurrence avant activation.",Changer deux fois simultanément l’instance principale conserve un résultat cohérent. Une instance d’une autre application ne peut être lue ou déployée par substitution de parent.
app-management,AM-03,"Déployer, arrêter, reprendre et annuler une instance","Le lancement valide l’instance et son état puis contrôle que l’utilisateur peut employer le compte de service configuré. Il crée une exécution de déploiement, passe l’instance à DEPLOYING, synchronise le statut application et commit avant d’émettre la demande. Une précédente demande encore pending peut être marquée CANCELED avant la nouvelle. L’annulation charge le déploiement et exige son état annulable ; elle conserve la date et le résultat en base. Les routes offrent également start, stop et logs. L’émission après commit doit être distinguée d’une transaction unique avec le transport.",Propriétaire autorisé et exploitation.,"InstanceLifecycleRouter.deploy_instance, stop_instance, start_instance, cancel_deployment, get_instance_logs.","DeploymentExecution incrémental, états d’instance/application et dates d’annulation.","Consumer Kafka, Helm/Kubernetes, compte de service IAM, watchers de déploiement.","Applications/Runtimes Rust utilisent des commandes persistées, reçus d’effets Helm/Kubernetes et réconciliation de l’état désiré. Une annulation a une phase précise ; un timeout ne vaut pas preuve d’arrêt.",Introduire un reçu durable couvrant commit puis publication d’événement. Reprendre les déploiements en attente ou les drainer avant de changer le propriétaire de l’orchestration.,Couper le service après commit et avant émission : le déploiement reste reprenable et s’exécute une seule fois logiquement. Annuler une demande déjà exécutée retourne son état réel.
app-management,AM-04,"Construire, reconstruire et inspecter une image","La construction à partir d’un dépôt vérifie l’application et son lien vers ce dépôt, résout la référence Git en commit et crée un build. Un dépôt non lié répond comme absent. Le service réutilise les entités registre/image/credentials, commit le build puis publie ses événements. Le rebuild retrouve le build précédent et sa source. Le router expose détail, historique, vulnérabilités et logs ; pour un build actif, les logs sont streamés depuis le pod, sinon lus dans les logs conservés. Le service ferme la transaction de lecture avant le flux long.",Auteur d’application et administrateur des environnements.,"Image router : create_image, rebuild_image, list_image_builds, get_image_vulnerabilities, get_build_logs ; ImageBuildService.","BuildEntity, commit source, image/registre, historique et résultats de scan.","Git, Kaniko, Trivy, registre OCI, Kubernetes et événements Kafka.","Applications/Runtimes Rust gèrent la spécification du build et son reçu ; les exécutants sans JVM restent encapsulés. Le déploiement référence un digest qualifié avec provenance, SBOM et audit.","Conserver commits, builds et diagnostics ; épingler le digest avant déploiement et qualifier l’idempotence de la demande. Reprendre les packages Python personnalisés via le registre d’environnements Runtimes.",Un rebuild produit un nouveau reçu sans écraser l’historique. Une réponse perdue ne crée pas deux effets non corrélés. Les logs ne gardent pas une transaction SQL ouverte pendant la durée du build.
app-management,AM-05,"Dépôts externes, dépôts internes et édition de sources","Les API distinguent dépôts externes liés aux applications et dépôts internes. Elles vérifient l’accès distant, listent les sources et permettent de lier/délier un dépôt. Le dépôt interne ajoute création, changement de projet, commits, branches, tags, arborescence, lecture/écriture/suppression et upload de fichier. Le service de fichiers résout le dépôt, associe l’auteur et délègue les opérations au client Git ; un renommage avec mise à jour passe par une opération groupée de fichiers. La source d’un build doit être un dépôt lié à l’application.",Développeur dans la Factory et administrateur Git.,"Routers /repositories, /repositories/internal et /apps/{app_id}/repositories ; InternalRepositoryFileService.","RepositoryEntity, liens application-dépôt, visibilité, projet, branches/tags/commits Git et auteurs.","Gitea interne et autres fournisseurs Git, SSH, utilisateurs et IAM.","Applications Rust porte la gestion des dépôts et effets Git, Flows épingle les commits qu’il exécute. Gitea Go peut rester encapsulé. L’édition de source ne publie aucune édition de données.","Préserver IDs, URLs non secrètes, commits et auteurs. Séparer l’accès de lecture à la source de la permission de build/déploiement. Conserver les préconditions Git de mise à jour.",Une édition basée sur un fichier devenu obsolète retourne un conflit compréhensible. Changer le dépôt lié ne modifie pas le commit d’un build déjà admis.
app-management,AM-06,"Devspace personnel, accès SSH et provisioning","La création d’un devspace vérifie l’utilisateur et l’absence d’espace déjà associé. Elle autorise les liens vers applications agents, réutilise registre/image, persiste application, instance et clé SSH puis assure l’accès au dépôt interne avant de lancer le déploiement. Les opérations sont donc réparties entre transaction SQL et effets distants. Les services distincts couvrent lecture, liste, mise à jour, suppression, authorized keys et logs de déploiement. Les clés privées sont chiffrées au repos selon le service crypto existant.",Développeur et administrateur des espaces.,DevspaceRouter ; CreateDevspaceService.create_devspace ; UpdateDevspaceAuthorizedKeysService ; DevspaceSSHKeyService.,"Application de type DEVSPACE, instance, utilisateur, clé et déploiement.","Git interne, Kubernetes, Helm, image devspace, IAM et agent de tunnel.","Applications/Runtimes Rust orchestre un espace isolé, quotas et reçus de provisioning. Les accès SSH/tunnel ont identité, durée et révocation propres ; le SDK données utilise les frontières Query/Writer.","Importer clés par une procédure sécurisée sans export clair, préserver volumes et dépôts, puis recréer les espaces depuis des images sans JVM. Rendre chaque effet réconciliable.",Interrompre après persistance mais avant accès Git : la reprise complète le même espace sans doublon. Révoquer le développeur coupe les nouvelles sessions et retire les clés prévues.
app-management,AM-07,Sessions de calcul Python et Spark pour process-data,"Les routes privées start/delete/reconcile et jobs délèguent au SessionRuntimeServiceImpl. L’adaptateur rend des templates de pod pour Python, client Spark et serveur Spark Connect, applique services/deployments et réconcilie les objets observés. Le submit adresse le harness de la session ; le chemin concerné résout les credentials du projet avant l’appel. L’état et l’annulation utilisent le statement de cette session. Ces fonctions appartiennent au runtime de données bien qu’elles soient hébergées dans app-management.",Process-data et exploitant des runtimes.,"/private/sessions ; SessionRuntimeServiceImpl.start_sessions, start_connect_server, reconcile_clusters, submit_job, get_job_state, cancel_job.",Ressources Kubernetes de sessions et serveurs ; statement du harness ; process-data conserve le run métier.,"Kubernetes, templates runtime, credentials projet, Python/PySpark et Spark Connect.",Runtimes Rust reprend cette frontière avec des workers fongibles et des tentatives bornées. Writer médie le staging ; Publisher contrôle la publication. Aucun serveur Spark ou composant JVM final.,"Conserver un adaptateur temporaire process-data puis déplacer admission, capacités et réconciliation dans Runtimes. Qualifier les scripts Python/SQL ; inventorier les incompatibilités PySpark.",Perdre la réponse du submit puis réconcilier ne produit pas deux publications. Une ancienne tentative ne peut écrire avec la capacité d’une nouvelle ; aucune permission REST générique table.modify ne parvient au worker.
app-management,AM-08,Catalogue d’applications agents et liens de communication,"Un router dédié liste les applications agents et gère l’octroi/retrait d’accès entre applications. La création d’application valide chaque cible par la décision IAM de lecture car un lien peut ouvrir un accès réseau lors du déploiement. Les cibles inconnues, DEVSPACE ou refusées ne deviennent pas des liens valides. Cette relation doit être traitée comme un changement de droit et de réseau, pas seulement comme une association d’affichage.","Auteur d’application, utilisateur métier et IAM.","ApplicationAgentRouter.list_agents, grant_apps_access, revoke_app_access ; authorize_agent_targets.","AppToAppLink, applications cibles et faits d’autorisation.","IAM, catalogue applicatif et NetworkPolicy rendu au déploiement.",Applications/IAM/Egress Rust gèrent les consommateurs déclarés et relations d’appel. EXPOSURE décrit une consommation autorisée ; elle n’est pas un nouveau kind de publication.,Importer les liens existants avec leur justification et vérifier droits sur chaque cible. Rendre la mise à jour réseau observable et révocable après retrait.,Le retrait d’un lien supprime le droit et converge vers la fermeture réseau. Un appelant ne peut déduire l’existence d’une application privée en essayant de la lier.
app-management,AM-09,"Secrets, clés de build et limite de confiance des identités","Le service crypto chiffre les passwords basic-auth, credentials de registres, variables secrètes et clés SSH privées. Les builds internes et externes ont des secrets SSH distincts ; seule l’URL exacte du dépôt interne peut utiliser la clé du compte Gitea interne. Les clones écrivent leur URL dans les logs, ce qui interdit d’y embarquer des credentials. Le header X-Userinfo n’est fiable que derrière le proxy configuré qui l’écrase ; sinon l’identité vient du bearer. Ces contraintes sont documentées par le composant et doivent être préservées lors du remplacement du langage.","Application, builder, opérateur de secrets et gateway.",CryptoService ; build_repository_init_container ; contrat TRUST_PROXY_HEADERS ; user keys router.,Secrets chiffrés en SQL et secrets montés dans les jobs ; identité entrante séparée du propriétaire de ressource.,"Gestion des clés, Kubernetes Secrets, Gitea, IAM/APISIX et registres.","Applications/IAM/Egress Rust utilisent des références de secrets, rotation et délégations bornées. Les secrets de build interne restent inaccessibles aux dépôts externes ; pas d’algorithme crypto maison.",Migrer les ciphertexts avec une procédure de rekey contrôlée et auditée. Tester les mêmes routes derrière et sans proxy ; ne jamais importer de secrets dans le dossier.,Une URL externe ressemblant à Gitea n’obtient pas sa clé. Un faux X-Userinfo sur un pod qui ne fait pas confiance au proxy ne donne aucun droit. Les logs ne contiennent pas de credential.
app-management,AM-10,"Exploitation, événements et migrations avant déploiement","Les consumers de build et déploiement attendent la fin des watchers, ce qui exige un poll interval adapté. Le composant documente que NACK_ON_ERROR est nécessaire pour conserver un message échoué, car le simple auto_commit=False ne donne pas cette garantie FastStream. Les migrations Alembic sont exécutées par un hook avant install/upgrade en mode migrate, pendant que les anciens pods peuvent encore servir. Les routes health distinguent live/ready et regardent notamment la base et IAM. La politique automatique de migrations du monorepo ne couvre pas cet arbre src/migrations.",Exploitant Kubernetes et équipe de livraison.,Build/deployment consumers ; /health/live ; /health/ready ; hook migration-job ; Alembic.,"Offsets, exécutions longues, migrations et statut de disponibilité.","PostgreSQL, Kafka, Helm, IAM et Kubernetes.","Migration/Applications Rust conservent Expand/Migrate/Contract, transactions d’événement et opérateurs repris après incident. La livraison reste par digest attesté ; tous les hooks/builders sont inclus dans le contrôle zéro JVM.","Ajouter les migrations Rust à l’enforcement, transférer les messages non traités sans double propriétaire et qualifier l’arrêt/reprise des watchers. Conserver les checks de readiness utiles.",Un échec de watcher ne perd pas l’événement. Le binaire précédent reste compatible pendant Expand ; un échec de migration bloque l’activation sans casser les pods servant encore.
devspace-agent,DSA-01,Enregistrement sortant et ouverture de sessions,"L’agent ouvre un WebSocket vers agent/connect avec un bearer lu sur disque. Les messages de contrôle JSON de type session_request créent une tâche par sessionId ; les frames binaires ou mal formées sont ignorées. La session ouvre le sshd local puis un WebSocket agent/session/{sessionId}. Le token est relu à chaque connexion, ce qui permet de prendre en compte une rotation du fichier. Le code lu ne déduplique pas les sessionId avant de créer une tâche.",Devspace et coordinateur de tunnels.,Agent._connect_and_serve ; Agent._serve_control_channel ; Agent._handle_session.,Connexion de contrôle et ensemble de tâches locales ; aucune base persistante.,"Coordinateur WSS, token projeté et sshd local.","Runtimes/Applications Rust peut reprendre l’agent en Rust ou encapsuler le composant sans JVM transitoirement ; session, identité et durée sont explicitement bornées.",Préserver le protocole binaire et les URLs durant migration du coordinateur ; ajouter limites de sessions et déduplication de demande.,"Renvoyer deux fois la même demande ne crée pas deux tunnels logiques. Après rotation du token, la reconnexion utilise la nouvelle identité sans redémarrer le pod."
devspace-agent,DSA-02,Transport des octets et fermeture du tunnel,"Le bridge lance deux pompes asyncio : frames WebSocket vers TCP avec drain, et lectures TCP par chunks vers WebSocket. Les frames textuelles sont encodées en octets ; les payloads vides sont ignorés. La fin d’une pompe entraîne l’annulation de l’autre puis la fermeture du writer TCP. Le code ne parse ni commande SSH ni contenu métier. Les connexions WebSocket emploient max_size=None dans l’agent ; des plafonds globaux doivent donc être évalués au niveau du tunnel.",Client SSH et sshd du devspace.,bridge ; ws_to_tcp ; tcp_to_ws.,Buffers et tâches éphémères ; flux chiffré SSH relayé comme octets.,Asyncio streams et WebSocket du coordinateur.,"Runtimes Rust offre un transport à backpressure avec budgets d’octets, durée et connexions, sans inspection métier du flux SSH.","Qualifier EOF, fermeture distante, annulation et débit avant remplacement. Ne pas déduire la sémantique de half-close du seul commentaire : vérifier le comportement effectif.",Un transfert binaire long conserve l’intégrité et borne la mémoire quand le lecteur ralentit. Une fermeture ou annulation libère les tâches et sockets sans tuer un autre tunnel.
devspace-agent,DSA-03,"Reconnexion, arrêt et paramètres de l’agent","La boucle reconnecte après erreur avec backoff exponentiel plafonné et jitter ; une connexion réussie réinitialise le délai. L’arrêt positionne un événement et annule les tâches de sessions connues. La configuration porte l’URL du coordinateur, la cible sshd, le chemin du token, les délais de reconnexion et les paramètres de healthcheck. Aucun journal de session durable n’est conservé dans ce composant.",Opérateur et orchestrateur du devspace.,Agent.run ; Agent.stop ; AgentConfig.,"Backoff, événement d’arrêt, ensemble des tâches et configuration du processus.","Cycle de vie du pod, coordinateur et fichier de token.","Applications/Runtimes Rust observe enregistrement, sessions actives et refus, avec reconnexion bornée et arrêt drainé. Audit journalise les ouvertures/fermetures côté autorité sans contenu SSH.",Conserver la compatibilité des paramètres publics et mesurer les tempêtes de reconnexion ; décider explicitement les limites de durée et d’inactivité.,Redémarrer le coordinateur pour plusieurs devspaces ne crée pas une boucle serrée. L’arrêt ne laisse pas de session active sans propriétaire identifié.
ai-gen-proxy,AIGP-01,Administrer les connexions fournisseurs et leurs clés chiffrées,"Le plan de contrôle gère création, lecture, liste, mise à jour, suppression et existence des clés fournisseurs. Les secrets sont chiffrés Fernet au repos. La découverte peut réutiliser une clé persistée quand le client fournit un placeholder ou omet le secret. Les routes de gestion valident un JWT et vivent dans une application/port distincts de ceux du proxy.",Administrateurs de modèles.,/api_keys ; POST /api_keys/discover ; control_app.,"API keys, fournisseurs, endpoints et modèles PostgreSQL.","IAM, IdP, Fernet, API fournisseur.",AI/Egress Rust stocke des références de secrets et autorise chaque endpoint ; séparation réseau contrôle/données conservée.,Migrer les enveloppes via un outil contrôlé puis révoquer les anciens secrets ; conserver les IDs et comparer les droits de gestion.,Une clé masquée se modifie sans perte ; le listener de données refuse toutes les routes de gestion ; une destination interdite ne reçoit jamais la clé.
ai-gen-proxy,AIGP-02,"Acheminer le chat compatible OpenAI, avec streaming et sélection automatique","Le proxy expose le chat par nom technique de clé et une route automatique. Il résout un modèle et sa connexion, déchiffre la clé, transmet la requête et filtre des headers de réponse. Les branches streaming et non-streaming ont leur gestion de délai et métriques. Le streaming demande include_usage et ferme le flux HTTP partagé. Le mode automatique ordonne des modèles par préférence ; son comportement fournisseur doit être qualifié par scénario.",Applications IA et agents.,POST /llm/{api_key_tech_name}/v1/chat/completions ; POST /llm/v1/chat/completions ; GET /llm/models.,Configuration de modèles ; flux HTTP et métrique de requête.,"Fournisseurs compatibles, clients HTTP mutualisés, service de métriques.","Gateway AI Rust conserve contrat HTTP/SSE, annulation, budgets et choix de modèles autorisés ; Egress borne destinations et tailles.","Rejouer fixtures streaming, erreurs, délais et sélection multi-fournisseur ; basculer par fournisseur.",Un client annulé libère le flux ; un timeout retourne une erreur définie ; aucun changement de fournisseur ne viole les politiques de données.
ai-gen-proxy,AIGP-03,Produire les embeddings via les modèles configurés,"L’API liste les modèles d’embedding, expose les informations par clé et transmet une requête d’embeddings au fournisseur sélectionné. Le chemin emploie des retries et enregistre l’usage. Le proxy produit des vecteurs ; il ne publie pas une édition de corpus et ne constitue pas un moteur d’entraînement.",Ingestions documentaires et applications de recherche.,GET /emb/models ; GET /emb/{api_key_tech_name}/info ; POST /emb/{api_key_tech_name}/v1/embeddings.,Modèles et appels ; vecteurs retournés au consommateur.,"API fournisseur, clé chiffrée, mesures d’usage.","AI sert un contrat modèle/dimension/version ; Embeddings contrôle longueur, type numérique et provenance avant WAP.","Qualifier batch, dimensions, ordre et erreurs de chaque fournisseur ; figer le modèle utilisé dans les éditions.",Un batch garde son ordre et sa dimension ; un changement de modèle incompatible est refusé avant publication d’EMBEDDINGS.
ai-gen-proxy,AIGP-04,Choisir et sonder les modèles par défaut,"La configuration par défaut comprend des rôles de modèles. Pour INSTRUCT et CODER, le service résout les modèles puis lance des probes concurrents avec délai, enregistre les métriques et refuse de sauvegarder si un probe refuse ou lève une erreur. Après succès il upsert les choix puis émet un événement de changement. Les paramètres de génération, dont reasoning_effort, font partie du modèle de configuration.",Administrateurs et initialisation plateforme.,GET/POST /api_keys/configuration ; ConfigureDefaultModelsService.configure.,"DefaultModelConfiguration, rôles, références et résultats de probes.","Provider gateway, métriques et événements de configuration.",AI Rust versionne le choix par rôle et son attestation de compatibilité ; une probe ne vaut pas qualification complète du modèle.,Reprendre les choix et réglages ; exécuter les probes et tests de capacités avant promotion.,Un modèle introuvable ou une probe refusée laisse la configuration antérieure ; tous les replicas observent le changement accepté.
ai-gen-proxy,AIGP-05,"Mesurer l’usage, la latence et les erreurs des appels","Le proxy construit une métrique par appel à partir de l’usage fournisseur, du statut, de la durée et du temps au premier token lorsqu’il existe. Il publie les métriques via Kafka et les consomme pour les conserver. Le contrôle expose les modèles de métrique et un résumé de tokens avec filtres. Les écritures en arrière-plan de streaming doivent être distinguées d’une garantie comptable exhaustive.",Opérateurs et responsables de consommation.,GET /metrics/models ; GET /metrics/tokens ; LLMMetricService.,"LLMMetric, usages de tokens, modèle et clé de provenance.","Kafka, PostgreSQL et payload d’usage fournisseur.",Audit/AI Rust conserve un reçu d’usage corrélé à l’appel et des quotas explicites ; bus sans JVM.,"Reprendre métriques et clés ; comparer comptages sur erreurs, annulations et flux tronqués avant bascule.",Un même appel rejoué pour transport ne double pas la facturation interne ; un usage absent est inconnu et non assimilé à zéro.
ai-gen-assistant,AIGA-01,"Configurer un contexte d’assistant, ses ressources et son partage","Le contexte est rattaché à un projet et porte nom, description, instructions, personnalisation, ressources corpus/datasets/fichiers, toolboxes et choix de modèle avec réglages de génération. Les routes créent, listent et modifient ces configurations, leur statut et leur propriétaire. La création résout le miroir utilisateur avant écriture et canonicalise le projet. Des routes distinctes gèrent le partage. Les faits de création, propriété et partage passent par l’outbox IAM lorsque cette émission est activée.","Auteurs d’assistants, membres de projets et propriétaires.",ContextRouter ; POST /projects/{project_id}/contexts ; ContextShareRouter.,"Context, ContextOwner, ConversationResources, références de sessions de fichiers, miroirs utilisateur/projet.","IAM, PostgreSQL, modèles du proxy, événements de droits.",AI Rust gère les configurations versionnées et les mandats de ressources ; IAM décide partage et propriété. Les ressources référencent des éditions autorisées.,"Importer UUID, propriétaires et références, reconstruire les faits IAM puis comparer les accès avant bascule.","Créer un contexte avec trois types de ressource, le partager puis révoquer ; les autres projets ne découvrent aucune ressource interdite."
ai-gen-assistant,AIGA-02,"Historiser, comparer et publier les versions de contexte","Le service expose liste et détail des versions, diff, duplication, publication d’une version et suppression simple ou multiple. Une lecture peut résoudre la configuration effective d’une version sans muter le contexte courant. La publication citée ici concerne la configuration de l’assistant ; elle ne démontre aucune publication de données Iceberg.",Auteurs et responsables de contextes.,"ContextVersionRouter : list_context_versions, diff_context_version, duplicate_context_version, publish_context_version.",Versions de contexte et configuration effective ; pagination et auteurs résolus.,"PostgreSQL, service de versions et miroir d’identité.",AI conserve une version de plan immuable ; Publisher reste seul propriétaire des publications de données déclenchées par un plan.,Reprendre versions et diffs ; conserver une distinction de contrat et de vocabulaire entre configuration publiée et édition de données approuvée.,Lire une ancienne version sans changer la tête ; publier une configuration ne rend aucun candidat de données visible.
ai-gen-assistant,AIGA-03,Ouvrir et reprendre les conversations avec streaming,"Les conversations existent pour un assistant et pour un contexte. Les routes listent et consultent les messages, créent un tour, reprennent un échange, modifient les propriétés ou suppriment la conversation. Les créations et reprises utilisent une réponse en streaming ; l’absence de modèle instruct par défaut a une réponse dédiée. Une API publique de contextes expose aussi ces parcours avec une dépendance de contrôle d’accès au contexte. Les artefacts graphiques générés possèdent leur propre téléchargement.","Utilisateurs de chat, applications clientes et assistants intégrés.",ConversationRouter ; ContextConversationRouter ; PublicContextRouter /v1/contexts/{context_id}.,"Conversations, messages, ressources de conversation et artefacts ; état en PostgreSQL/S3 selon l’objet.","AI proxy, IAM, toolboxes/MCP, stockage d’artefacts.","AI Rust orchestre des tours bornés, annulation et budgets ; messages et citations portent la version de contexte et les éditions effectivement lues.",Migrer historiques et identifiants ; qualifier la compatibilité des événements streaming et les reprises avant bascule des clients.,Une interruption reprend selon un identifiant de tour sans lancer deux effets ; une révocation du contexte bloque lecture et nouveau tour.
ai-gen-assistant,AIGA-04,Définir les corpus et exécuter leurs ingestions documentaires,"Les corpus sont créés et listés dans un projet, avec recherche d’existence, documents, métadonnées et configuration de refresh. Les transactions corpus/source/document suivent l’ingestion et la suppression. La boucle source utilise une ligne source_transaction_progress créée avec la transaction, revendiquée sous bail et renouvelée ; un autre worker peut reprendre depuis le curseur validé après disparition du propriétaire. La concurrence des workers est configurée dans le scheduler. Les documents possèdent aussi métadonnées et états de transaction consultables.","Gestionnaires de connaissances, auteurs de corpus et opérateurs.",CorpusRouter ; DocumentRouter ; CorpusTransactionRouter ; SourceTransactionLoopScheduler.,"Corpus, Source, Document, transactions et curseurs de progression PostgreSQL.","Data-collect pour les sources, stockage objet, extraction de documents, modèle d’embedding.",Flows/AI/Embeddings utilisent des runs bornés. Writer prépare un FILESET et des EMBEDDINGS immuables ; Publisher publie sous WAP avant acquittement de la plage source.,Importer les documents et leurs provenances comme éditions auditées ; reprendre les travaux en attente avec correspondance explicite entre ancien curseur et plage source.,Tuer un worker pendant une tranche ; reprendre sans perdre les documents et ne faire avancer le checkpoint publié qu’après publication approuvée.
ai-gen-assistant,AIGA-05,Indexer les chunks et rechercher les corpus autorisés,"La recherche publique liste les corpus accessibles puis recherche des documents. Le stockage de chunks repose sur Milvus. Le remplacement écrit les nouveaux chunks puis retire les anciens ; le commentaire et le code indiquent l’absence de transaction Milvus, avec une période possible de duplication. En perte de propriété, le nettoyage cible les identifiants écrits par ce worker. La dimension des vecteurs est actuellement sondée par une requête au modèle.","Utilisateurs RAG, assistants et MCP corpus.",PublicCorpusRouter list_corpora/search_corpora ; ChunkAdapter.replace_document_chunks.,"Collections Milvus, documents, IDs de chunks et watermark de génération.","Milvus, proxy embeddings, corpus en PostgreSQL, autorisation IAM.","EMBEDDINGS Iceberg conserve vecteurs, hash du contenu, édition source, découpage, modèle et dimension. L’index Milvus ou son remplaçant devient une projection reconstruisible par édition approuvée.","Écrire une génération candidate, auditer dimensions et droits, publier puis construire l’index privé avant bascule de lecture ; ne pas assimiler l’alias d’index à la vérité publiée.","Changer de modèle/dimension, perdre l’index et le reconstruire ; aucune recherche ne mélange deux éditions ni ne restitue un document révoqué."
ai-gen-assistant,AIGA-06,"Outiller les assistants et gérer fichiers, modèles de documents et exports","Les toolboxes exposent leurs outils et variables utilisateur, ainsi que leur instance. Le service gère des sessions S3 pour upload/suppression de fichiers. Il reçoit des modèles de documents, les liste, les prévisualise, les modifie et les archive. Les documents générés proposent consultation, formats exportables et téléchargement ; les graphiques ont un export dédié. Des outils de lecture de fichiers, génération de documents/PPTX, graphiques et exécution Python sont présents ; cette lecture n’établit pas à elle seule leur isolation runtime.","Auteurs d’assistants, utilisateurs de pièces jointes et administrateurs d’outils.",ToolboxRouter ; S3FileSessionRouter ; DocumentTemplateRouter ; GeneratedDocumentRouter ; GeneratedChartRouter.,"Toolbox/Tool, variables par utilisateur, sessions de fichiers, modèles, documents et graphiques générés.","MCP, S3, moteur de génération et runtime Python.","AI/Runtimes exécutent les outils sous mandat et budgets ; Files contrôle les pièces jointes. Un EXPORT est un effet à reçu, un artefact durable peut être un FILESET publié via Writer/Publisher.","Migrer métadonnées et objets avec hashes ; qualifier isolation Python, droits d’outils, formats et suppression des artefacts avant transfert.","Un outil n’accède qu’aux fichiers du mandat ; le même export rejoué retrouve son reçu ; une suppression retire objet, index et liens conservés selon politique."
mcp-server-dataset,MCPD-01,Découvrir les datasets et sélectionner les structures pertinentes,"Les outils listent les datasets, recherchent leurs structures et proposent métadonnées et schéma pour un dataset précis. La découverte lit l’API data-serve paginée. Les noms ou identifiants sont résolus dans le scope autorisé ; absence de données, credential absent et refus backend ont des formes d’erreur distinctes.",Agents d’analyse et utilisateurs.,list_datasets_tool ; dataset_structure_research_tool ; get_dataset_metadata_tool ; get_dataset_schema_tool.,"Catalogue temporaire de schémas, exemples et métadonnées.",Data-serve ; scopes MCP et identité.,MCP/Catalog Rust sert découverte et schémas avec édition et droits de découverte explicites.,Adapter chaque endpoint metadata/structured et préserver la pagination ; introduire pins d’édition dans le résultat.,Un dataset hors scope n’apparaît ni dans le choix ni dans les suggestions ; toutes les pages utilisent la même édition.
mcp-server-dataset,MCPD-02,Transformer une question en SQL de lecture vérifié,"database_research_tool récupère des schémas et exemples puis appelle un générateur SQL. La chaîne travaille actuellement en dialecte Trino/Cleyrop, vérifie que la requête est en lecture seule et détecte les colonnes absentes avant EXPLAIN et exécution. Le SQL généré est donc une proposition soumise à plusieurs contrôles et non une autorité sur les droits.",Analystes et agents conversationnels.,MCP database_research_tool ; data-serve /datasets/sql/query ; EXPLAIN.,"Question, schémas récupérés, SQL et résultat structuré.","LLM, SQLGlot/dialecte Cleyrop, Trino via data-serve.",MCP/Query Rust remplace Trino ; le générateur reçoit le catalogue de capacités réel du moteur sans JVM et des entrées épinglées.,"Établir un corpus NL/SQL et requalifier fonctions, types, agrégats et erreurs ; aucune parité Trino implicite.",Une requête d’écriture ou colonne hors schéma est refusée avant exécution ; une lecture rejoint exactement les éditions déclarées.
mcp-server-dataset,MCPD-03,Réparer les erreurs SQL avec un budget et une mémoire de session,Une erreur transitoire rejoue le même SQL sans nouveau LLM ; une erreur déterministe peut provoquer une régénération. Les essais rejetés sont transmis au générateur et conservés en mémoire de session liée au caller et à la conversation. La répétition sans progrès arrête la boucle. Un budget partagé borne les réparations de parsing et les nouvelles générations ; les échecs connus reviennent sous forme structurée.,Agents autonomes et opérateurs de coûts.,_validate_and_execute_sql ; _run_with_transient_replay ; session_memory.,"Journal d’essais, classe d’erreur et mémoire de session ; pas de checkpoint de données.","Backend SQL, générateur LLM et configuration de budgets.",MCP Rust garde un budget global temps/tokens/exécutions et une mémoire isolée par mandat ; Audit corrèle les tentatives.,"Rejouer erreurs temporaires, syntaxiques et répétitives ; mesurer appels au LLM et arrêter les boucles improductives.",Une panne réseau ne déclenche pas une régénération ; deux échecs identiques arrêtent selon la règle ; une autre identité ne reçoit pas les essais de la session.
mcp-server-dataset,MCPD-04,Restituer les résultats SQL et expliquer les réponses vides,"Les résultats ont une représentation structurée, Markdown et CSV, avec erreurs typées et rendu de null. Le chemin de recherche peut signaler un résultat vide, effectuer un comptage et rechercher des correspondances proches. Les endpoints de schéma et métadonnées ont une gestion d’erreur commune ; un échec partiel ne doit pas être pris pour un dataset absent.",Agents et interfaces de résultats.,SqlQueryResult.to_markdown/to_csv ; _signal_empty_result ; get_dataset_structure/get_dataset_metadata.,"Lignes, colonnes, détails d’erreur, tentatives et suggestions.",Data-serve et outils de rapprochement textuel.,Query/MCP Rust fournit réponses paginées et exports avec même pin d’édition ; EXPORT est un effet avec reçu quand conservé.,"Comparer CSV, nulls, résultats vides et limites ; qualifier les probes de suggestions sans exposer de données hors droit.",Un agrégat nul n’est pas confondu avec zéro ligne ; pagination et export gardent les mêmes données et autorisations.
mcp-server-dataset,MCPD-05,Isoler le credential et le périmètre de lecture de chaque appel,"Le credential entrant accepte le Bearer, sans fallback vers les anciens headers API-token. Une délégation exige fresh_headers et utilise un backend interne plutôt que le parcours public normal. Les outils vérifient le scope des datasets ; le serveur monte les outils de recherche SQL et de structure sur MCP HTTP et propage les traces.","Orchestrateur, IAM et clients MCP.",UserCredential ; get_user_credential ; FastMCP server.,Mandat/credential par requête ; contextes de transport et scope.,"cleyrop_common.mcp_read, IAM et data-serve interne.",MCP/IAM Rust limite chaque mandat à lecture des éditions nommées ; le moteur SQL n’obtient aucun droit générique table.modify.,"Migrer Bearer et délégation avec tests croisés d’identité, expiration et scopes.","Un ancien header seul ne donne aucun droit ; une délégation révoquée bloque metadata, EXPLAIN et exécution."
mcp-server-corpus,MCPC-01,Découvrir les corpus accessibles dans le périmètre de l’agent,"list_corpora_tool appelle l’API de corpus pour l’utilisateur courant, puis filtre selon les noms techniques imposés au contexte MCP. Le résultat contient UUID, nom, description, nombre de documents et total ; des erreurs structurées distinguent refus d’accès et défaillance.",Agents MCP et utilisateurs RAG.,MCP list_corpora_tool.,"Résultat de découverte éphémère, sans catalogue local autoritaire.",API publique ai-gen-assistant et mandat de lecture.,MCP Rust expose uniquement les corpus autorisés et épinglés ; Catalog/Embeddings restent les autorités.,Conserver schéma et noms des outils ; remplacer le backend par un adaptateur aux éditions publiées.,Un contexte limité à A ne voit ni nom ni total de B ; IAM indisponible ne devient pas une liste complète.
mcp-server-corpus,MCPC-02,Chercher sémantiquement dans un ou plusieurs corpus,"L’outil accepte une question et des noms techniques. Le scope de contexte remplace l’argument du modèle. Il résout les noms en UUID parmi les corpus accessibles, refuse les inconnus puis appelle search_corpora. Sans sélection, il cherche dans les corpus accessibles. Le résultat contient documents et métadonnées ; les champs de texte sont nettoyés des caractères invisibles et espaces exotiques.",Agents et utilisateurs qui interrogent leurs connaissances.,MCP corpus_search_tool ; client POST /corpora/search.,"Documents retournés, total et erreur ; aucune écriture de vecteurs ici.","Backend de recherche assistant, droits IAM et données de corpus.","MCP restitue citations, hashes et édition servie ; Embeddings vérifie les droits avant texte et avant envoi au LLM.",Préserver nettoyage et erreurs ; ajouter provenance d’édition et limites de résultats sans inventer un checkpoint dans MCP.,La question ne peut élargir le scope fixé ; une citation reste résoluble sur l’édition lue et disparaît de la restitution après révocation.
mcp-server-corpus,MCPC-03,Propager une identité ou un mandat de lecture délégué,"L’identité vient du Bearer entrant. Le client sait aussi porter DelegatedRead, appelle son autorisation et obtient des headers frais pour le backend interne. Les erreurs MCPReadAuthenticationError exposent code et possibilité de retry. La session HTTP partagée désactive la persistance des cookies pour éviter qu’un cookie reçu pour un utilisateur soit renvoyé pour un autre.","Orchestrateur d’assistant, IAM et utilisateurs.",get_user_access_token ; DelegatedRead ; CorpusApiClient.,"Credential par requête, session HTTP mutualisée sans cookies utilisateur.","cleyrop_common.mcp_read, API interne et API publique.","IAM/MCP Rust émet un mandat court lié au sujet, tenant, ressources et action de lecture ; jamais de credential générique d’écriture.","Qualifier expiration, renouvellement et révocation déléguée ; conserver la différence entre mandat et Bearer direct.",Deux utilisateurs partageant le pool HTTP ne partagent aucune session backend ; un mandat expiré est refusé avant lecture.
mcp-server-corpus,MCPC-04,"Servir MCP HTTP avec progression, erreurs et traces","Le serveur monte les deux outils sur un transport HTTP streamable, fournit /health et instrumente les requêtes ASGI et les appels aiohttp pour propager les traces. Les outils émettent des informations et une progression. Le lifespan ferme la session HTTP ; aucun stockage local durable de recherche n’est montré.",Clients MCP et opérateurs.,{CONTEXT_PATH}/mcp ; GET /health ; événements progress/info/error.,Sessions et traces de transport.,"FastMCP, aiohttp et OpenTelemetry.","MCP Rust conserve schémas, annulation, progression et corrélation ; la santé distingue process et dépendances.","Tests de protocole MCP avec clients existants, erreurs backend et arrêt en cours d’appel.",Une annulation libère les connexions ; une erreur backend conserve un code stable et les logs n’exposent pas le credential.
mcp-server-internet,MCPI-01,Rechercher sur le web avec un fournisseur configurable,"L’outil web_researcher_and_scraper reçoit question, nombre de résultats, sites suggérés, catégories, période et langue. Une factory choisit SearXNG ou Staan selon configuration. Le résultat conserve URL, titre, description, contenu, rang, score et erreur. La description de l’outil annonce une borne de dix résultats ; sa compatibilité exacte reste à tester.",Agents ayant un mandat de recherche externe.,MCP web_researcher_and_scraper.,SearchRequest/SearchResult et résultat agrégé éphémère.,"SearXNG ou Staan, configuration et réseau.","MCP/Egress Rust autorise les fournisseurs, borne budget et sources et conserve des références citables.",Comparer les paramètres supportés par chaque fournisseur ; annoncer les écarts au lieu d’une recherche uniforme supposée.,Même requête conserve ses paramètres et limites ; un fournisseur indisponible retourne une erreur explicite sans inventer des sources.
mcp-server-internet,MCPI-02,Extraire les pages et conserver les succès partiels,"Le pipeline réutilise le texte fourni par le moteur quand il existe ; il scrape seulement les résultats qui en ont besoin, et certains restent à leur snippet. Les extractions sont rassemblées avec leurs erreurs individuelles pour conserver les succès partiels. Le scraper applique robots.txt à chaque redirection et extrait un texte nettoyé. Les sources retournées et modes d’extraction sont journalisés.",Agents de recherche et opérateurs.,web_scraper ; WebResearcherResult ; SearchResult.needs_scraping.,"Contenu, statut, erreur et durée par page.","HTTP externe, parsing HTML et règles robots.",Egress/MCP Rust fournit extraction bornée et provenance URL/horodatage/hash ; le contenu externe reste non fiable pour les actions de l’agent.,"Rejouer pages sans texte, redirections et extraction partielle ; préserver distinction snippet/contenu complet.",Une page bloquée ne fait pas perdre les autres résultats ; la réponse indique les limites de chaque source.
mcp-server-internet,MCPI-03,Empêcher les téléchargements vers des adresses non publiques,"Le guard valide les URL et adresses IP. Un résolveur DNS contrôle les adresses obtenues et remet ces adresses au connecteur, limitant la fenêtre de re-résolution. Les redirections sont suivies manuellement, revalidées à chaque étape et limitées à cinq. Les IP littérales, destinations privées et cas multicast ont des règles explicites. Cette lecture établit des protections présentes, pas une preuve de résistance à tous les scénarios réseau.",Opérateurs de sécurité et utilisateurs de recherche externe.,PublicAddressResolver ; ensure_public_url ; open_public_url.,Décision de destination par connexion et compteur de redirections.,"aiohttp, DNS, TLS et guard partagé.",Egress Rust centralise la même politique avec quotas octets/temps et contrôle des proxys ; les outils n’obtiennent aucun accès au réseau interne.,Porter le corpus SSRF/DNS/redirection existant et qualifier dans le réseau cible.,Une redirection publique vers une adresse privée ou un résultat DNS mixte est refusé avant téléchargement ; cinq sauts respectent la borne.
mcp-server-internet,MCPI-04,Borner les recherches payantes et exposer leur état,"Le quota de recherche est un token bucket en mémoire par pod, avec débit horaire, capacité de burst et horloge monotone. Une exhaustion renvoie un délai de retry. Le code précise que plusieurs replicas multiplient le plafond et qu’un redémarrage réinitialise les compteurs ; ce n’est pas un budget mensuel durable. Le serveur expose /health et instrumentation de traces.",Opérateurs et responsables de consommation.,SearchQuotaGuard ; InMemorySearchQuotaGuard.try_consume ; GET /health.,Compteurs locaux et décision allow/deny avec retry_after.,"Factory de fournisseur, horloge et OpenTelemetry.",AI/Egress Rust ajoute une réservation de budget tenant persistante si un plafond global est requis ; garde local conservé pour les bursts.,Fixer politique de coût et cardinalité tenant ; comparer quotas à un et plusieurs replicas avant migration.,Une boucle d’agent est freinée ; un redémarrage n’efface pas le budget global cible et ne divulgue aucun secret de fournisseur.
datasphere-cleyrop,DSPC-01,Construire et conserver un label de sensibilité,"PUT /labels reçoit UUID dataset, policy, classification et category, retourne 202 et lance une BackgroundTask. Le handler appelle le binaire Datasphere pour générer un JSON, encode ce JSON en base64 puis upsert le label en base. Une erreur de tâche est journalisée ; le 202 ne constitue pas une preuve de génération terminée. Le binaire propriétaire n’a pas été inspecté.",Gestionnaires de labels et service data-model.,PUT /labels ; BuildLabelCommandHandler ; DataspheresLabelServiceImpl.build_label.,"Label avec paramètres, JSON, base64 et dates PostgreSQL.","Binaire Datasphere .NET Linux x86-64, configuration/SPIF et base.",IAM/Audit Rust contrôle la politique et un job durable génère un label versionné lié à une édition ; adaptateur propriétaire à remplacer ou qualifier explicitement.,"Importer labels et politiques, comparer byte/hash et décisions ; remplacer BackgroundTask par travail reprenable avec statut.",Un 202 fournit un job consultable ; redémarrer après acceptation ne perd pas la génération ; paramètres identiques conservent le résultat attendu.
datasphere-cleyrop,DSPC-02,Relire le label et demander les décisions de clearance,"GET /labels trouve le label par UUID. POST /access/check reçoit des ressources et leurs sujets, valide les UUID, charge tous les labels et refuse les labels absents. Il construit pour chacun un metadata_binding base64 puis appelle le PDP /decide/by-id. L’adaptateur vérifie que la réponse est une liste de même cardinalité et la traduit en décisions par sujet ; réseau, TLS et retries sont configurables.","IAM, services consommateurs et utilisateurs soumis aux clearances.",GET /labels?id=... ; POST /access/check.,"Labels stockés et décisions retournées, sans pouvoir de publication.",Clearance PDP HTTP/TLS et repository de labels.,"IAM Rust compose droits ordinaires et classification ; décisions versionnées avec politique, label et sujet, refus si indisponible selon contrat.",Rejouer matrice politique/classification/sujets ; comparer réponses et erreurs avant changement de PDP ou binaire.,"UUID invalide et label absent ne donnent aucun ALLOW ; une réponse partielle du PDP est refusée, avec traçabilité de la version de politique."
datasphere-cleyrop,DSPC-03,Extraire une table et produire un export chiffré ZTDF,"POST /labels/encrypt charge le label et télécharge la table par son tech_name via Spark. Le service écrit un seul fichier Parquet local en coalesçant, puis refuse un fichier vide ou supérieur à 2 Gio et le nettoie. Le binaire marque le fichier puis le chiffre en .ztdf ; le fichier est téléversé sur S3 et le répertoire temporaire nettoyé. Le code lit la table par nom sans pin d’édition explicite dans ce chemin.",Utilisateurs autorisés à exporter et opérateurs de données classifiées.,POST /labels/encrypt ; SparkFileServiceImpl.download_file ; LabelService.encrypt.,"Parquet temporaire, label, artefact .ztdf et objet S3.","Spark/JVM, Iceberg accessible au catalogue Spark, S3 et binaire Datasphere.","Query/Files Rust extrait une édition approuvée épinglée ; EXPORT reste un effet à reçu avec hash, politique et destinataire. Remplacer Spark et ses outils JVM.",Qualifier lecteur Arrow/Parquet sans JVM et compatibilité ZTDF ; borner les flux avant matérialisation et conserver preuves de label/édition.,Exporter une édition donnée malgré une publication concurrente ; rejouer retrouve le même reçu ; aucun artefact privé n’est exposé avant contrôle de sortie.
datasphere-cleyrop,DSPC-04,Ordonner les travaux de chiffrement et surveiller les dépendances,"EncryptQueue est une asyncio.Queue en mémoire avec un worker démarré dans le lifespan. Le worker traite les jobs, journalise les exceptions puis marque la tâche terminée. Les instructions indiquent que les singletons Spark et queue sont créés au démarrage ; une panne d’initialisation Spark est seulement loggée et laisse l’encryption indisponible. Alembic est exécuté au démarrage ou via le mode migrate. Le 202 ne donne pas de reçu de livraison durable dans les routes lues.",SRE et opérateurs d’export.,EncryptQueue.start/stop/enqueue/_worker ; lifespan et mode migrate.,File de jobs locale au processus et fichiers temporaires.,"PostgreSQL, Spark, binaire et S3.","Flows/Files Rust possède une queue durable, leases, limites de stockage et reçus d’effets ; health reflète chaque dépendance requise.","Drainer les travaux connus, passer à une file persistée et tester reprises/cleanup avant retrait du runtime Spark.",Arrêt après extraction puis reprise n’abandonne pas de fichier sensible ; un Spark absent ou son remplaçant indisponible empêche une readiness d’export trompeuse.
datasphere-front,DSPF-01,Charger la configuration SPIF et le dataset à labelliser,"L’application extrait un UUID de dataset de l’URL /datasets/{id}, charge son nom et les politiques. Le chargement de configuration passe par un proxy de data-model /spif-proxy/files ; il parse un XML de configuration pour récupérer les URLs SPIF puis charge et parse chaque politique. Les erreurs de chargement empêchent l’affichage du formulaire.",Gestionnaires de labels.,Route navigateur /datasets/{id} ; fetchConfig ; data-model /spif-proxy/files et /datasets/{id}.,Dataset et politiques chargés dans l’état React.,"Data-model, proxy de fichiers XML et parseur SPIF.",Frontends TypeScript conserve ce parcours ; IAM/Catalog fournit une politique versionnée et une édition dataset explicite.,"Préserver formats XML et erreurs, migrer URLs backend et inclure version de politique dans la sauvegarde.",Une politique XML invalide donne une erreur visible ; le nom du dataset et la politique proviennent du contexte autorisé.
datasphere-front,DSPF-02,"Composer une classification, catégories et marques de confidentialité","Le formulaire choisit une politique et réinitialise les sélections au changement. Il restaure la policy enregistrée du dataset en retrouvant classification et catégories visibles. Les sélecteurs traitent classification, contexte, ensembles de catégories, texte libre, releasability et privacy marks. Les catégories cachées ou obsolètes influent sur les options affichées.",Auteurs de labels SPIF.,SpifSelector ; ClassificationSelector ; ContextSelector ; CategorySelector ; ReleasabilitySelector ; PrivacyMarkSelector.,"LabelSelections : classificationLacv, categorySelections, freeTextSelections et privacyMarkSelections.",Modèle SPIF et policy actuelle du dataset.,Frontend TS conserve la composition ; la décision serveur se fonde sur la même version de politique et des identifiants stables.,Créer fixtures de politiques réelles anonymisées et comparer restauration des labels et changements de politique.,Une sélection enregistrée est restituée à l’identique ; un changement de politique retire les sélections incompatibles sans sauvegarde implicite.
datasphere-front,DSPF-03,Appliquer les règles SPIF et prévisualiser le label,"spif-rules calcule exclusions, classifications admises, catégories requises et sélections effectives ; il détecte les conflits de contexte puis valide l’ensemble. Le formulaire calcule les issues et ne génère le label que sans erreur. Le preview affiche notamment les privacy marks et sérialise les groupes de catégories dans la syntaxe attendue par le backend. Cette validation navigateur n’est pas une autorisation serveur.",Auteurs de labels et opérateurs de politiques.,buildEffectiveSelections ; validateSelections ; generateLabel ; LabelPreview.,"Sélections calculées, issues error/warning et LabelOutput.","Parseur SPIF, règles locales et backend de label.",Frontends partage un contrat de validation versionné avec IAM ; le serveur Rust revalide chaque commande et trace le résultat.,"Comparer règles client et serveur sur incompatibilités, catégories implicites et cardinalités ; n’accepter aucune divergence silencieuse.",Un conflit bloque l’aperçu sauvegardable ; contourner le JavaScript ne permet pas de persister un label invalide.
datasphere-front,DSPF-04,Enregistrer la policy avec identité renouvelée et retour utilisateur,"Le bouton de sauvegarde est désactivé sans UUID valide, politique ou classification. Il envoie un PUT de policy au data-model puis affiche succès ou erreur. Axios extrait response.data et un interceptor vérifie/renouvelle le token Keycloak avant d’ajouter le Bearer ; l’option withCredentials est configurée. Le message de succès correspond à la requête de sauvegarde, pas à la preuve qu’un export chiffré a été produit.",Utilisateurs authentifiés et opérateurs.,PUT /datasets/{datasetId}/label/policy ; saveDatasetPolicy ; interceptor Axios.,"État isSaving, policy envoyée et retour toast ; token de session.","data-model, keycloak-js et configuration runtime.",Frontend TS remplace l’adaptateur Keycloak par OIDC sans JVM et affiche le statut durable de génération de label.,"Préserver renouvellement, gestion d’erreur et accessibilité ; relier le toast à un reçu de commande plutôt qu’à une publication supposée.",Un token expiré est renouvelé ou l’action refusée ; double-clic ne crée pas deux jobs ; succès de label et succès d’export restent distincts.
cleyrop-front-end,FE-01,"Connexion, permissions et navigation autorisée","Le shell Next charge une SPA cliente sous /app. Les routes distinguent interface complète, applications accessibles, profil, clés SSH et écrans d’administration. Les clients HTTP nommés utilisent un token renouvelé ; les permissions viennent d’IAM avec traitement distinct d’un refus et d’une réponse dégradée. Les gates de route et navigation doivent poser la même question. Les routes admin séparent accès organisation et capacités exclusivement plateforme. La dépendance Keycloak JS est encore explicite.",Tous les utilisateurs et administrateurs.,AppRoutes ; getFreshToken ; effectivePermissionsOptions ; AdminRoutes.,"Session navigateur, snapshot de permissions, caches TanStack Query et contexte de navigation.","IAM, IdP Keycloak et gateway.",Frontends TypeScript reste en place ; un adaptateur OIDC remplace Keycloak JS pour l’IdP sans JVM. Les décisions sont serveur ; refus et indisponibilité restent distincts.,"Conserver liens et routes, qualifier refresh/logout et révocation. Remplacer les noms/rôles locaux comme source de droit par les capacités canoniques.",Une panne IAM affiche une reprise et aucun écran autorisé par défaut. La saisie directe d’une route et son menu appliquent la même décision ; une révocation termine les accès suivants.
cleyrop-front-end,FE-02,"Projets, espaces personnels et outils de développement","Les routes projet réunissent bibliothèque de données, flows, applications, notebooks, SQL et fonctions IA. Les identifiants de projet sont passés aux clients des services. Les pages disposent d’une structure commune de navigation, formulaires, états de chargement et erreurs. Redux garde l’état client de projet/flow tandis que les lectures serveur utilisent TanStack Query. Les notebooks et devspaces ouvrent des environnements provisionnés par les services applicatifs.",Développeur et membre de projet.,ProjectRoutes ; ProjectLibraryRoutes ; ProjectDataflowRoutes ; ProjectAIRoutes ; DevspaceRoutes.,"Projet sélectionné, personnal space, formulaires/drafts locaux et réponses serveur.","IAM, data-dev, app-management, services IA et Query actuel.",Frontends inclut projet et environnement de données dans le contexte ; les objets exécutés portent leur édition/révision. Applications/Runtimes Rust fournit les outils sans JVM.,"Préserver bookmarks et espaces personnels, introduire des liens explicites vers l’environnement sans assimiler une branche Git à une édition publiée.",Passer de projet ou d’environnement annule les requêtes obsolètes et ne réaffiche pas une réponse tardive du contexte précédent.
cleyrop-front-end,FE-03,"Sources, connecteurs et préparation de collecte","Les builders d’API exposent connecteurs, datasources, droits de datasource, datasets d’une source et accès SFTP. Le client dataset prépare un import par preview de configuration, lecture d’en-têtes, feuilles de classeur et vérification d’en-têtes. Ces parcours permettent de régler le format avant la création/exécution côté serveurs. L’interface ne doit pas interpréter un aperçu comme preuve de publication.",Intégrateur de données et administrateur de sources.,COLLECT_CONNECTORS_URL ; COLLECT_DATASOURCES_URL ; getDatasetConfigPreview ; getDatasetSheetNames ; checkDatasetHeaders ; DataOriginsRoutes.,"Formulaire de source, configuration d’import, échantillon, schéma proposé et cache.","Connecteurs/data-collect, Files, SFTP et IAM.","Frontends consomme Connectors/Flows Rust avec jobs bornés de découverte et secrets référencés. L’écran montre source, epoch/range, candidat, drift et dernier acquittement séparément.",Conserver options de format et erreurs ; mapper chaque ancien formulaire à un contrat versionné. Rendre les fonctions JVM non prises en charge visibles avant activation.,Un drift de schéma ouvre le contrat et une nouvelle décision ; il ne relance pas automatiquement un import destructif. Une preview ne change ni le checkpoint ni l’édition approuvée.
cleyrop-front-end,FE-04,"Catalogue, aperçu, schéma, qualité et historique des datasets","Le client dessert catalogue global/projet, détail, permissions de téléchargement, preview par branche, historique, schéma, métadonnées, règles et politiques de labels/chiffrement. Le détail est rafraîchi périodiquement ; sa clé actuelle utilise dataset et projet. Les clés ne portent pas systématiquement environnement et édition, ce qui constitue un contrat à étendre sans conclure à une fuite déjà prouvée. Les actions de qualité et chiffrement sont des appels serveur distincts.","Data steward, analyste et développeur.",getDatasetsCatalog ; getDatasetDetailsOptions ; getDatasetPreview ; updateDatasetSchema ; getDatasetPolicies ; encryptDataset.,"Cache dataset, page de catalogue, version historique, aperçu et état des traitements.","Catalog/data-model, data-serve, IAM et services de gouvernance.","Catalog/Datasets Rust retournent une édition approuvée explicite. Preview, schéma, statistiques, pagination et export épinglent la même édition. L’historique approuvé reste distinct de tous les snapshots techniques.",Ajouter identité/projet/environnement/édition/version sémantique aux clés ; annuler les lectures anciennes lors d’un changement. Conserver les champs métiers et vues FILESET/MODEL/EMBEDDINGS adaptées.,Une publication pendant la pagination ne mélange pas deux éditions. Un snapshot candidat refusé n’apparaît pas dans le sélecteur public ; une révocation masque aussi totaux et métadonnées.
cleyrop-front-end,FE-05,"Éditeur de flows, branches, propositions et publication","Les routes et builders desservent graphes, validation/génération de schéma, branches, merge requests, versions et modules internes. Le front porte un état local de flow et des formulaires de transformation ; le serveur data-dev contrôle la sauvegarde et les conflits. La publication actuelle de définition ne garantit pas à elle seule une édition de données publiée. Les chemins de run ciblent une version précise du flow.",Auteur de flow et relecteur.,ProjectDataflowRoutes ; DEV_DATAFLOW_VALIDATE_URL ; DEV_DATAFLOW_GENERATE_URL ; DATA_DEV_DATAFLOW_MERGE_REQUESTS_URL ; DATA_DEV_MODULES_URL.,"Draft de graphe, branche, révision, proposition et paramètres d’exécution.","Flows/data-dev, Runtimes/process-data, schémas datasets et modules.","Frontends distingue enregistrer une révision, approuver un plan et publier une édition. L’approbation porte hash du plan, bases, manifeste et politique ; une modification l’invalide. Aucun bouton de publication forcée ne contourne un veto.","Préserver les opérateurs et graphes ; exposer préconditions de sauvegarde et incompatibilités sans JVM. Les kinds sont TABLE, INCREMENTAL, VIEW, FILESET, MODEL, EMBEDDINGS, FEATURESET, STREAM ; EXPORT reste un effet.","Deux sauvegardes concurrentes montrent un conflit sans perte de draft. Après audit refusé, aucune édition n’est visible ; modifier le plan requiert nouvelle approbation et nouvel audit."
cleyrop-front-end,FE-06,"Exécutions, exploration SQL et mises à jour temps réel","Les clients appellent exécutions, versions et clusters, et envoient une requête SQL avec projet et branche optionnelle. Le helper SSE emploie XHR pour joindre un bearer renouvelé. Socket.io utilise uniquement WebSocket, connexion explicite et token dans auth ; il dispose de namespaces général, collect et admin ainsi que de réinscription aux rooms. Le helper SSE lu ne fournit pas le protocole de replay durable de l’édition. Un changement de build vide caches et localStorage avant rechargement.","Développeur, analyste et opérateur.",execSQLQuery ; PROCESS_EXECUTIONS_URL ; XhrSource ; socket/collectSocket/adminSocket ; handleNewBuild.,"Résultats SQL, run, logs, état affiché et caches navigateur éphémères.","Query/data-serve, Runtimes, Notifications et gateway.","Frontends expose préparation, audit, conflit, publication et ACK_PENDING séparément. Les événements ont séquence/curseur ; les éditions sont relues depuis Catalog. Une réponse perdue récupère le reçu idempotent au lieu de recommencer la publication.","Ajouter pins d’entrées, annulation de requête et curseur de reprise. Les drafts qui doivent survivre à un déploiement sont persistés côté serveur, pas seulement dans localStorage.","Reconnecter sur un autre pod après une publication récupère le reçu sans régression d’état. SQL, export et pagination utilisent les mêmes éditions ; ack en retard ne devient pas ingestion échouée."
cleyrop-front-end,FE-07,"Factory, images, instances, dépôts et applications publiées","La Factory possède création/modification d’application, création/modification d’instance, création d’image et gestion des dépôts. Un groupe de routes distinct conserve les détails d’application, instance et image en lecture dans l’interface Applications restreinte. Les pages de devspace et applications s’appuient sur app-management ; les commandes et états de build/déploiement restent serveur.",Développeur applicatif et utilisateur d’une application partagée.,FactoryRoutes ; FactoryReadRoutes ; FactoryRepositoriesRoutes ; ApplicationsRoutes ; DevspaceRoutes.,"Formulaires applicatifs, image, instance, dépôt et statut de déploiement.","Applications/app-management, IAM et événements de build.","Frontends conserve la Factory sur Applications/Runtimes Rust. Chaque lancement montre révision de configuration, digest qualifié et état opérationnel ; partage et exposition portent une autorisation serveur.",Maintenir les routes de détail partagé ; qualifier les droits lecture/écriture séparément et les états longs de build avant remplacement des endpoints.,Un lecteur d’application partagée peut ouvrir le détail autorisé sans obtenir les boutons ni l’API de déploiement. Une image reconstruite affiche son nouveau digest sans changer l’historique.
cleyrop-front-end,FE-08,"IA, gouvernance administrative, notifications et configuration UI","Les routes comprennent agents/corpus du projet, applications IA, notifications, utilisateurs, projets, clusters, clés de modèle, monitoring, audit, permissions et sécurité. Les builders couvrent sessions utilisateur, teams/memberships, comptes de service, fournisseurs d’identité et politiques de mot de passe/session. La configuration navigateur est injectée au runtime ; les traductions couvrent français, anglais et allemand. Ces groupes partagent design system, formulaires et contrôle de permissions, mais gardent des services métier distincts.","Administrateur plateforme/organisation, auteur d’agent et utilisateur.",ProjectAIRoutes ; AdminRoutes ; NOTIFICATIONS_URL ; IAM_ADMIN_* ; publicRuntimeConfig.,"Formulaires et projections des politiques, notifications et ressources IA ; paramètres publics de déploiement.","IAM, AI, Embeddings, MCP, Notifications et Applications.","Frontends garde les parcours TypeScript en appelant les domaines Rust dédiés. La découverte des noms, relations et erreurs exige un droit explicite ; l’indisponibilité des décisions n’accorde jamais un accès.","Garder les trois langues, focus et clavier ; vérifier l’équivalence des formulaires et erreurs, puis retirer les contrats Keycloak/JVM exposés à l’utilisateur.",Chaque persona accède uniquement aux pages et métadonnées autorisées. Le changement de politique a un reçu serveur ; les traductions et navigation clavier restent utilisables après migration.
business-front-end,BFE-01,Admission à l’interface métier et contexte utilisateur,"AuthProvider attend l’initialisation Keycloak et l’authentification puis charge utilisateur, permissions et espace studio. Seul system.canAccessFullInterface booléen vrai et non dégradé autorise l’application. Valeur absente/mal formée, erreur ou header de dégradation affiche une page de reprise ; le refus explicite possède une variante restreinte. L’ID studio est directement l’ID projet IAM. La langue utilisateur alimente i18n. La décision est rafraîchie périodiquement sans maintien permissif d’une dernière bonne réponse.",Utilisateur métier.,AuthProvider ; getBusinessAppAccess ; readBusinessAppAccess ; accessView.,"AuthContext, utilisateur, studioId et décision allowed/restricted/unavailable.","IAM, IdP Keycloak et clients HTTP.",Frontends TypeScript consomme IAM Rust via un adaptateur OIDC indépendant du fournisseur. Le contrat à trois états reste identique.,Préserver la sémantique des IDs et la dégradation ; migrer les endpoints sans extraire un ID depuis le nom du projet.,"Un champ non booléen ou un IAM indisponible n’ouvre pas l’application. Après révocation, le prochain rafraîchissement ferme l’accès avec le bon message."
business-front-end,BFE-02,Conversation avec un agent et historique,"Le client liste l’historique global ou par agent, charge une conversation et crée/continue une conversation par SSE/XHR en POST/PUT. La création peut cibler une version de contexte. Le détail utilise staleTime infini et une rétention de cache prolongée pendant le streaming, afin qu’une navigation hors du chat conserve l’historique déjà chargé. Renommage et suppression sont des commandes HTTP dédiées.",Utilisateur dialoguant avec un agent.,getConversationsHistory ; getConversation ; createConversation ; continueConversation ; updateConversation ; deleteConversation.,"Conversation, messages, titre, agent/contextVersion et buffer client durant le flux.","AI, sessions conversationnelles, IAM et SSE.","Frontends conserve le chat sur AI Rust, avec IDs de message/run, provenance des entrées et reprise de flux. Les effets outillés suivent leurs contrats d’approbation serveur.",Conserver l’historique et la version de contexte choisie ; ajouter curseur durable et déduplication des fragments sans supposer qu’un flux client vaut un résultat final.,Quitter puis revenir pendant une réponse ne duplique ni prompt ni message. Reconnecter récupère l’état autorisé ; une génération ne peut agir avec des droits issus du texte du prompt.
business-front-end,BFE-03,"Configuration des agents, corpus et outils","Le client liste les agents, lit un agent avec currentVersion optionnelle et crée/modifie/supprime des agents dans un projet. Les corpus de projet peuvent être filtrés par IDs. Les toolboxes sont listées et détaillées, et leurs variables sont lues puis enregistrées par PATCH. La configuration d’un agent rassemble ainsi instructions et ressources venant de plusieurs services ; les validations d’accès doivent rester serveur.",Auteur d’agent dans son espace ou projet.,getAgents ; getAgent ; createProjectAgent ; updateAgent ; deleteAgent ; getProjectCorpora ; getToolboxVars ; saveToolboxVars.,"Agent/version, AgentForm, corpus référencés et variables d’outils.","AI, corpus/Embeddings, MCP/toolboxes, IAM et projets.","AI/MCP/Embeddings Rust publient une révision de contexte qualifiée, référencent les éditions de corpus et bornent les outils. Une variable secrète n’est pas un paramètre réaffichable librement.",Importer références et versions puis qualifier les permissions de chaque corpus/outil. Conserver brouillon et version publiée séparés.,Modifier un brouillon n’altère pas une conversation épinglée à une version. Un corpus ou outil refusé ne peut être ajouté par manipulation du payload.
business-front-end,BFE-04,Pièces jointes et sessions de fichiers,"Le service client crée une session puis téléverse un fichier en multipart avec AbortSignal optionnel. Le même contrat est utilisé par les pièces jointes du chat et les formulaires d’agent. Une route DELETE retire un fichier de la session par nom. Le navigateur ne démontre pas à lui seul le scan, les limites ni la rétention, qui relèvent des serveurs.",Utilisateur attachant un document et auteur d’agent.,createFileSession ; uploadSessionFile ; deleteSessionFile.,"Session de fichier, upload local, nom et annulation de requête.","AI sessions, Files et stockage serveur.","Files/AI Rust fournissent upload borné, quarantaine et références immuables ; les corpus publiés suivent WAP. Le navigateur distingue transfert, validation et disponibilité pour le modèle.","Conserver le parcours multipart et les erreurs, puis ajouter IDs stables de fichier/édition et état de validation. Ne pas assimiler annulation HTTP à suppression de l’objet déjà reçu.",Annuler au milieu puis réessayer ne laisse pas de document utilisé sans validation. Un fichier d’une autre session reste inaccessible même si son nom est connu.
business-front-end,BFE-05,"Documents générés, graphiques et export de données","Le client consulte un document généré avec version optionnelle, demande les formats disponibles et télécharge le document. Il peut télécharger un graphique lié à un message. Un autre service envoie une requête d’export dataset avec options de séparateur/quoting et reçoit un blob. Les datasets du projet sont listés pour les usages métier. Le contrat actuel doit être enrichi pour prouver l’édition qui a servi au résultat.",Utilisateur métier qui consulte ou exporte une réponse.,getConversationDocument ; getConversationDocumentFormats ; exportConversationDocument ; downloadConversationChart ; downloadDataset.,"Document/version, graphique de message, blob téléchargé et requête d’export.","AI documents, Query/data-serve, Files et IAM.",AI/Query/Files Rust lient chaque résultat à ses éditions d’entrée et à son reçu. EXPORT est un effet auditée et autorisé ; il ne crée pas un neuvième kind de dataset.,"Préserver formats et noms d’usage, ajouter provenance et reprise du reçu, recontrôler les droits au moment d’export.","Après révocation, ni un ancien lien ni un cache ne permet un nouvel export. Une réponse et son export pointent vers la même version documentaire et les mêmes éditions de données."
business-front-end,BFE-06,Catalogue d’applications et shell métier au runtime,"Le client charge les applications agents, conserve uniquement les statuts DEPLOYED ou WARNING puis les trie par nom. Le détail d’application possède sa propre clé de cache. Le router compose chat, agents et applications. La configuration est injectée via window avant fallback Vite, et la couche HTTP déballe déjà response.data. Le thème, les composants Chakra 3 et les contextes sont propres à cette SPA.",Utilisateur ouvrant une application publiée et opérateur de l’interface.,getApplications ; getApp ; AppRouter ; config/env.ts.,"Liste d’applications disponibles, détail, configuration publique et cache.","Applications/app-management, IAM et assets publics.","Frontends reste TypeScript avec Applications Rust. Disponibilité opérationnelle, droit de découverte et droit d’ouverture sont des propriétés séparées ; une application déployée n’est pas automatiquement visible.","Conserver filtrage/tri et compatibilité runtime config ; qualifier liens, états de chargement, langues et accessibilité. Retirer le couplage IdP JVM sans changer les usages.",Une application supprimée ou révoquée disparaît après invalidation et son lien direct est refusé côté serveur. Le même artefact frontend fonctionne dans deux environnements avec configuration publique injectée.
notification-center,NC-01,Synchroniser les abonnés et leurs coordonnées depuis l'identité,"Un abonné est identifié par le sujet utilisateur et conserve nom, prénom, langue, médias et abonnements. Les événements historiques Subscriber créent, modifient ou désactivent ce miroir. Le nouveau consumer IAM exige un messageUuid pour la déduplication ; il utilise le keycloakId comme identifiant compatible avec les sujets JWT. Il peut créer, mettre à jour, réactiver ou désactiver un abonné selon active. La suppression utilise un indicateur séparé et les messages d'offboarding sont ignorés car ce service ne possède pas les ressources à réassigner. Le consumer IAM démarre seulement si sa feature est activée. Les langues sont FR, EN et DE, avec normalisation des sous-tags et repli EN. La mise à jour conserve les identifiants de médias.","IAM, utilisateurs destinataires, opérateurs de migration d'identité.",NotificationConsumer : branche SUBSCRIBER ; IamUserEventConsumer ; SubscriberCreateOrUpdateCommandHandler ; SubscriberDeleteCommandHandler.,subscriber avec suppression logique ; medias EMAIL/INAPP ; noms et locale ; processed_message pour le nouveau consumer IAM.,"Événements utilisateurs historiques et IAM, Protobuf, PostgreSQL ; sujets JWT partagés avec le frontend.","Notifications maintient un miroir Rust minimal de IAM avec sujet canonique, tenant, locale et préférences. IAM reste autoritaire pour l'activation. Les anciens sujets deviennent des alias explicites et les suppressions ont une politique de rétention distincte des reçus de livraison.","Rejouer les utilisateurs IAM depuis l'origine dans un consumer isolé, comparer les UUID et les adresses, puis choisir une source unique. Réconcilier les abonnés soft-deleted avant d'activer les suppressions. Remplacer la référence Keycloak en même temps que l'IdP JVM.","Le replay de la même création conserve l'abonné et les médias. Une mise à jour fr-CA devient FR, une langue inconnue EN ; une désactivation retire les futures livraisons et une réactivation restaure le sujet sans dupliquer ses abonnements."
notification-center,NC-02,Créer les abonnements personnels aux échecs de dataset et de flow,"La création REST s'applique à l'utilisateur authentifié, sans identifiant de destinataire fourni par le client. Le DTO exige une entité UUID, un type DATASET ou DATAFLOW et une liste non vide d'actions cohérentes avec ce type. Les trois actions exposées sont DATAFLOW_EXECUTION_FAILED, DATASET_COLLECT_FAILED et DATASET_QUALITY_FAILED. Les médias acceptés sont INAPP et EMAIL, sélectionnés tous deux par défaut. Le domaine ajoute les filtres absents et émet un événement de création d'abonnement. Un abonné absent entraîne un résultat nul puis une erreur 500 du controller. Le mapping persistant des médias est porté par EntityActionTypeDAO identifié globalement par le nom d'action ; la capacité d'avoir des préférences différentes selon deux abonnés doit donc être caractérisée par un test ciblé.",Utilisateurs de l'interface et clients authentifiés qui surveillent datasets et flows.,POST /subscriptions ; SubscriptionCreateDTO ; EntityActionTypeDTO ; EntityTypeDTO.,"Subscriber, Subscription(entityId), EntityActionType et mediaTypes ; association entre souscription et type d'action.",Principal issu du JWT ou du proxy de confiance ; contrôle de route IAM à l'entrée ; outbox d'événements de souscription.,"Notifications expose un catalogue versionné des actions réellement livrables et des canaux par action. Les préférences sont stockées par tenant, sujet, ressource, action et canal. IAM contrôle le droit de s'abonner à la ressource et le droit de recevoir son contenu.","Importer les abonnements avec un relevé des médias réellement persistés. Définir la valeur cible des préférences ambiguës avant conversion. Garder les trois actions historiques, annoncer séparément les nouvelles possibilités.",Deux utilisateurs choisissent des canaux différents pour la même action sans se modifier mutuellement. Une action de flow sur une entité DATASET est refusée. Un utilisateur sans miroir obtient une erreur métier définie plutôt qu'un abonnement fantôme.
notification-center,NC-03,Recevoir les actions métier et les abonnements créés par les producteurs,"Le consumer externe décode InitNotificationEvent et distingue ACTION_RESOURCE, SUBSCRIPTION et SUBSCRIBER. Les commandes d'abonnement produites par d'autres services peuvent nommer un ou plusieurs utilisateurs, ressources, actions et médias ; la conversion combine les ressources et les actions. La suppression événementielle retire les abonnements à l'entité pour l'utilisateur indiqué, ou pour tous les utilisateurs selon le message. Le contrat Protobuf définit 27 actions actives couvrant datasets, projets, datasources, flows, applications et demandes Git ; cette énumération ne prouve ni un producteur vivant ni un template email pour chaque action. Les créations et suppressions d'abonnements sont réémises via outbox en Protobuf. Certaines migrations retirent des anciennes souscriptions, notamment GIT_MR_REQUESTED, bien que ce nom reste au contrat.","Services producteurs de demandes d'accès, collectes, flows, projets et applications ; utilisateurs destinataires choisis par ces services.",InitNotificationEvent : ACTION_RESOURCE/SUBSCRIPTION/SUBSCRIBER ; SubscriptionEventHandlerKafkaImpl ; EnumEntityActionType.,Abonnements automatiques et événements SubscriberCreateSubscriptionEvent/SubscriberDeleteSubscriptionEvent ; noms d'action conservés en texte dans le domaine.,packages/proto ; bus Kafka ; services producteurs dont data-collect et data-dev ; migrations Flyway et migrations de code.,"Notifications maintient un registre d'actions, leur schéma de payload, les acteurs producteurs autorisés et les canaux disponibles. Une commande automatique indique sa raison, son origine et son idempotence ; elle ne permet pas à un producteur non autorisé d'abonner arbitrairement un autre tenant.",Recenser les producteurs effectifs pour les 27 actions avant de retirer les noms obsolètes. Convertir les contrats Protobuf sans réutiliser leurs numéros réservés. Conserver les événements de souscription nécessaires aux services qui en maintiennent une projection.,Rejouer une création automatique puis sa suppression ciblée sans toucher aux autres utilisateurs. Un ancien événement connu reste décodable ; une action retirée suit une règle explicite de rejet ou d'archivage et ne disparaît pas silencieusement.
notification-center,NC-04,"Lister, vérifier et supprimer les abonnements personnels","Les routes de lecture renvoient les UUID d'entités pour une action ou regroupent les abonnements par liste d'actions. La vérification en lot transforme les requêtes en Set puis renvoie une liste de booléens ; deux requêtes identiques peuvent donc ne produire qu'un seul résultat. La suppression REST sépare la liste de couples reçus en une liste d'entités et une liste d'actions ; le filtre du domaine retire tout abonnement dont l'entité appartient à la première et l'action à la seconde. Cette lecture établit une sémantique de produit cartésien à caractériser pour un lot hétérogène, sans conclure à un incident observé. Les lectures sont toujours attachées au principal courant.","Interfaces de suivi, tableaux d'abonnement et utilisateurs authentifiés.",GET /subscriptions/entities?entityActionType=... ; GET /subscriptions?entityActionType=... ; POST /subscriptions/check_bulk ; DELETE /subscriptions.,Subscriptions du sujet courant ; requêtes bulk dédupliquées ; modifications persistées puis événements de suppression.,Repository des abonnés et outbox ; frontend qui associe potentiellement les réponses bulk par position.,"Notifications spécifie une correspondance explicite requête/résultat par clé de corrélation et une suppression par couples exacts. Les opérations par ensemble ou par produit cartésien, si nécessaires, deviennent des commandes nommées distinctes.",Capturer le comportement attendu des clients pour les doublons et les lots croisés. Ajouter des routes versionnées si la correction change le contrat visible. Dédupliquer les données historiques avec un rapport avant réimport.,Un lot contenant deux fois le même couple retourne deux résultats corrélés si le contrat conserve les positions. Supprimer A/collect et B/quality ne retire pas A/quality. Les réponses ne révèlent pas les abonnements d'un autre sujet.
notification-center,NC-05,Choisir les destinataires et contrôler leur accès au contenu,"Une action métier porte une ressource d'origine et une ressource à notifier. Le handler recherche les abonnés correspondant à l'une ou à l'autre pour cette action et les déduplique par sujet. Sans abonné, il ne crée rien et le consumer compte le rejet. Pour les trois actions librement souscriptibles, IamDeliveryAuthorization vérifie can_view sur les ressources auxquelles l'utilisateur est effectivement abonné ; au moins une réponse ALLOW suffit. Les modes OFF, SHADOW et ENFORCE respectivement désactivent, observent ou imposent ce contrôle ; en ENFORCE, une panne IAM retient la notification. Les autres familles sont laissées à la sélection du producteur. Le messageUuid entrant, quand il est valide, exclut les abonnés qui ont déjà une accumulation portant cet UUID ; les messages historiques sans UUID restent acceptés.","Services producteurs, abonnés, IAM et opérateurs du déploiement progressif des droits.",AccumulationCreateCommandHandler ; IamDeliveryAuthorization.mayReceive ; NotificationConsumer.consume.,"Une Accumulation par destinataire éligible, action et message ; messageUuid optionnel ; compteurs sans abonné et décisions IAM.",Broker IAM can_view pour DATASET/DATAFLOW ; configuration ws.authz.mode ; abonnements à la ressource origine ou notification.,Notifications contrôle toutes les familles selon une politique explicite. Le contrôle avant effet prend la décision IAM courante et masque les champs que le destinataire ne peut plus lire. La clé source/message/destinataire reste durable au-delà de la durée d'une accumulation.,"Passer les décisions en shadow sur toutes les familles, analyser les destinataires divergents, puis imposer les politiques. Attribuer un message ID aux producteurs historiques. Définir la gestion des notifications de suppression dont la ressource n'est plus consultable.",Un abonné privé d'accès avant émission ne reçoit pas de contenu protégé. Une indisponibilité IAM en ENFORCE garde le travail rejouable. Le replay d'un message après vidage des accumulations reste sans seconde notification dans la cible.
notification-center,NC-06,Regrouper les événements proches en une notification,"L'orchestrateur traite périodiquement les groupes d'accumulation dont le dernier événement est assez ancien. Le délai du scheduler est borné à cinq secondes au minimum ; la requête d'éligibilité considère la fenêtre de silence configurée. Le groupe associe action, ressource d'origine, abonné et valeur trigger_lastname utilisée comme identité de déclencheur. Le service fusionne les ActionObjects JSON distincts, garde le premier sujet mail et ajoute les noms du destinataire aux objets réservés au mail. Pour mailContent, il prend le premier contenu non vide. Il recharge les abonnés et leurs abonnements pour calculer les canaux actuels. Après publication de la notification, il supprime les accumulations du groupe ; un groupe en erreur est conservé et un destinataire disparu est écarté. Le parcours lu n'expose pas de revendication verrouillée ni de transaction englobant sélection, publication et suppression, ce qui appelle un scénario de concurrence et de crash.",Destinataires recevant des événements répétés et opérateurs qui règlent le regroupement.,AccumulationOrchestrator ; DecreaseAccumulationCommandHandler ; AccumulatorServiceImpl ; AccumulationJPA.findAvailable.,"accumulation, vue accumulation_grouped, Notification nouvellement identifiée ; groupes supprimés après succès.","Horloge, PostgreSQL, snapshots actuels des abonnés et outbox interne de livraison.","Notifications possède un moteur Rust de regroupement avec fenêtre et clé documentées, claim à bail, identifiant de groupe stable et sortie atomique vers l'outbox. Les payloads sont versionnés et bornés en taille ; l'identité du déclencheur est un champ typé.",Reproduire les regroupements existants sur un corpus anonymisé. Décider si le premier contenu mail est le comportement voulu. Reprendre les accumulations en attente en préservant la frontière temporelle de chaque groupe.,Deux workers traitent le même groupe sans produire deux identifiants de notification. Une panne entre création et suppression reprend le même résultat. Des actions ou déclencheurs distincts ne se mélangent pas et un événement continu suit une borne de latence définie.
notification-center,NC-07,Acheminer séparément les livraisons INAPP et EMAIL,"Une notification préparée est sérialisée en message JSON interne, avec son ID, les médias calculés et un snapshot de l'abonné. Deux groupes de consommation distincts assurent EMAIL et INAPP. Chaque branche vérifie le canal, puis un marqueur processed_message propre au groupe et à l'ID de notification. Le handler SMTP peut être désactivé globalement ; dans ce cas il retourne avant le marquage. La branche INAPP persiste la notification et émet un événement de communication synchrone via outbox. Les méthodes de consommation sont transactionnelles pour les écritures PostgreSQL. L'appel SMTP reste un effet externe à cette transaction : le code ne démontre pas un envoi exactement une fois après crash. L'événement de lecture d'une notification est seulement journalisé par le handler d'événements.","Destinataires, interfaces connectées et opérateurs SMTP.",SendNotificationEventConsumer.consumeEmail/consumeInApp ; NotificationKafkaMessage ; InAppNotificationEmitterImpl ; NotificationEventHandlerKafkaImpl.,processed_message indexé par groupe et messageUuid ; notification persistée pour INAPP ; outbox de communication synchrone ; snapshot d'abonné embarqué.,"Bus Kafka interne JSON, PostgreSQL, serveur SMTP, Socket.IO indirect via événements Protobuf.","Notifications orchestre des effets Rust par canal avec reçu durable, état prepared/sending/accepted/failed/unknown et tentative corrélée. PostgreSQL est autoritaire pour ces reçus. La notification référence le run et l'édition approuvée quand elle annonce une publication ; elle ne devient pas la preuve de publication.","Importer les notifications, marqueurs et travaux non livrés. Remplacer les snapshots trop anciens par des références réévaluées avant effet. Définir un traitement manuel ou idempotent des envois SMTP dont l'acceptation est incertaine.",Rejouer le même message produit une seule entrée de boîte INAPP. Une panne après acceptation SMTP et avant commit donne un état incertain explicite dans la cible. Couper SMTP ne bloque pas INAPP et ne fait pas croire qu'un email a été remis.
notification-center,NC-08,Consulter sa boîte de notifications et marquer la lecture,"GET /notifications retourne les notifications du principal courant, paginées et triées ; le tri par défaut est createdAt décroissant. Un abonné inexistant obtient une page vide. PUT /notifications/read exige une liste d'UUID non vide et reçoit un readAt fourni par le client, par défaut l'instant courant. Le repository filtre les UUID par leur propriétaire avant de modifier les dates de lecture, donc des UUID étrangers ne suffisent pas à toucher la boîte d'autrui. Le DTO expose l'action, les dates, le propriétaire/déclencheur et un payload structuré par type d'objet. Il retire les objets réservés au mail et certains noms techniques du destinataire. La suppression HTTP de notification n'est pas exposée.","Utilisateurs connectés, cloche de notification et centre de notifications frontend.",GET /notifications?page=...&size=...&sort=... ; PUT /notifications/read.,"Notification : UUID, subscriberId, entityIds, action, createdAt, readAt, contenus JSON/mail, médias ; suppression logique présente dans le mapping DAO.",Principal utilisateur ; PostgreSQL ; objets de présentation partagés avec les événements Socket.IO.,"Notifications sert une boîte Rust par tenant/sujet avec pagination stable, curseur et total non lu. La date serveur fait foi pour la lecture ; une date client éventuelle reste séparée. Une politique de rétention contrôle archivage et suppression sans effacer les reçus d'effets requis.","Conserver les UUID, horodatages et payloads lisibles, documenter les tris acceptés et la conversion des propriétaires. Caractériser les cas readAt fourni et notifications supprimées avant de figer le contrat cible.",Une lecture paginée ne mélange pas les utilisateurs. Un lot comprenant un UUID étranger ne le modifie pas. Marquer deux fois le même ensemble produit l'état défini sans doublon d'événement et les champs réservés au mail restent absents du DTO.
notification-center,NC-09,Rendre les trois emails métiers localisés et les remettre au SMTP,"L'implémentation nommée EmailSendinBlueImpl utilise JavaMailSender et SMTP ; le code lu n'appelle pas une API Sendinblue. MessageBuilder construit un message HTML avec enveloppe générique et template FreeMarker, puis localise sujet et corps en FR, EN ou DE. Il ne résout que PROJECT_USER_MEMBERSHIP_ADDED, DATAFLOW_EXECUTION_FAILED et DATASET_QUALITY_FAILED. Pour toute autre action, il retourne null et l'émetteur saute l'envoi. DATASET_COLLECT_FAILED est donc souscriptible en EMAIL dans l'API mais n'a pas de template résolu ici. Le modèle est construit depuis les ActionObjects JSON, avec alias de noms et contexte de client ; le champ mailContent accumulé n'est pas utilisé comme corps par ce builder.","Utilisateurs destinataires d'invitations projet, échecs de flow et erreurs de qualité ; opérateurs mail.",EmailSendinBlueImpl ; MessageBuilder.build/resolveTemplate ; EmailArgumentMapper ; templates/mail/*.ftlh.,Locale du snapshot abonné ; destinataires EMAIL ; modèles et messages localisés en ressources applicatives ; configuration d'expéditeur.,"Serveur SMTP, JavaMail, FreeMarker et bundle de traductions ; URLs fournies dans le payload métier.","Notifications possède un renderer Rust à templates versionnés et des adaptateurs d'effet mail. Le catalogue affiche les canaux réellement disponibles. Les liens, champs obligatoires et échappements HTML sont validés ; Egress contrôle la destination SMTP et les références externes.","Reprendre les trois modèles et leurs traductions sous tests de rendu. Décider explicitement de créer un email d'échec de collecte ou de retirer ce canal de cette action. Distinguer absence de template, canal désactivé et remise au fournisseur dans les reçus.",Chaque combinaison des trois actions et trois langues produit un sujet et un corps attendus sans champs manquants. Une action sans template donne un statut unsupported observable. Un nom contenant du HTML est échappé et un refus SMTP laisse une tentative rejouable.
notification-center,NC-10,Authentifier les connexions Socket.IO et borner leur durée,"Le transport temps réel est Socket.IO/Engine.IO, pas un WebSocket JSON interchangeable. Le service authentifie lui-même ses connexions : payload auth, header Authorization Bearer, puis cookie legacy si l'option le permet. Les paramètres de query ne servent pas de jeton. Avec le fallback cookie désactivé, une connexion peut attendre le paquet CONNECT pour son payload auth, mais aucune action de room n'est admise avant authentification. Le token doit être actif, décodable et porteur d'un sub. Une gate de protocole refuse les CONNECT invalides avant leur acquittement ; un délai d'authentification ferme les connexions incomplètes et l'expiration du JWT provoque aussi la fermeture même au repos. Les frames mal formées sont fermées et les données client non authentifiées ne sont pas écrites dans les logs ordinaires.",Frontends et clients Socket.IO authentifiés.,Handshake Engine.IO ; paquet Socket.IO CONNECT avec auth ; TokenAuthService ; SocketIoConnectGate ; événements join-room/leave-room.,"Sessions en mémoire, sujet et JWT validé, échéances d'authentification et d'expiration ; aucune session temps réel durable.","JWT decoder/IdP, configuration cookie fallback, APISIX sur une route sans authentification de gateway, netty-socketio.","Un serveur Rust compatible avec le protocole réellement utilisé, ou une transition de clients vers un protocole explicite, reprend les mêmes refus et échéances. IAM émet les tokens sans Keycloak JVM ; la durée de socket ne dépasse pas celle du credential.",Exécuter le corpus de tests wire contre le serveur candidat avec les versions de clients déployées. Retirer le cookie legacy après migration des clients et fournir un renouvellement/reconnect documenté. Préserver la séparation entre authentification du transport et autorisation des rooms.,"Un jeton forgé ou expiré n'obtient aucun CONNECT réussi ; un jeton en query est ignoré. Un client sans auth ferme à échéance. Un socket valide devient inutilisable à l'expiration même sans nouveau message, et le frontend peut se reconnecter avec un token renouvelé."
notification-center,NC-11,Autoriser les namespaces et les rooms avant chaque diffusion,"Le service prévoit OFF, SHADOW et ENFORCE pour l'autorisation Socket.IO, avec OFF comme valeur par défaut dans les propriétés. En ENFORCE, une réponse IAM manquante refuse l'action. Le namespace racine donne la room personnelle correspondant au sujet ; /admin exige le droit administrateur système. Un namespace projet doit contenir un UUID canonique et ses rooms dataflow-exec-* sont soumises au can_view du projet. /collect accepte des rooms collect-* contrôlées sur la datasource. Les familles inconnues sont refusées en mode imposé. Le serveur revalide le credential et l'autorisation pour chaque client avant diffusion et retire les clients refusés de la room. Les namespaces projets dynamiques ont un plafond et une éviction après inactivité.","Utilisateurs de projets, administrateurs de clusters, créateurs de sources et opérateurs IAM.","WsAuthorizationService.authorizeConnect/authorizeJoin ; SocketIoService.onJoinRoom/publish ; namespaces /, /admin, /collect et /projects:{projectId}.","Appartenance aux rooms en mémoire ; réservations de namespaces dynamiques, échéances d'inactivité et cache éventuel du client IAM.",IAM can_view pour projet/datasource et privilège système administrateur ; WsAuthzProperties.,Notifications impose une ACL par famille de message et ressource canonique. Un événement de flow prouve son appartenance au projet demandé. Les décisions sont revérifiées à la livraison avec une politique de cache bornée ; Audit trace les refus sans exposer les payloads.,"Comparer les décisions shadow aux routes réellement utilisées, résoudre les UUID legacy, puis activer ENFORCE. Reprendre les limites de namespaces et définir la fréquence maximale de revalidation IAM pour la charge cible.","Après révocation, un client connecté ne reçoit plus les messages protégés. Une room d'exécution d'un autre projet est refusée même si l'utilisateur connaît son ID. Une rafale de namespaces invalides ne dépasse ni le plafond mémoire ni le délai de nettoyage."
notification-center,NC-12,Diffuser les six familles de messages de supervision et d'interaction,"Le consumer de communication synchrone convertit six familles Protobuf. NOTIFICATION vise la room utilisateur à la racine, sous le nom notification. CLUSTER_SESSION_EXEC, CLUSTERS_SESSION_EXEC_LIST et CLUSTER_MONITORING visent /admin avec respectivement cluster-{id}, cluster-all et cluster-monitoring. DATAFLOW_REFRESH vise le namespace /projects:{projectId} et dataflow-exec-{executionId}. CHECK_FILE vise /collect et collect-{datasourceId}, avec résultat d'analyse de schéma. La publication utilise les clients actuellement présents dans les namespaces locaux. Ce chemin ne montre ni curseur client, ni journal de rattrapage, ni acquittement métier. Le consumer utilise un groupe partagé ; la portée de diffusion entre pods doit être testée puisque les sockets sont maintenues en mémoire locale et le chart autorise le scale.","Centre de notifications frontend, pages d'exécution des flows, administration de clusters et assistants d'import de fichiers.",SynchronousCommunicationConsumer ; PublishMessageCommandHandler ; EnumSynchronousCommunicationType ; noms de rooms et événements ci-dessus.,Messages éphémères issus du bus ; sessions/rooms en mémoire ; l'historique de notifications INAPP existe séparément en PostgreSQL.,Événements produits par data-collect/data-dev et autres services de runtime ; contrats Protobuf ; clients Socket.IO.,"Notifications transporte des projections de runs, de contrôles de fichiers et de supervision. Un identifiant, un numéro de séquence et une URL de resynchronisation permettent au frontend de rattraper une interruption. Les messages liés aux données référencent l'édition approuvée ; ils ne font pas foi comme checkpoint publié.",Préserver les six payloads pendant la migration des clients. Définir une diffusion entre instances ou un routage garantissant l'accès aux sockets du destinataire. Séparer les flux de supervision volumineux des notices durables et leur rétention.,"Avec deux instances et des clients répartis, chaque destinataire autorisé reçoit le message attendu. Après déconnexion, un frontend restaure l'état courant et détecte les séquences manquantes. Un CHECK_FILE ne révèle pas le schéma à un utilisateur sans droit sur sa source."
notification-center,NC-13,"Exploiter la messagerie avec outbox, quarantaine et migrations","Le relais d'outbox sélectionne les messages non envoyés avec FOR UPDATE SKIP LOCKED, attend la confirmation Kafka puis renseigne sentAt ; erreurs et tentatives restent persistées. Le nettoyage ne retire que les messages envoyés au-delà de la rétention. Les consommateurs utilisent un gestionnaire d'erreur avec reprises puis DLT ; une DLT n'est jamais republiée récursivement en DLT. Le consumer terminal persiste les coordonnées et l'erreur, avec un UUID stable dérivé du topic/partition/offset de la DLT, et réémet l'erreur si PostgreSQL échoue. Un indicateur de santé expose les listeners arrêtés de manière anormale. Les migrations Flyway coexistent avec des migrations de code rejouant des abonnements ; les instructions du composant signalent l'absence de verrou global des migrations de code et leur sortie de processus en cas d'échec.","SRE, opérateurs d'upgrade, support des événements rejetés et responsables de continuité de service.",OutboxRelay ; OutboxEventJPA.claimUnsentBatch ; DeadLetterEventConsumer ; KafkaListenersHealthIndicator ; CleyropMigrationRunner.,"outbox_event, dead_letter_event, processed_message, historique Flyway et code_migration ; marqueurs de livraison et tentatives.","PostgreSQL, Kafka, chart Kubernetes, probes et metrics ; migrations de contrat de souscription.","Un socle Rust commun fournit outbox, replay, dead-letter, health et métriques par backlog/âge. Le bus final est sans JVM et conserve les garanties nécessaires de rétention et d'ordre. Les migrations ont un verrou explicite, un statut durable et une procédure de rollback Expand/Migrate/Contract.","Reprendre les messages non envoyés, les marqueurs et la quarantaine avant bascule de consumer. Établir le plan de replay et les clés d'idempotence. Transférer les migrations d'abonnements dans des jobs bornés reprenables, puis retirer Spring, Kafka JVM et leurs images.",Une interruption entre acquittement du bus et commit provoque au plus un replay absorbé. Une DLT illisible ou une panne DB n'avance pas l'offset terminal. Un upgrade concurrent n'exécute pas deux fois une migration et une restauration remet en cohérence inbox/outbox/reçus.
migration-orchestrator,MO-01,Valider la structure d'un manifeste de migration,"Le modèle impose apiVersion cleyrop.tech/v1, kind Migration, un nom non vide, une version entière positive et au moins une étape. Chaque étape possède nom, executor sql/kubectl/shell, precheck et verify non vides ; apply est optionnel. Les noms d'étape doivent être uniques et les champs supplémentaires sont refusés. Cette validation décrit un contrat ; elle n'exécute ni SQL ni commande système.",Auteurs de migrations et relecteurs.,corpus.schema.Migration ; Step ; Targets ; Migration.model_validate.,Manifestes YAML et objets Pydantic en mémoire ; aucun run persistant.,Pydantic et format YAML du corpus.,"Migration Rust porte le même contrat versionné avec actions typées, droits et empreinte du manifeste. Le runner futur distingue observation, application et vérification, sans remplacer les migrations de schéma possédées par chaque service.",Porter les fixtures valides et invalides vers le validateur Rust. Conserver les champs historiques ou définir une conversion explicite ; refuser les commandes non couvertes par le contrat.,"Un manifeste sans verify, avec étape dupliquée ou champ inconnu est refusé avant toute action. Une validation réussie ne crée aucun effet externe."
migration-orchestrator,MO-02,Charger un corpus dans un ordre déterministe et refuser les doublons,"Le chargeur parcourt les sous-répertoires dans l'ordre lexicographique, ignore fichiers racine et dossiers commençant par point ou underscore, et exige manifest.yaml dans les autres dossiers. Il utilise un chargement YAML sûr, exige un mapping racine puis valide le modèle. Les erreurs conservent le chemin source. load garde le répertoire d'origine de chaque migration et refuse deux migrations portant le même nom, même dans deux dossiers distincts.",Auteurs du corpus et opérateurs.,corpus.loader.discover ; load_manifest ; load ; CorpusError ; LoadedMigration.,Liste ordonnée de manifestes validés et chemins de ressources relatives.,Système de fichiers du corpus et validateur de schéma.,"Le chargeur Rust fige un corpus et son digest avant exécution. Le runner persiste nom, version, hash, ordre et références de fichiers nécessaires pour qu'une reprise ne lise pas un corpus modifié silencieusement.",Conserver l'ordre des préfixes et les erreurs localisées. Ajouter une politique de chemin pour les ressources de commande avant de permettre un exécuteur sql_file.,Un dossier sans manifeste ou un nom dupliqué bloque le chargement. Une reprise avec le même nom/version mais un contenu différent est refusée tant qu'un changement de plan n'est pas approuvé.
migration-orchestrator,MO-03,Déterminer si une migration cible le cluster,"targets.clusters comporte include et exclude. La valeur all dans include cible tous les clusters ; exclude prend toujours le dessus. Une liste include vide ne cible rien. Le matching est une comparaison des noms fournis, sans découverte de labels Kubernetes. La fonction retourne uniquement un booléen ; aucun saut ou run n'est encore persisté.",Exploitation multi-clusters.,corpus.targeting.applies_to ; corpus.schema.Targets.,Nom de cluster et listes de ciblage du manifeste.,Nom de cluster fourni par la configuration de l'outil.,"Migration Rust fige la décision de ciblage avec identité stable du cluster, version de plan et motif appliqué/ignoré. Une migration ne doit pas toucher un cluster hors scope même si son nom ou sa configuration dérive en cours de run.",Reprendre les tests de la matrice include/all/exclude. Définir comment les noms historiques correspondent à une identité de cluster avant adoption du runner.,Un cluster présent à la fois dans include et exclude est ignoré. include vide ne lance rien. La preuve de ciblage reste attachée au run repris.
migration-orchestrator,MO-04,Détecter les incohérences entre exécuteur et blocs d'action,"Le linter complète le schéma par des contrôles sémantiques. Il vérifie que precheck, apply et verify ne contiennent que les clés admises et que chaque bloc contient une entrée adaptée à executor. sql_file est admis à la place de sql uniquement pour apply. target_db vide est refusé pour SQL ; target_db est interdit aux autres types. Un ciblage dont include et exclude sont tous deux vides est signalé. Les contrôles portent la structure, pas la sûreté ni l'idempotence du SQL ou du shell.",Auteurs et reviewers de manifests.,lint.manifest._lint_migration ; _lint_step ; _lint_block ; LintIssue.,Liste de problèmes localisés par manifeste et étape.,Schéma partagé et chargeur YAML.,"Un validateur Rust conserve ces règles puis ajoute politique d'exécution, analyse des chemins, périmètre des credentials et préconditions de schéma. Le résultat lint reste distinct d'une preuve de migration réussie.",Porter les diagnostics et leurs fixtures. Fermer l'écart du linter global qui charge chaque manifeste individuellement et ne passe pas par la vérification des noms dupliqués de load.,"Un bloc kubectl sous executor sql est refusé. sql_file dans verify est refusé. Deux noms identiques sont aussi détectés par la commande lint finale, au même titre que par le chargeur."
migration-orchestrator,MO-05,Fournir une commande de validation avec codes de sortie exploitables,"Le paquet expose cleyrop-migrate-lint et un point d'entrée python -m migration_orchestrator.lint. La commande reçoit un répertoire, collecte les problèmes, les écrit sur stderr avec chemin et étape puis retourne 1. Si aucun problème n'est trouvé, elle annonce le nombre de migrations et retourne 0 ; un corpus vide peut donc réussir. Aucun cleyrop-migrate apply, API, worker d'exécution ou table de runs n'est livré dans le code lu. Le README précise aussi l'absence d'intégration CI/hook à cette étape.","Développeurs, CI et futurs opérateurs de migration.",cleyrop-migrate-lint <corpus_path> ; python -m migration_orchestrator.lint <corpus_path> ; lint.manifest.main.,Sortie de commande et diagnostics ; pas d'historique d'exécution durable.,Packaging Python actuel ; futur runner Rust et API Kubernetes/SQL.,"La CLI Rust sépare lint, plan, apply, inspect et retry. Un runner futur prend un verrou et une époque, exécute des runs bornés, conserve preuves precheck/apply/verify et rend un reçu durable. L'autorité des commandes de migration reste PostgreSQL ; elle ne remplace pas les checkpoints publiés des datasets.",Livrer d'abord le validateur compatible et son branchement CI. Construire ensuite un runner avec tests de crash et restauration avant toute première migration transverse réelle ; ne pas présenter les commandes futures comme existantes.,Une validation invalide retourne non-zéro avec un chemin exploitable. Un corpus vide est rendu explicitement. Le futur apply interrompu entre action et verify reprend par precheck sans doubler l'effet.
