component,kind,method,path,symbol,source,line,id
services/ai-gen-assistant,HTTP/WebSocket declaration,GET,,list_conversations,services/ai-gen-assistant/app/src/assistant/application/router/conversation_router.py,60,DECL-0001
services/ai-gen-assistant,HTTP/WebSocket declaration,GET,/{conversation_id},get_conversation,services/ai-gen-assistant/app/src/assistant/application/router/conversation_router.py,92,DECL-0002
services/ai-gen-assistant,HTTP/WebSocket declaration,DELETE,/{conversation_id},delete_conversation,services/ai-gen-assistant/app/src/assistant/application/router/conversation_router.py,124,DECL-0003
services/ai-gen-assistant,HTTP/WebSocket declaration,PATCH,/{conversation_id},patch_conversation,services/ai-gen-assistant/app/src/assistant/application/router/conversation_router.py,148,DECL-0004
services/ai-gen-assistant,HTTP/WebSocket declaration,POST,,create_conversation,services/ai-gen-assistant/app/src/assistant/application/router/conversation_router.py,184,DECL-0005
services/ai-gen-assistant,HTTP/WebSocket declaration,PUT,/{conversation_id},resume_conversation,services/ai-gen-assistant/app/src/assistant/application/router/conversation_router.py,267,DECL-0006
services/ai-gen-assistant,HTTP/WebSocket declaration,POST,,upload_document_template,services/ai-gen-assistant/app/src/assistant/application/router/document_template_router.py,41,DECL-0007
services/ai-gen-assistant,HTTP/WebSocket declaration,GET,,list_document_templates,services/ai-gen-assistant/app/src/assistant/application/router/document_template_router.py,71,DECL-0008
services/ai-gen-assistant,HTTP/WebSocket declaration,GET,/{template_id},get_document_template,services/ai-gen-assistant/app/src/assistant/application/router/document_template_router.py,89,DECL-0009
services/ai-gen-assistant,HTTP/WebSocket declaration,GET,/{template_id}/preview,get_document_template_preview,services/ai-gen-assistant/app/src/assistant/application/router/document_template_router.py,105,DECL-0010
services/ai-gen-assistant,HTTP/WebSocket declaration,PATCH,/{template_id},update_document_template,services/ai-gen-assistant/app/src/assistant/application/router/document_template_router.py,121,DECL-0011
services/ai-gen-assistant,HTTP/WebSocket declaration,DELETE,/{template_id},archive_document_template,services/ai-gen-assistant/app/src/assistant/application/router/document_template_router.py,143,DECL-0012
services/ai-gen-assistant,HTTP/WebSocket declaration,GET,/{conversation_id}/charts/{message_id}/download,download_generated_chart,services/ai-gen-assistant/app/src/assistant/application/router/generated_chart_router.py,30,DECL-0013
services/ai-gen-assistant,HTTP/WebSocket declaration,GET,/{conversation_id}/documents/{document_id},get_generated_document,services/ai-gen-assistant/app/src/assistant/application/router/generated_document_router.py,51,DECL-0014
services/ai-gen-assistant,HTTP/WebSocket declaration,GET,/{conversation_id}/documents/{document_id}/formats,list_document_export_formats,services/ai-gen-assistant/app/src/assistant/application/router/generated_document_router.py,81,DECL-0015
services/ai-gen-assistant,HTTP/WebSocket declaration,GET,/{conversation_id}/documents/{document_id}/download,download_generated_document,services/ai-gen-assistant/app/src/assistant/application/router/generated_document_router.py,110,DECL-0016
services/ai-gen-assistant,HTTP/WebSocket declaration,GET,/,health,services/ai-gen-assistant/app/src/assistant/application/router/healtcheck_router.py,39,DECL-0017
services/ai-gen-assistant,HTTP/WebSocket declaration,GET,/live,liveness,services/ai-gen-assistant/app/src/assistant/application/router/healtcheck_router.py,46,DECL-0018
services/ai-gen-assistant,HTTP/WebSocket declaration,GET,/ready,readiness,services/ai-gen-assistant/app/src/assistant/application/router/healtcheck_router.py,59,DECL-0019
services/ai-gen-assistant,HTTP/WebSocket declaration,GET,/llm_models,list_llm_models,services/ai-gen-assistant/app/src/assistant/application/router/llm_model_router.py,22,DECL-0020
services/ai-gen-assistant,HTTP/WebSocket declaration,POST,,create_s3_file_session,services/ai-gen-assistant/app/src/assistant/application/router/s3_file_session_router.py,31,DECL-0021
services/ai-gen-assistant,HTTP/WebSocket declaration,POST,/{session_id}/file,upload_file,services/ai-gen-assistant/app/src/assistant/application/router/s3_file_session_router.py,63,DECL-0022
services/ai-gen-assistant,HTTP/WebSocket declaration,DELETE,/{session_id}/{filename},delete_file,services/ai-gen-assistant/app/src/assistant/application/router/s3_file_session_router.py,107,DECL-0023
services/ai-gen-assistant,HTTP/WebSocket declaration,GET,,list_toolboxes,services/ai-gen-assistant/app/src/assistant/application/router/toolbox_router.py,45,DECL-0024
services/ai-gen-assistant,HTTP/WebSocket declaration,GET,/{application_id}/variables,get_toolbox_variables,services/ai-gen-assistant/app/src/assistant/application/router/toolbox_router.py,124,DECL-0025
services/ai-gen-assistant,HTTP/WebSocket declaration,PATCH,/{application_id}/variables,patch_user_toolbox_variables,services/ai-gen-assistant/app/src/assistant/application/router/toolbox_router.py,194,DECL-0026
services/ai-gen-assistant,HTTP/WebSocket declaration,GET,/{instance_id},get_toolbox_by_instance,services/ai-gen-assistant/app/src/assistant/application/router/toolbox_router.py,281,DECL-0027
services/ai-gen-assistant,HTTP/WebSocket declaration,GET,,list_context_conversations,services/ai-gen-assistant/app/src/context/application/router/context_conversation_router.py,103,DECL-0028
services/ai-gen-assistant,HTTP/WebSocket declaration,GET,/{conversation_id},get_context_conversation,services/ai-gen-assistant/app/src/context/application/router/context_conversation_router.py,133,DECL-0029
services/ai-gen-assistant,HTTP/WebSocket declaration,GET,/{conversation_id}/charts/{message_id}/download,download_generated_chart,services/ai-gen-assistant/app/src/context/application/router/context_conversation_router.py,160,DECL-0030
services/ai-gen-assistant,HTTP/WebSocket declaration,POST,,create_context_conversation,services/ai-gen-assistant/app/src/context/application/router/context_conversation_router.py,185,DECL-0031
services/ai-gen-assistant,HTTP/WebSocket declaration,PUT,/{conversation_id},resume_context_conversation,services/ai-gen-assistant/app/src/context/application/router/context_conversation_router.py,258,DECL-0032
services/ai-gen-assistant,HTTP/WebSocket declaration,PATCH,/{conversation_id},patch_context_conversation,services/ai-gen-assistant/app/src/context/application/router/context_conversation_router.py,338,DECL-0033
services/ai-gen-assistant,HTTP/WebSocket declaration,DELETE,/{conversation_id},delete_context_conversation,services/ai-gen-assistant/app/src/context/application/router/context_conversation_router.py,369,DECL-0034
services/ai-gen-assistant,HTTP/WebSocket declaration,POST,/projects/{project_id}/contexts,create_context,services/ai-gen-assistant/app/src/context/application/router/context_router.py,99,DECL-0035
services/ai-gen-assistant,HTTP/WebSocket declaration,GET,/projects/{project_id}/contexts,list_contexts_by_project,services/ai-gen-assistant/app/src/context/application/router/context_router.py,183,DECL-0036
services/ai-gen-assistant,HTTP/WebSocket declaration,GET,/projects/{project_id}/contexts/{context_id},get_context_from_studio_ai,services/ai-gen-assistant/app/src/context/application/router/context_router.py,209,DECL-0037
services/ai-gen-assistant,HTTP/WebSocket declaration,GET,/contexts,list_contexts,services/ai-gen-assistant/app/src/context/application/router/context_router.py,247,DECL-0038
services/ai-gen-assistant,HTTP/WebSocket declaration,GET,/contexts/{context_id},get_context_from_ai_global_assistant,services/ai-gen-assistant/app/src/context/application/router/context_router.py,283,DECL-0039
services/ai-gen-assistant,HTTP/WebSocket declaration,PUT,/projects/{project_id}/contexts/{context_id},update_context,services/ai-gen-assistant/app/src/context/application/router/context_router.py,317,DECL-0040
services/ai-gen-assistant,HTTP/WebSocket declaration,PATCH,/projects/{project_id}/contexts/{context_id}/status,update_context_status,services/ai-gen-assistant/app/src/context/application/router/context_router.py,413,DECL-0041
services/ai-gen-assistant,HTTP/WebSocket declaration,PATCH,/projects/{project_id}/contexts/{context_id}/owner,update_context_owner,services/ai-gen-assistant/app/src/context/application/router/context_router.py,437,DECL-0042
services/ai-gen-assistant,HTTP/WebSocket declaration,DELETE,/projects/{project_id}/contexts/{context_id},delete_context,services/ai-gen-assistant/app/src/context/application/router/context_router.py,475,DECL-0043
services/ai-gen-assistant,HTTP/WebSocket declaration,POST,/projects/{project_id}/contexts/{context_id}/shared,update_shared_users,services/ai-gen-assistant/app/src/context/application/router/context_share_router.py,39,DECL-0044
services/ai-gen-assistant,HTTP/WebSocket declaration,GET,/projects/{project_id}/contexts/{context_id}/shared,list_context_shares,services/ai-gen-assistant/app/src/context/application/router/context_share_router.py,83,DECL-0045
services/ai-gen-assistant,HTTP/WebSocket declaration,GET,/contexts/{context_id}/toolboxes,list_context_toolboxes,services/ai-gen-assistant/app/src/context/application/router/context_toolbox_router.py,41,DECL-0046
services/ai-gen-assistant,HTTP/WebSocket declaration,GET,/projects/{project_id}/contexts/{context_id}/versions,list_context_versions,services/ai-gen-assistant/app/src/context/application/router/context_version_router.py,82,DECL-0047
services/ai-gen-assistant,HTTP/WebSocket declaration,GET,/projects/{project_id}/contexts/{context_id}/versions/{version},get_context_version,services/ai-gen-assistant/app/src/context/application/router/context_version_router.py,119,DECL-0048
services/ai-gen-assistant,HTTP/WebSocket declaration,GET,/projects/{project_id}/contexts/{context_id}/versions/{version}/diff,diff_context_version,services/ai-gen-assistant/app/src/context/application/router/context_version_router.py,143,DECL-0049
services/ai-gen-assistant,HTTP/WebSocket declaration,POST,/projects/{project_id}/contexts/{context_id}/versions/{version}/duplicate,duplicate_context_version,services/ai-gen-assistant/app/src/context/application/router/context_version_router.py,174,DECL-0050
services/ai-gen-assistant,HTTP/WebSocket declaration,POST,/projects/{project_id}/contexts/{context_id}/versions/{version}/publish,publish_context_version,services/ai-gen-assistant/app/src/context/application/router/context_version_router.py,211,DECL-0051
services/ai-gen-assistant,HTTP/WebSocket declaration,DELETE,/projects/{project_id}/contexts/{context_id}/versions/{version},delete_context_version,services/ai-gen-assistant/app/src/context/application/router/context_version_router.py,237,DECL-0052
services/ai-gen-assistant,HTTP/WebSocket declaration,DELETE,/projects/{project_id}/contexts/{context_id}/versions,delete_context_versions,services/ai-gen-assistant/app/src/context/application/router/context_version_router.py,260,DECL-0053
services/ai-gen-assistant,HTTP/WebSocket declaration,GET,/projects/{project_id}/corpora/exists,corpus_exists,services/ai-gen-assistant/app/src/corpus/application/router/corpus_router.py,95,DECL-0054
services/ai-gen-assistant,HTTP/WebSocket declaration,POST,/projects/{project_id}/corpora,create_corpus,services/ai-gen-assistant/app/src/corpus/application/router/corpus_router.py,110,DECL-0055
services/ai-gen-assistant,HTTP/WebSocket declaration,GET,/projects/{project_id}/corpora,list_corpus,services/ai-gen-assistant/app/src/corpus/application/router/corpus_router.py,194,DECL-0056
services/ai-gen-assistant,HTTP/WebSocket declaration,GET,/projects/{project_id}/corpora/{corpus_id},get_corpus,services/ai-gen-assistant/app/src/corpus/application/router/corpus_router.py,213,DECL-0057
services/ai-gen-assistant,HTTP/WebSocket declaration,PUT,/projects/{project_id}/corpora/{corpus_id}/refresh_config,update_corpus_refresh_config,services/ai-gen-assistant/app/src/corpus/application/router/corpus_router.py,231,DECL-0058
services/ai-gen-assistant,HTTP/WebSocket declaration,GET,/projects/{project_id}/corpora/{corpus_id}/documents,get_corpus_documents,services/ai-gen-assistant/app/src/corpus/application/router/corpus_router.py,257,DECL-0059
services/ai-gen-assistant,HTTP/WebSocket declaration,GET,/projects/{project_id}/corpora/{corpus_id}/metadata,get_corpus_metadata,services/ai-gen-assistant/app/src/corpus/application/router/corpus_router.py,295,DECL-0060
services/ai-gen-assistant,HTTP/WebSocket declaration,DELETE,/projects/{project_id}/corpora/{corpus_id},delete_corpus,services/ai-gen-assistant/app/src/corpus/application/router/corpus_router.py,356,DECL-0061
services/ai-gen-assistant,HTTP/WebSocket declaration,GET,/projects/{project_id}/corpora/metadata/keys,get_project_metadata,services/ai-gen-assistant/app/src/corpus/application/router/corpus_router.py,388,DECL-0062
services/ai-gen-assistant,HTTP/WebSocket declaration,GET,/projects/{project_id}/corpora/metadata/values,get_metadata_values,services/ai-gen-assistant/app/src/corpus/application/router/corpus_router.py,447,DECL-0063
services/ai-gen-assistant,HTTP/WebSocket declaration,GET,/projects/{project_id}/corpora/{corpus_id}/transactions,get_corpus_transactions,services/ai-gen-assistant/app/src/corpus/application/router/corpus_transaction_router.py,42,DECL-0064
services/ai-gen-assistant,HTTP/WebSocket declaration,GET,/projects/{project_id}/corpora/{corpus_id}/transactions/{transaction_id},get_transaction_details,services/ai-gen-assistant/app/src/corpus/application/router/corpus_transaction_router.py,81,DECL-0065
services/ai-gen-assistant,HTTP/WebSocket declaration,POST,/projects/{project_id}/corpora/{corpus_id}/transactions,create_corpus_transaction,services/ai-gen-assistant/app/src/corpus/application/router/corpus_transaction_router.py,109,DECL-0066
services/ai-gen-assistant,HTTP/WebSocket declaration,POST,/documents/{document_id}/metadata,create_metadata,services/ai-gen-assistant/app/src/corpus/application/router/document_router.py,59,DECL-0067
services/ai-gen-assistant,HTTP/WebSocket declaration,GET,/documents/{document_id}/metadata,list_metadata,services/ai-gen-assistant/app/src/corpus/application/router/document_router.py,105,DECL-0068
services/ai-gen-assistant,HTTP/WebSocket declaration,GET,/metadata/default,list_default_metadata,services/ai-gen-assistant/app/src/corpus/application/router/document_router.py,142,DECL-0069
services/ai-gen-assistant,HTTP/WebSocket declaration,GET,/projects/{project_id}/corpora/{corpus_id}/documents/by_level,list_documents_by_level,services/ai-gen-assistant/app/src/corpus/application/router/document_router.py,150,DECL-0070
services/ai-gen-assistant,HTTP/WebSocket declaration,GET,/projects/{project_id}/corpora/{corpus_id}/transactions/{corpus_transaction_id}/documents,list_documents_by_corpus_transaction_id,services/ai-gen-assistant/app/src/corpus/application/router/document_router.py,185,DECL-0071
services/ai-gen-assistant,HTTP/WebSocket declaration,GET,/parked,list_parked_outbox_events,services/ai-gen-assistant/app/src/corpus/application/router/outbox_admin_router.py,65,DECL-0072
services/ai-gen-assistant,HTTP/WebSocket declaration,POST,/replay,replay_parked_outbox_events,services/ai-gen-assistant/app/src/corpus/application/router/outbox_admin_router.py,115,DECL-0073
services/ai-gen-assistant,HTTP/WebSocket declaration,GET,/projects/{project_id}/datasets,get_datasets,services/ai-gen-assistant/app/src/dataset/application/router/dataset_router.py,28,DECL-0074
services/ai-gen-assistant,HTTP/WebSocket declaration,GET,/,root,services/ai-gen-assistant/app/src/main.py,579,DECL-0075
services/ai-gen-assistant,HTTP/WebSocket declaration,GET,/corpora,list_corpora,services/ai-gen-assistant/app/src/public_api/mcp_corpus_router.py,49,DECL-0076
services/ai-gen-assistant,HTTP/WebSocket declaration,POST,/corpora/search,search_corpora,services/ai-gen-assistant/app/src/public_api/mcp_corpus_router.py,58,DECL-0077
services/ai-gen-assistant,HTTP/WebSocket declaration,GET,/v1/contexts,list_contexts,services/ai-gen-assistant/app/src/public_api/public_context_router.py,135,DECL-0078
services/ai-gen-assistant,HTTP/WebSocket declaration,GET,,get_context,services/ai-gen-assistant/app/src/public_api/public_context_router.py,174,DECL-0079
services/ai-gen-assistant,HTTP/WebSocket declaration,POST,/conversations,create_context_conversation,services/ai-gen-assistant/app/src/public_api/public_context_router.py,194,DECL-0080
services/ai-gen-assistant,HTTP/WebSocket declaration,PUT,/conversations/{conversation_id},resume_context_conversation,services/ai-gen-assistant/app/src/public_api/public_context_router.py,270,DECL-0081
services/ai-gen-assistant,HTTP/WebSocket declaration,GET,/conversations,list_context_conversations,services/ai-gen-assistant/app/src/public_api/public_context_router.py,354,DECL-0082
services/ai-gen-assistant,HTTP/WebSocket declaration,GET,/conversations/{conversation_id},get_context_conversation,services/ai-gen-assistant/app/src/public_api/public_context_router.py,382,DECL-0083
services/ai-gen-assistant,HTTP/WebSocket declaration,DELETE,/conversations/{conversation_id},delete_context_conversation,services/ai-gen-assistant/app/src/public_api/public_context_router.py,407,DECL-0084
services/ai-gen-assistant,HTTP/WebSocket declaration,GET,/v1/corpora,list_corpora,services/ai-gen-assistant/app/src/public_api/public_corpus_router.py,38,DECL-0085
services/ai-gen-assistant,HTTP/WebSocket declaration,POST,/v1/corpora/search,search_corpora,services/ai-gen-assistant/app/src/public_api/public_corpus_router.py,56,DECL-0086
services/ai-gen-proxy,HTTP/WebSocket declaration,GET,/exists,check_api_key_exists,services/ai-gen-proxy/app/src/llm_metric/application/router/api_key_router.py,48,DECL-0087
services/ai-gen-proxy,HTTP/WebSocket declaration,GET,/configuration,get_default_models_configuration,services/ai-gen-proxy/app/src/llm_metric/application/router/api_key_router.py,59,DECL-0088
services/ai-gen-proxy,HTTP/WebSocket declaration,GET,/{model_api_key_id},get_api_key,services/ai-gen-proxy/app/src/llm_metric/application/router/api_key_router.py,69,DECL-0089
services/ai-gen-proxy,HTTP/WebSocket declaration,GET,,list_api_keys,services/ai-gen-proxy/app/src/llm_metric/application/router/api_key_router.py,82,DECL-0090
services/ai-gen-proxy,HTTP/WebSocket declaration,POST,/discover,discover_models,services/ai-gen-proxy/app/src/llm_metric/application/router/api_key_router.py,98,DECL-0091
services/ai-gen-proxy,HTTP/WebSocket declaration,POST,/configuration,configure_default_models,services/ai-gen-proxy/app/src/llm_metric/application/router/api_key_router.py,114,DECL-0092
services/ai-gen-proxy,HTTP/WebSocket declaration,PUT,/{api_key_id},update_api_key,services/ai-gen-proxy/app/src/llm_metric/application/router/api_key_router.py,125,DECL-0093
services/ai-gen-proxy,HTTP/WebSocket declaration,DELETE,/{api_key_id},delete_api_key,services/ai-gen-proxy/app/src/llm_metric/application/router/api_key_router.py,137,DECL-0094
services/ai-gen-proxy,HTTP/WebSocket declaration,POST,,create_api_key,services/ai-gen-proxy/app/src/llm_metric/application/router/api_key_router.py,147,DECL-0095
services/ai-gen-proxy,HTTP/WebSocket declaration,GET,/models,list_ai_models,services/ai-gen-proxy/app/src/llm_metric/application/router/embedding_router.py,65,DECL-0096
services/ai-gen-proxy,HTTP/WebSocket declaration,GET,/{api_key_tech_name}/info,ai_model_info,services/ai-gen-proxy/app/src/llm_metric/application/router/embedding_router.py,87,DECL-0097
services/ai-gen-proxy,HTTP/WebSocket declaration,POST,/{api_key_tech_name}/v1/embeddings,embeddings,services/ai-gen-proxy/app/src/llm_metric/application/router/embedding_router.py,113,DECL-0098
services/ai-gen-proxy,HTTP/WebSocket declaration,GET,/models,get_metric_models,services/ai-gen-proxy/app/src/llm_metric/application/router/llm_metric_router.py,20,DECL-0099
services/ai-gen-proxy,HTTP/WebSocket declaration,GET,/tokens,get_token_usage,services/ai-gen-proxy/app/src/llm_metric/application/router/llm_metric_router.py,37,DECL-0100
services/ai-gen-proxy,HTTP/WebSocket declaration,GET,/models,list_ai_models,services/ai-gen-proxy/app/src/llm_metric/application/router/llm_router.py,64,DECL-0101
services/ai-gen-proxy,HTTP/WebSocket declaration,POST,/{api_key_tech_name}/v1/chat/completions,proxy_chat_completions,services/ai-gen-proxy/app/src/llm_metric/application/router/llm_router.py,86,DECL-0102
services/ai-gen-proxy,HTTP/WebSocket declaration,POST,/v1/chat/completions,auto_proxy_chat_completions,services/ai-gen-proxy/app/src/llm_metric/application/router/llm_router.py,151,DECL-0103
services/ai-gen-proxy,HTTP/WebSocket declaration,GET,/,root,services/ai-gen-proxy/app/src/main.py,169,DECL-0104
services/ai-gen-proxy,HTTP/WebSocket declaration,GET,/,health,services/ai-gen-proxy/app/src/router/healtcheck_router.py,39,DECL-0105
services/ai-gen-proxy,HTTP/WebSocket declaration,GET,/live,liveness,services/ai-gen-proxy/app/src/router/healtcheck_router.py,46,DECL-0106
services/ai-gen-proxy,HTTP/WebSocket declaration,GET,/ready,readiness,services/ai-gen-proxy/app/src/router/healtcheck_router.py,59,DECL-0107
services/app-management,MCP declaration,tool,,list_applications,services/app-management/src/app_manager/application/mcp/tools/application_tools.py,51,DECL-0108
services/app-management,MCP declaration,tool,,create_application,services/app-management/src/app_manager/application/mcp/tools/application_tools.py,129,DECL-0109
services/app-management,MCP declaration,tool,,get_application_status,services/app-management/src/app_manager/application/mcp/tools/application_tools.py,223,DECL-0110
services/app-management,MCP declaration,tool,,build_image,services/app-management/src/app_manager/application/mcp/tools/build_tools.py,142,DECL-0111
services/app-management,MCP declaration,tool,,get_build_status,services/app-management/src/app_manager/application/mcp/tools/build_tools.py,237,DECL-0112
services/app-management,MCP declaration,tool,,get_build_logs,services/app-management/src/app_manager/application/mcp/tools/build_tools.py,271,DECL-0113
services/app-management,MCP declaration,tool,,wait_for_build_completion,services/app-management/src/app_manager/application/mcp/tools/build_tools.py,328,DECL-0114
services/app-management,MCP declaration,tool,,get_image_scan,services/app-management/src/app_manager/application/mcp/tools/build_tools.py,402,DECL-0115
services/app-management,MCP declaration,tool,,create_instance,services/app-management/src/app_manager/application/mcp/tools/instance_tools.py,349,DECL-0116
services/app-management,MCP declaration,tool,,deploy_instance,services/app-management/src/app_manager/application/mcp/tools/instance_tools.py,519,DECL-0117
services/app-management,MCP declaration,tool,,get_instance_status,services/app-management/src/app_manager/application/mcp/tools/instance_tools.py,569,DECL-0118
services/app-management,MCP declaration,tool,,get_instance_logs,services/app-management/src/app_manager/application/mcp/tools/instance_tools.py,621,DECL-0119
services/app-management,MCP declaration,tool,,stop_instance,services/app-management/src/app_manager/application/mcp/tools/instance_tools.py,652,DECL-0120
services/app-management,MCP declaration,tool,,start_instance,services/app-management/src/app_manager/application/mcp/tools/instance_tools.py,693,DECL-0121
services/app-management,MCP declaration,tool,,get_deployment_logs,services/app-management/src/app_manager/application/mcp/tools/instance_tools.py,736,DECL-0122
services/app-management,MCP declaration,tool,,wait_for_deployment_completion,services/app-management/src/app_manager/application/mcp/tools/instance_tools.py,802,DECL-0123
services/app-management,MCP declaration,tool,,list_instances,services/app-management/src/app_manager/application/mcp/tools/instance_tools.py,907,DECL-0124
services/app-management,MCP declaration,tool,,delete_instance,services/app-management/src/app_manager/application/mcp/tools/instance_tools.py,948,DECL-0125
services/app-management,MCP declaration,tool,,update_instance,services/app-management/src/app_manager/application/mcp/tools/instance_tools.py,1036,DECL-0126
services/app-management,MCP declaration,tool,,create_repository,services/app-management/src/app_manager/application/mcp/tools/repository_tools.py,229,DECL-0127
services/app-management,MCP declaration,tool,,push_files,services/app-management/src/app_manager/application/mcp/tools/repository_tools.py,325,DECL-0128
services/app-management,MCP declaration,tool,,list_files,services/app-management/src/app_manager/application/mcp/tools/repository_tools.py,666,DECL-0129
services/app-management,MCP declaration,tool,,read_file,services/app-management/src/app_manager/application/mcp/tools/repository_tools.py,716,DECL-0130
services/app-management,MCP declaration,tool,,read_files,services/app-management/src/app_manager/application/mcp/tools/repository_tools.py,774,DECL-0131
services/app-management,HTTP/WebSocket declaration,GET,/agents,list_agents,services/app-management/src/app_manager/application/router/application_agent_router.py,50,DECL-0132
services/app-management,HTTP/WebSocket declaration,PATCH,/apps/{app_id}/agents,grant_apps_access,services/app-management/src/app_manager/application/router/application_agent_router.py,145,DECL-0133
services/app-management,HTTP/WebSocket declaration,DELETE,/apps/{app_id}/agents/{agent_id},revoke_app_access,services/app-management/src/app_manager/application/router/application_agent_router.py,178,DECL-0134
services/app-management,HTTP/WebSocket declaration,POST,/apps,create_application,services/app-management/src/app_manager/application/router/application_crud_router.py,153,DECL-0135
services/app-management,HTTP/WebSocket declaration,PUT,/apps/{app_id},update_application,services/app-management/src/app_manager/application/router/application_crud_router.py,183,DECL-0136
services/app-management,HTTP/WebSocket declaration,GET,/apps/exists,check_application_exists,services/app-management/src/app_manager/application/router/application_crud_router.py,204,DECL-0137
services/app-management,HTTP/WebSocket declaration,GET,/apps/{app_id},get_application_detail,services/app-management/src/app_manager/application/router/application_crud_router.py,235,DECL-0138
services/app-management,HTTP/WebSocket declaration,GET,/apps,list_applications,services/app-management/src/app_manager/application/router/application_crud_router.py,273,DECL-0139
services/app-management,HTTP/WebSocket declaration,DELETE,/apps/{app_id},delete_application,services/app-management/src/app_manager/application/router/application_crud_router.py,332,DECL-0140
services/app-management,HTTP/WebSocket declaration,PATCH,/apps/{app_id}/owner,update_application_owner,services/app-management/src/app_manager/application/router/application_crud_router.py,354,DECL-0141
services/app-management,HTTP/WebSocket declaration,GET,/configuration/ssh-public-key,get_active_ssh_public_key,services/app-management/src/app_manager/application/router/configuration_router.py,27,DECL-0142
services/app-management,HTTP/WebSocket declaration,GET,/,health,services/app-management/src/app_manager/application/router/healthcheck_router.py,66,DECL-0143
services/app-management,HTTP/WebSocket declaration,GET,/live,liveness,services/app-management/src/app_manager/application/router/healthcheck_router.py,73,DECL-0144
services/app-management,HTTP/WebSocket declaration,GET,/ready,readiness,services/app-management/src/app_manager/application/router/healthcheck_router.py,160,DECL-0145
services/app-management,HTTP/WebSocket declaration,POST,/apps/{app_id}/images,create_image,services/app-management/src/app_manager/application/router/image_router.py,60,DECL-0146
services/app-management,HTTP/WebSocket declaration,POST,/apps/{app_id}/images/{image_id}/builds,rebuild_image,services/app-management/src/app_manager/application/router/image_router.py,86,DECL-0147
services/app-management,HTTP/WebSocket declaration,GET,/apps/{app_id}/images,list_images,services/app-management/src/app_manager/application/router/image_router.py,109,DECL-0148
services/app-management,HTTP/WebSocket declaration,GET,/apps/{app_id}/images/{image_id},get_image_detail,services/app-management/src/app_manager/application/router/image_router.py,131,DECL-0149
services/app-management,HTTP/WebSocket declaration,GET,/apps/{app_id}/images/{image_id}/builds,list_image_builds,services/app-management/src/app_manager/application/router/image_router.py,152,DECL-0150
services/app-management,HTTP/WebSocket declaration,GET,/apps/{app_id}/images/{image_id}/scan,get_image_vulnerabilities,services/app-management/src/app_manager/application/router/image_router.py,189,DECL-0151
services/app-management,HTTP/WebSocket declaration,GET,/apps/{app_id}/images/{image_id}/builds/{build_id}/logs,get_build_logs,services/app-management/src/app_manager/application/router/image_router.py,218,DECL-0152
services/app-management,HTTP/WebSocket declaration,DELETE,/apps/{app_id}/images/{image_id},delete_image,services/app-management/src/app_manager/application/router/image_router.py,279,DECL-0153
services/app-management,HTTP/WebSocket declaration,POST,/apps/{application_id}/instances/{instance_id}/deploy,deploy_instance,services/app-management/src/app_manager/application/router/instance_lifecycle_router.py,42,DECL-0154
services/app-management,HTTP/WebSocket declaration,GET,/apps/{app_id}/instances/{instance_id}/logs,get_instance_logs,services/app-management/src/app_manager/application/router/instance_lifecycle_router.py,62,DECL-0155
services/app-management,HTTP/WebSocket declaration,POST,/apps/{app_id}/instances/{instance_id}/stop,stop_instance,services/app-management/src/app_manager/application/router/instance_lifecycle_router.py,91,DECL-0156
services/app-management,HTTP/WebSocket declaration,POST,/apps/{app_id}/instances/{instance_id}/start,start_instance,services/app-management/src/app_manager/application/router/instance_lifecycle_router.py,106,DECL-0157
services/app-management,HTTP/WebSocket declaration,POST,/apps/{app_id}/instances/{instance_id}/deployments/{deployment_id}/cancel,cancel_deployment,services/app-management/src/app_manager/application/router/instance_lifecycle_router.py,121,DECL-0158
services/app-management,HTTP/WebSocket declaration,GET,/instances/resources,get_instance_resources,services/app-management/src/app_manager/application/router/instance_resources_router.py,28,DECL-0159
services/app-management,HTTP/WebSocket declaration,POST,/apps/{application_id}/instances,create_instance,services/app-management/src/app_manager/application/router/instance_router.py,79,DECL-0160
services/app-management,HTTP/WebSocket declaration,GET,/apps/{application_id}/instances/exists,check_instance_exists,services/app-management/src/app_manager/application/router/instance_router.py,106,DECL-0161
services/app-management,HTTP/WebSocket declaration,GET,/apps/{application_id}/instances,list_instances,services/app-management/src/app_manager/application/router/instance_router.py,127,DECL-0162
services/app-management,HTTP/WebSocket declaration,GET,/apps/{application_id}/instances/{instance_id},get_instance_detail,services/app-management/src/app_manager/application/router/instance_router.py,142,DECL-0163
services/app-management,HTTP/WebSocket declaration,DELETE,/apps/{application_id}/instances/{instance_id},delete_instance,services/app-management/src/app_manager/application/router/instance_router.py,193,DECL-0164
services/app-management,HTTP/WebSocket declaration,PATCH,/apps/{application_id}/instances/{instance_id},update_instance_main_status,services/app-management/src/app_manager/application/router/instance_router.py,216,DECL-0165
services/app-management,HTTP/WebSocket declaration,PUT,/apps/{application_id}/instances/{instance_id},update_instance,services/app-management/src/app_manager/application/router/instance_router.py,248,DECL-0166
services/app-management,HTTP/WebSocket declaration,GET,/apps/{application_id}/instances/{instance_id}/deployments,list_instance_deployments,services/app-management/src/app_manager/application/router/instance_router.py,277,DECL-0167
services/app-management,HTTP/WebSocket declaration,GET,/apps/{application_id}/instances/{instance_id}/severities,list_instance_severities,services/app-management/src/app_manager/application/router/instance_router.py,310,DECL-0168
services/app-management,HTTP/WebSocket declaration,GET,/admin/nodepools/resources,get_nodepool_resources,services/app-management/src/app_manager/application/router/node_pool_resources_router.py,21,DECL-0169
services/app-management,HTTP/WebSocket declaration,POST,/trivy/scan_result/{image_id},trivy_webhook,services/app-management/src/app_manager/application/router/private_router.py,55,DECL-0170
services/app-management,HTTP/WebSocket declaration,POST,/build/image,build_image,services/app-management/src/app_manager/application/router/private_router.py,74,DECL-0171
services/app-management,HTTP/WebSocket declaration,DELETE,/build/image,delete_python_image,services/app-management/src/app_manager/application/router/private_router.py,105,DECL-0172
services/app-management,HTTP/WebSocket declaration,POST,/tls/sync,sync_tls_certificates,services/app-management/src/app_manager/application/router/private_router.py,131,DECL-0173
services/app-management,HTTP/WebSocket declaration,POST,/authz/backfill,backfill_authz_events,services/app-management/src/app_manager/application/router/private_router.py,166,DECL-0174
services/app-management,HTTP/WebSocket declaration,POST,/start,start_sessions,services/app-management/src/app_manager/application/router/private_session_router.py,51,DECL-0175
services/app-management,HTTP/WebSocket declaration,POST,/delete,delete_sessions,services/app-management/src/app_manager/application/router/private_session_router.py,60,DECL-0176
services/app-management,HTTP/WebSocket declaration,POST,/reconcile,reconcile_clusters,services/app-management/src/app_manager/application/router/private_session_router.py,69,DECL-0177
services/app-management,HTTP/WebSocket declaration,POST,/server/start,start_connect_server,services/app-management/src/app_manager/application/router/private_session_router.py,88,DECL-0178
services/app-management,HTTP/WebSocket declaration,POST,/server/delete,delete_connect_server,services/app-management/src/app_manager/application/router/private_session_router.py,103,DECL-0179
services/app-management,HTTP/WebSocket declaration,POST,/jobs/submit,submit_job,services/app-management/src/app_manager/application/router/private_session_router.py,112,DECL-0180
services/app-management,HTTP/WebSocket declaration,POST,/jobs/state,get_job_state,services/app-management/src/app_manager/application/router/private_session_router.py,125,DECL-0181
services/app-management,HTTP/WebSocket declaration,POST,/jobs/cancel,cancel_job,services/app-management/src/app_manager/application/router/private_session_router.py,137,DECL-0182
services/app-management,HTTP/WebSocket declaration,GET,/,get_session,services/app-management/src/app_manager/infra/adapter/session/scripts/iceberg_main.py,592,DECL-0183
services/app-management,HTTP/WebSocket declaration,POST,/submit,submit_job,services/app-management/src/app_manager/infra/adapter/session/scripts/iceberg_main.py,598,DECL-0184
services/app-management,HTTP/WebSocket declaration,GET,/submit/{submit_id},get_job_output,services/app-management/src/app_manager/infra/adapter/session/scripts/iceberg_main.py,604,DECL-0185
services/app-management,HTTP/WebSocket declaration,DELETE,/submit/{submit_id},cancel_job,services/app-management/src/app_manager/infra/adapter/session/scripts/iceberg_main.py,610,DECL-0186
services/app-management,HTTP/WebSocket declaration,GET,/,get_session,services/app-management/src/app_manager/infra/adapter/session/scripts/spark_main.py,234,DECL-0187
services/app-management,HTTP/WebSocket declaration,POST,/submit,submit_job,services/app-management/src/app_manager/infra/adapter/session/scripts/spark_main.py,240,DECL-0188
services/app-management,HTTP/WebSocket declaration,GET,/submit/{submit_id},get_job_output,services/app-management/src/app_manager/infra/adapter/session/scripts/spark_main.py,246,DECL-0189
services/app-management,HTTP/WebSocket declaration,DELETE,/submit/{submit_id},cancel_job,services/app-management/src/app_manager/infra/adapter/session/scripts/spark_main.py,252,DECL-0190
services/app-management,HTTP/WebSocket declaration,POST,/devspaces,create_devspace,services/app-management/src/devspace/application/router/devspace_router.py,63,DECL-0191
services/app-management,HTTP/WebSocket declaration,PUT,/devspaces,update_devspace,services/app-management/src/devspace/application/router/devspace_router.py,94,DECL-0192
services/app-management,HTTP/WebSocket declaration,GET,/devspaces,get_devspace,services/app-management/src/devspace/application/router/devspace_router.py,116,DECL-0193
services/app-management,HTTP/WebSocket declaration,GET,/devspaces/deployments/logs,get_devspace_deployment_logs,services/app-management/src/devspace/application/router/devspace_router.py,132,DECL-0194
services/app-management,HTTP/WebSocket declaration,DELETE,/admin/devspaces/{devspace_id},delete_devspace,services/app-management/src/devspace/application/router/devspace_router.py,148,DECL-0195
services/app-management,HTTP/WebSocket declaration,GET,/admin/devspaces,list_devspaces,services/app-management/src/devspace/application/router/devspace_router.py,170,DECL-0196
services/app-management,HTTP/WebSocket declaration,GET,/,root,services/app-management/src/main.py,631,DECL-0197
services/app-management,HTTP/WebSocket declaration,GET,/{repository_id}/contents/{filepath:path},get_repository_file_contents,services/app-management/src/repository/application/router/internal_repository_file_router.py,47,DECL-0198
services/app-management,HTTP/WebSocket declaration,PUT,/{repository_id}/contents/{filepath:path},create_or_update_file,services/app-management/src/repository/application/router/internal_repository_file_router.py,80,DECL-0199
services/app-management,HTTP/WebSocket declaration,DELETE,/{repository_id}/contents/{filepath:path},delete_file,services/app-management/src/repository/application/router/internal_repository_file_router.py,151,DECL-0200
services/app-management,HTTP/WebSocket declaration,POST,/{repository_id}/contents/upload,upload_file,services/app-management/src/repository/application/router/internal_repository_file_router.py,184,DECL-0201
services/app-management,HTTP/WebSocket declaration,POST,/{repository_id}/contents/upload/{directory:path},upload_file,services/app-management/src/repository/application/router/internal_repository_file_router.py,189,DECL-0202
services/app-management,HTTP/WebSocket declaration,GET,/{repository_id}/tree,get_repository_tree,services/app-management/src/repository/application/router/internal_repository_file_router.py,238,DECL-0203
services/app-management,HTTP/WebSocket declaration,GET,/check,check_internal_repository_name,services/app-management/src/repository/application/router/internal_repository_router.py,46,DECL-0204
services/app-management,HTTP/WebSocket declaration,POST,,create_internal_repository,services/app-management/src/repository/application/router/internal_repository_router.py,80,DECL-0205
services/app-management,HTTP/WebSocket declaration,PATCH,/{repository_id},update_internal_repository,services/app-management/src/repository/application/router/internal_repository_router.py,115,DECL-0206
services/app-management,HTTP/WebSocket declaration,GET,/{repository_id}/commits,list_commits,services/app-management/src/repository/application/router/internal_repository_router.py,144,DECL-0207
services/app-management,HTTP/WebSocket declaration,GET,/{repository_id}/commits/last,get_last_commit,services/app-management/src/repository/application/router/internal_repository_router.py,179,DECL-0208
services/app-management,HTTP/WebSocket declaration,POST,/{repository_id}/branches,create_branch,services/app-management/src/repository/application/router/internal_repository_router.py,204,DECL-0209
services/app-management,HTTP/WebSocket declaration,POST,/{repository_id}/tags,create_tag,services/app-management/src/repository/application/router/internal_repository_router.py,240,DECL-0210
services/app-management,HTTP/WebSocket declaration,PUT,/{repository_id}/project/{project_id},move_repository_project,services/app-management/src/repository/application/router/internal_repository_router.py,276,DECL-0211
services/app-management,HTTP/WebSocket declaration,POST,,create_external_repository_for_application,services/app-management/src/repository/application/router/repository_application_router.py,36,DECL-0212
services/app-management,HTTP/WebSocket declaration,POST,/{repository_id},link_repository_to_application,services/app-management/src/repository/application/router/repository_application_router.py,54,DECL-0213
services/app-management,HTTP/WebSocket declaration,GET,,list_application_repositories,services/app-management/src/repository/application/router/repository_application_router.py,84,DECL-0214
services/app-management,HTTP/WebSocket declaration,DELETE,/{repository_id},unlink_repository_from_application,services/app-management/src/repository/application/router/repository_application_router.py,96,DECL-0215
services/app-management,HTTP/WebSocket declaration,GET,,list_all_repositories,services/app-management/src/repository/application/router/repository_router.py,47,DECL-0216
services/app-management,HTTP/WebSocket declaration,GET,/check-access,check_repository_access,services/app-management/src/repository/application/router/repository_router.py,132,DECL-0217
services/app-management,HTTP/WebSocket declaration,GET,/sources,get_repository_sources_by_url,services/app-management/src/repository/application/router/repository_router.py,177,DECL-0218
services/app-management,HTTP/WebSocket declaration,GET,/{repository_id}/sources,get_repository_sources_by_id,services/app-management/src/repository/application/router/repository_router.py,208,DECL-0219
services/app-management,HTTP/WebSocket declaration,GET,/{repository_id},get_repository_detail_by_id,services/app-management/src/repository/application/router/repository_router.py,237,DECL-0220
services/app-management,HTTP/WebSocket declaration,DELETE,/{repository_id},delete_repository,services/app-management/src/repository/application/router/repository_router.py,256,DECL-0221
services/app-management,HTTP/WebSocket declaration,POST,/users/ssh-public-keys,create_ssh_public_key,services/app-management/src/user/application/router/user_keys_router.py,62,DECL-0222
services/app-management,HTTP/WebSocket declaration,GET,/users/ssh-public-keys,list_user_ssh_keys,services/app-management/src/user/application/router/user_keys_router.py,84,DECL-0223
services/app-management,HTTP/WebSocket declaration,DELETE,/users/ssh-public-keys/{key_id},delete_user_ssh_key,services/app-management/src/user/application/router/user_keys_router.py,105,DECL-0224
services/app-management,HTTP/WebSocket declaration,GET,/users/{user_id}/ownership,check_user_ownership,services/app-management/src/user/application/router/user_router.py,21,DECL-0225
services/cleyrop-front-end,Next.js file route,PAGE,src/theme/foundations/semanticTokens,page,services/cleyrop-front-end/app/src/theme/foundations/semanticTokens/page.ts,1,DECL-0226
services/data-collect,Spring prefix/mapping,REQUEST,/admin,reconcileTuples,services/data-collect/app/data-collect-app/src/main/kotlin/com/cleyrop/data/collect/app/admin/controller/AdminReconcileTuplesController.kt,44,DECL-0227
services/data-collect,Spring mapping,POST,/reconcile-tuples,reconcileTuples,services/data-collect/app/data-collect-app/src/main/kotlin/com/cleyrop/data/collect/app/admin/controller/AdminReconcileTuplesController.kt,61,DECL-0228
services/data-collect,Spring prefix/mapping,REQUEST,,preview,services/data-collect/app/data-collect-app/src/main/kotlin/com/cleyrop/data/collect/app/dataset/controller/DatasetConfigController.kt,41,DECL-0229
services/data-collect,Spring mapping,POST,/datasources/{id}/datasets/preview,preview,services/data-collect/app/data-collect-app/src/main/kotlin/com/cleyrop/data/collect/app/dataset/controller/DatasetConfigController.kt,54,DECL-0230
services/data-collect,Spring mapping,POST,/datasources/{id}/datasets/headers,headers,services/data-collect/app/data-collect-app/src/main/kotlin/com/cleyrop/data/collect/app/dataset/controller/DatasetConfigController.kt,84,DECL-0231
services/data-collect,Spring mapping,POST,/datasources/{id}/datasets/check-headers,checkHeaders,services/data-collect/app/data-collect-app/src/main/kotlin/com/cleyrop/data/collect/app/dataset/controller/DatasetConfigController.kt,113,DECL-0232
services/data-collect,Spring mapping,POST,/datasets/{id}/refresh,datasetManualRefresh,services/data-collect/app/data-collect-app/src/main/kotlin/com/cleyrop/data/collect/app/dataset/controller/DatasetConfigController.kt,138,DECL-0233
services/data-collect,Spring mapping,GET,/datasources/format/default,defaultFileFormat,services/data-collect/app/data-collect-app/src/main/kotlin/com/cleyrop/data/collect/app/dataset/controller/DatasetConfigController.kt,147,DECL-0234
services/data-collect,Spring mapping,GET,/users/{userId}/check-owner,getDatasetRefreshHistory,services/data-collect/app/data-collect-app/src/main/kotlin/com/cleyrop/data/collect/app/dataset/controller/UserController.kt,22,DECL-0235
services/data-collect,Spring prefix/mapping,REQUEST,,getDataSources,services/data-collect/app/data-collect-app/src/main/kotlin/com/cleyrop/data/collect/app/datasource/controller/DataSourceController.kt,60,DECL-0236
services/data-collect,Spring mapping,GET,/datasources,getDataSources,services/data-collect/app/data-collect-app/src/main/kotlin/com/cleyrop/data/collect/app/datasource/controller/DataSourceController.kt,91,DECL-0237
services/data-collect,Spring mapping,GET,/datasources/{id},getDataSource,services/data-collect/app/data-collect-app/src/main/kotlin/com/cleyrop/data/collect/app/datasource/controller/DataSourceController.kt,141,DECL-0238
services/data-collect,Spring mapping,POST,/datasources/check,checkConnection,services/data-collect/app/data-collect-app/src/main/kotlin/com/cleyrop/data/collect/app/datasource/controller/DataSourceController.kt,156,DECL-0239
services/data-collect,Spring mapping,POST,/datasources/{id}/check,checkStoredConnection,services/data-collect/app/data-collect-app/src/main/kotlin/com/cleyrop/data/collect/app/datasource/controller/DataSourceController.kt,171,DECL-0240
services/data-collect,Spring mapping,POST,/datasources,createDataSource,services/data-collect/app/data-collect-app/src/main/kotlin/com/cleyrop/data/collect/app/datasource/controller/DataSourceController.kt,190,DECL-0241
services/data-collect,Spring mapping,PUT,/datasources/{id},updateDataSource,services/data-collect/app/data-collect-app/src/main/kotlin/com/cleyrop/data/collect/app/datasource/controller/DataSourceController.kt,220,DECL-0242
services/data-collect,Spring mapping,DELETE,/datasources/{id},deleteDataSource,services/data-collect/app/data-collect-app/src/main/kotlin/com/cleyrop/data/collect/app/datasource/controller/DataSourceController.kt,233,DECL-0243
services/data-collect,Spring prefix/mapping,REQUEST,,listResourcesSql,services/data-collect/app/data-collect-app/src/main/kotlin/com/cleyrop/data/collect/app/datasource/controller/DataSourceDataController.kt,68,DECL-0244
services/data-collect,Spring mapping,GET,/datasources/{id}/resources,listResourcesSql,services/data-collect/app/data-collect-app/src/main/kotlin/com/cleyrop/data/collect/app/datasource/controller/DataSourceDataController.kt,76,DECL-0245
services/data-collect,Spring mapping,GET,/datasources/{id}/datasets/query,defaultSqlQuery,services/data-collect/app/data-collect-app/src/main/kotlin/com/cleyrop/data/collect/app/datasource/controller/DataSourceDataController.kt,83,DECL-0246
services/data-collect,Spring mapping,POST,/datasources/{id}/datasets/sheetNames,sheetsNames,services/data-collect/app/data-collect-app/src/main/kotlin/com/cleyrop/data/collect/app/datasource/controller/DataSourceDataController.kt,98,DECL-0247
services/data-collect,Spring mapping,POST,/datasources/{id}/files,listFiles,services/data-collect/app/data-collect-app/src/main/kotlin/com/cleyrop/data/collect/app/datasource/controller/DataSourceDataController.kt,109,DECL-0248
services/data-collect,Spring mapping,GET,/datasources/{id}/parents,listParents,services/data-collect/app/data-collect-app/src/main/kotlin/com/cleyrop/data/collect/app/datasource/controller/DataSourceDataController.kt,119,DECL-0249
services/data-collect,Spring mapping,GET,/datasources/{id}/entities,listEntities,services/data-collect/app/data-collect-app/src/main/kotlin/com/cleyrop/data/collect/app/datasource/controller/DataSourceDataController.kt,124,DECL-0250
services/data-collect,Spring mapping,GET,/datasources/{id}/entities/{entityName}/columns,listColumns,services/data-collect/app/data-collect-app/src/main/kotlin/com/cleyrop/data/collect/app/datasource/controller/DataSourceDataController.kt,132,DECL-0251
services/data-collect,Spring mapping,GET,/connectors/{connectorType}/versions,getConnectorVersions,services/data-collect/app/data-collect-app/src/main/kotlin/com/cleyrop/data/collect/app/datasource/controller/DataSourceDataController.kt,141,DECL-0252
services/data-collect,Spring mapping,GET,,getDatasources,services/data-collect/app/data-collect-app/src/main/kotlin/com/cleyrop/data/collect/app/datasource/controller/DataSourceForLibController.kt,46,DECL-0253
services/data-collect,Spring mapping,GET,/datasources,getDatasets,services/data-collect/app/data-collect-app/src/main/kotlin/com/cleyrop/data/collect/app/datasource/controller/DataSourceForLibController.kt,86,DECL-0254
services/data-collect,Spring mapping,GET,/datasources/{id}/history,getDataSourceHistory,services/data-collect/app/data-collect-app/src/main/kotlin/com/cleyrop/data/collect/app/datasource/controller/DataSourceHistoryController.kt,22,DECL-0255
services/data-collect,Spring prefix/mapping,REQUEST,,listFiles,services/data-collect/app/data-collect-app/src/main/kotlin/com/cleyrop/data/collect/app/datasource/controller/DataSourceIngestionController.kt,39,DECL-0256
services/data-collect,Spring mapping,POST,/datasources/{id}/ingestion/files,listFiles,services/data-collect/app/data-collect-app/src/main/kotlin/com/cleyrop/data/collect/app/datasource/controller/DataSourceIngestionController.kt,46,DECL-0257
services/data-collect,Spring mapping,GET,/datasources/{id}/ingestion/files/content,fileContent,services/data-collect/app/data-collect-app/src/main/kotlin/com/cleyrop/data/collect/app/datasource/controller/DataSourceIngestionController.kt,59,DECL-0258
services/data-collect,Spring prefix/mapping,REQUEST,/kpi,getTotalDataSources,services/data-collect/app/data-collect-app/src/main/kotlin/com/cleyrop/data/collect/app/datasource/controller/DataSourceKpiController.kt,14,DECL-0259
services/data-collect,Spring mapping,GET,/datasources,getTotalDataSources,services/data-collect/app/data-collect-app/src/main/kotlin/com/cleyrop/data/collect/app/datasource/controller/DataSourceKpiController.kt,19,DECL-0260
services/data-collect,Spring prefix/mapping,REQUEST,,uploadFile,services/data-collect/app/data-collect-app/src/main/kotlin/com/cleyrop/data/collect/app/datasource/controller/DataSourceLocalFileController.kt,26,DECL-0261
services/data-collect,Spring mapping,POST,/datasources/{id}/uploadFiles,uploadFile,services/data-collect/app/data-collect-app/src/main/kotlin/com/cleyrop/data/collect/app/datasource/controller/DataSourceLocalFileController.kt,33,DECL-0262
services/data-collect,Spring mapping,DELETE,/datasources/{id}/files,deleteFile,services/data-collect/app/data-collect-app/src/main/kotlin/com/cleyrop/data/collect/app/datasource/controller/DataSourceLocalFileController.kt,57,DECL-0263
services/data-collect,Spring prefix/mapping,REQUEST,,createProjectDataSourceActivation,services/data-collect/app/data-collect-app/src/main/kotlin/com/cleyrop/data/collect/app/datasource/controller/DataSourcePermissionController.kt,44,DECL-0264
services/data-collect,Spring mapping,POST,/datasources/{id}/projects/{projectId},createProjectDataSourceActivation,services/data-collect/app/data-collect-app/src/main/kotlin/com/cleyrop/data/collect/app/datasource/controller/DataSourcePermissionController.kt,66,DECL-0265
services/data-collect,Spring mapping,POST,/datasources/permissions/{permissionId}/{permission},answerToProjectDataSourcePermissionRequest,services/data-collect/app/data-collect-app/src/main/kotlin/com/cleyrop/data/collect/app/datasource/controller/DataSourcePermissionController.kt,82,DECL-0266
services/data-collect,Spring mapping,GET,/datasources/permissions,getProjectDataSourcePermissionRequest,services/data-collect/app/data-collect-app/src/main/kotlin/com/cleyrop/data/collect/app/datasource/controller/DataSourcePermissionController.kt,101,DECL-0267
services/data-collect,Spring prefix/mapping,REQUEST,,getSftpServerKey,services/data-collect/app/data-collect-app/src/main/kotlin/com/cleyrop/data/collect/app/datasource/controller/DataSourceSFTPController.kt,15,DECL-0268
services/data-collect,Spring mapping,GET,/datasources/sftp/key,getSftpServerKey,services/data-collect/app/data-collect-app/src/main/kotlin/com/cleyrop/data/collect/app/datasource/controller/DataSourceSFTPController.kt,22,DECL-0269
services/data-collect,Spring prefix/mapping,REQUEST,/sftp-accesses,index,services/data-collect/app/data-collect-app/src/main/kotlin/com/cleyrop/data/collect/app/depot/controller/SftpAccessController.kt,69,DECL-0270
services/data-collect,Spring mapping,GET,,index,services/data-collect/app/data-collect-app/src/main/kotlin/com/cleyrop/data/collect/app/depot/controller/SftpAccessController.kt,88,DECL-0271
services/data-collect,Spring mapping,POST,,create,services/data-collect/app/data-collect-app/src/main/kotlin/com/cleyrop/data/collect/app/depot/controller/SftpAccessController.kt,108,DECL-0272
services/data-collect,Spring mapping,PATCH,/{id},update,services/data-collect/app/data-collect-app/src/main/kotlin/com/cleyrop/data/collect/app/depot/controller/SftpAccessController.kt,127,DECL-0273
services/data-collect,Spring mapping,DELETE,/{id},delete,services/data-collect/app/data-collect-app/src/main/kotlin/com/cleyrop/data/collect/app/depot/controller/SftpAccessController.kt,148,DECL-0274
services/data-collect,Spring mapping,GET,/{id},getDetails,services/data-collect/app/data-collect-app/src/main/kotlin/com/cleyrop/data/collect/app/depot/controller/SftpAccessController.kt,172,DECL-0275
services/data-collect,Spring mapping,GET,/generate-directory-name,generateDirectoryName,services/data-collect/app/data-collect-app/src/main/kotlin/com/cleyrop/data/collect/app/depot/controller/SftpAccessController.kt,190,DECL-0276
services/data-collect,Spring mapping,GET,/files,listFiles,services/data-collect/app/data-collect-app/src/main/kotlin/com/cleyrop/data/collect/app/depot/controller/SftpAccessController.kt,204,DECL-0277
services/data-collect,Spring mapping,GET,/configuration,getFileExpireTime,services/data-collect/app/data-collect-app/src/main/kotlin/com/cleyrop/data/collect/app/depot/controller/SftpAccessController.kt,220,DECL-0278
services/data-collect,Spring mapping,PATCH,/configuration,updateFileExpireTime,services/data-collect/app/data-collect-app/src/main/kotlin/com/cleyrop/data/collect/app/depot/controller/SftpAccessController.kt,232,DECL-0279
services/data-collect,Spring mapping,GET,/kpi,getSftpAccessKpi,services/data-collect/app/data-collect-app/src/main/kotlin/com/cleyrop/data/collect/app/depot/controller/SftpAccessController.kt,249,DECL-0280
services/data-dev,Spring prefix/mapping,REQUEST,,listBranches,services/data-dev/app/data-dev-app/src/main/kotlin/com/cleyrop/data/dev/app/branch/controller/BranchController.kt,35,DECL-0281
services/data-dev,Spring mapping,GET,/dataflows/{id}/branches,listBranches,services/data-dev/app/data-dev-app/src/main/kotlin/com/cleyrop/data/dev/app/branch/controller/BranchController.kt,43,DECL-0282
services/data-dev,Spring mapping,GET,/dataflows/{id}/branches/exist,branchExist,services/data-dev/app/data-dev-app/src/main/kotlin/com/cleyrop/data/dev/app/branch/controller/BranchController.kt,61,DECL-0283
services/data-dev,Spring mapping,POST,/dataflows/{id}/branches,createBranch,services/data-dev/app/data-dev-app/src/main/kotlin/com/cleyrop/data/dev/app/branch/controller/BranchController.kt,104,DECL-0284
services/data-dev,Spring mapping,DELETE,/dataflows/{id}/branches/{branchName},deleteBranch,services/data-dev/app/data-dev-app/src/main/kotlin/com/cleyrop/data/dev/app/branch/controller/BranchController.kt,121,DECL-0285
services/data-dev,Spring prefix/mapping,REQUEST,,getDataflowsKpi,services/data-dev/app/data-dev-app/src/main/kotlin/com/cleyrop/data/dev/app/branch/controller/BranchKpiController.kt,13,DECL-0286
services/data-dev,Spring mapping,GET,/kpi/dataflows,getDataflowsKpi,services/data-dev/app/data-dev-app/src/main/kotlin/com/cleyrop/data/dev/app/branch/controller/BranchKpiController.kt,19,DECL-0287
services/data-dev,Spring prefix/mapping,REQUEST,,approveDataflowMergeRequest,services/data-dev/app/data-dev-app/src/main/kotlin/com/cleyrop/data/dev/app/branch/controller/MergeRequestController.kt,49,DECL-0288
services/data-dev,Spring mapping,POST,/dataflows/{id}/merge_requests/{mrId}/approval,approveDataflowMergeRequest,services/data-dev/app/data-dev-app/src/main/kotlin/com/cleyrop/data/dev/app/branch/controller/MergeRequestController.kt,60,DECL-0289
services/data-dev,Spring mapping,GET,/dataflows/{id}/merge_requests,listMergeRequest,services/data-dev/app/data-dev-app/src/main/kotlin/com/cleyrop/data/dev/app/branch/controller/MergeRequestController.kt,77,DECL-0290
services/data-dev,Spring mapping,POST,/dataflows/{id}/merge_requests,createDataflowMergeRequest,services/data-dev/app/data-dev-app/src/main/kotlin/com/cleyrop/data/dev/app/branch/controller/MergeRequestController.kt,99,DECL-0291
services/data-dev,Spring mapping,POST,/dataflows/{id}/merge_requests/{mrId}/resolve,resolveConflicts,services/data-dev/app/data-dev-app/src/main/kotlin/com/cleyrop/data/dev/app/branch/controller/MergeRequestController.kt,126,DECL-0292
services/data-dev,Spring mapping,GET,/dataflows/{id}/merge_requests/{mrId},getDataflowMergeRequestDetails,services/data-dev/app/data-dev-app/src/main/kotlin/com/cleyrop/data/dev/app/branch/controller/MergeRequestController.kt,148,DECL-0293
services/data-dev,Spring mapping,GET,/dataflows/{id}/merge_requests/{mrId}/content/{nodeId},getDataflowMergeRequestDetailsOfNode,services/data-dev/app/data-dev-app/src/main/kotlin/com/cleyrop/data/dev/app/branch/controller/MergeRequestController.kt,162,DECL-0294
services/data-dev,Spring mapping,GET,/dataflows/{id}/merge_requests/countOpen,countOpenMergeRequest,services/data-dev/app/data-dev-app/src/main/kotlin/com/cleyrop/data/dev/app/branch/controller/MergeRequestController.kt,179,DECL-0295
services/data-dev,Spring mapping,POST,/datasets,createDataset,services/data-dev/app/data-dev-app/src/main/kotlin/com/cleyrop/data/dev/app/dataset/controller/DatasetController.kt,31,DECL-0296
services/data-dev,Spring mapping,POST,/datasets/bulk,bulkCreateDataset,services/data-dev/app/data-dev-app/src/main/kotlin/com/cleyrop/data/dev/app/dataset/controller/DatasetController.kt,60,DECL-0297
services/data-dev,Spring prefix/mapping,REQUEST,,,services/data-dev/app/data-dev-app/src/main/kotlin/com/cleyrop/data/dev/app/definition/controller/DataflowDevelopController.kt,49,DECL-0298
services/data-dev,Spring mapping,POST,/dataflows,createDataflow,services/data-dev/app/data-dev-app/src/main/kotlin/com/cleyrop/data/dev/app/definition/controller/DataflowDevelopController.kt,109,DECL-0299
services/data-dev,Spring mapping,POST,/dataflows/{id}/metadata,updateDataflowMetadata,services/data-dev/app/data-dev-app/src/main/kotlin/com/cleyrop/data/dev/app/definition/controller/DataflowDevelopController.kt,148,DECL-0300
services/data-dev,Spring mapping,PUT,/dataflows/{id}/branches/{branchName}/cluster,updateDataflowBranchCluster,services/data-dev/app/data-dev-app/src/main/kotlin/com/cleyrop/data/dev/app/definition/controller/DataflowDevelopController.kt,170,DECL-0301
services/data-dev,Spring mapping,POST,/dataflows/{id}/publish,publishDataflow,services/data-dev/app/data-dev-app/src/main/kotlin/com/cleyrop/data/dev/app/definition/controller/DataflowDevelopController.kt,186,DECL-0302
services/data-dev,Spring mapping,PATCH,/dataflows/{dataflowId}/owner/{newOwnerId},changeDataflowOwner,services/data-dev/app/data-dev-app/src/main/kotlin/com/cleyrop/data/dev/app/definition/controller/DataflowDevelopController.kt,230,DECL-0303
services/data-dev,Spring mapping,DELETE,/dataflows/{id},deleteDataflow,services/data-dev/app/data-dev-app/src/main/kotlin/com/cleyrop/data/dev/app/definition/controller/DataflowDevelopController.kt,249,DECL-0304
services/data-dev,Spring prefix/mapping,REQUEST,,getTransformation,services/data-dev/app/data-dev-app/src/main/kotlin/com/cleyrop/data/dev/app/definition/controller/DataflowForLibController.kt,18,DECL-0305
services/data-dev,Spring mapping,GET,,getTransformation,services/data-dev/app/data-dev-app/src/main/kotlin/com/cleyrop/data/dev/app/definition/controller/DataflowForLibController.kt,23,DECL-0306
services/data-dev,Spring mapping,GET,/dataflows/{id}/transformations/{tid},getTransformationByUserAgent,services/data-dev/app/data-dev-app/src/main/kotlin/com/cleyrop/data/dev/app/definition/controller/DataflowForLibController.kt,57,DECL-0307
services/data-dev,Spring prefix/mapping,REQUEST,,listDataflow,services/data-dev/app/data-dev-app/src/main/kotlin/com/cleyrop/data/dev/app/definition/controller/DataflowGetterController.kt,61,DECL-0308
services/data-dev,Spring mapping,GET,/dataflows,listDataflow,services/data-dev/app/data-dev-app/src/main/kotlin/com/cleyrop/data/dev/app/definition/controller/DataflowGetterController.kt,77,DECL-0309
services/data-dev,Spring mapping,GET,/dataflows/list,listDataflowMetadataByIds,services/data-dev/app/data-dev-app/src/main/kotlin/com/cleyrop/data/dev/app/definition/controller/DataflowGetterController.kt,102,DECL-0310
services/data-dev,Spring mapping,GET,/dataflows/clusters/{clusterId},listDataflowByCluster,services/data-dev/app/data-dev-app/src/main/kotlin/com/cleyrop/data/dev/app/definition/controller/DataflowGetterController.kt,116,DECL-0311
services/data-dev,Spring mapping,GET,/dataflows/{id},getDataflow,services/data-dev/app/data-dev-app/src/main/kotlin/com/cleyrop/data/dev/app/definition/controller/DataflowGetterController.kt,138,DECL-0312
services/data-dev,Spring mapping,GET,/dataflows/{id}/metadata,getDataflowMetadatas,services/data-dev/app/data-dev-app/src/main/kotlin/com/cleyrop/data/dev/app/definition/controller/DataflowGetterController.kt,154,DECL-0313
services/data-dev,Spring mapping,GET,/dataflows/{id}/publish/lazy,getDataflowPublicationStatus,services/data-dev/app/data-dev-app/src/main/kotlin/com/cleyrop/data/dev/app/definition/controller/DataflowGetterController.kt,168,DECL-0314
services/data-dev,Spring mapping,GET,/dataflows/{id}/transformations/{transformationId}/lastExecutedScript,getLastExecutedScript,services/data-dev/app/data-dev-app/src/main/kotlin/com/cleyrop/data/dev/app/definition/controller/DataflowGetterController.kt,181,DECL-0315
services/data-dev,Spring mapping,POST,/dataflows/{id}/preview,preview,services/data-dev/app/data-dev-app/src/main/kotlin/com/cleyrop/data/dev/app/definition/controller/DataflowGetterController.kt,197,DECL-0316
services/data-dev,Spring mapping,GET,/dataflows/{id}/outputs,getOutputs,services/data-dev/app/data-dev-app/src/main/kotlin/com/cleyrop/data/dev/app/definition/controller/DataflowGetterController.kt,204,DECL-0317
services/data-dev,Spring prefix/mapping,REQUEST,,generateSchemasCompute,services/data-dev/app/data-dev-app/src/main/kotlin/com/cleyrop/data/dev/app/definition/controller/DataflowSchemaCompute.kt,21,DECL-0318
services/data-dev,Spring mapping,POST,/dataflows/generate,generateSchemasCompute,services/data-dev/app/data-dev-app/src/main/kotlin/com/cleyrop/data/dev/app/definition/controller/DataflowSchemaCompute.kt,28,DECL-0319
services/data-dev,Spring mapping,POST,/dataflows/validate,validateSchemasCompute,services/data-dev/app/data-dev-app/src/main/kotlin/com/cleyrop/data/dev/app/definition/controller/DataflowSchemaCompute.kt,41,DECL-0320
services/data-dev,Spring mapping,POST,/users/favorite,favorite,services/data-dev/app/data-dev-app/src/main/kotlin/com/cleyrop/data/dev/app/favorite/controller/FavoriteController.kt,25,DECL-0321
services/data-dev,Spring mapping,GET,/projects/{projectId}/internal-modules,getInternalModules,services/data-dev/app/data-dev-app/src/main/kotlin/com/cleyrop/data/dev/app/internalmodule/controller/InternalModuleController.kt,63,DECL-0322
services/data-dev,Spring mapping,GET,/projects/{projectId}/internal-modules/{moduleId},getInternalModuleDetail,services/data-dev/app/data-dev-app/src/main/kotlin/com/cleyrop/data/dev/app/internalmodule/controller/InternalModuleController.kt,81,DECL-0323
services/data-dev,Spring mapping,POST,/projects/{projectId}/internal-modules,createInternalModule,services/data-dev/app/data-dev-app/src/main/kotlin/com/cleyrop/data/dev/app/internalmodule/controller/InternalModuleController.kt,132,DECL-0324
services/data-dev,Spring mapping,GET,/projects/{projectId}/internal-modules/exists,checkInternalModuleDisplayName,services/data-dev/app/data-dev-app/src/main/kotlin/com/cleyrop/data/dev/app/internalmodule/controller/InternalModuleController.kt,178,DECL-0325
services/data-dev,Spring mapping,POST,/projects/{projectId}/internal-modules/{id},updateInternalModule,services/data-dev/app/data-dev-app/src/main/kotlin/com/cleyrop/data/dev/app/internalmodule/controller/InternalModuleController.kt,199,DECL-0326
services/data-dev,Spring mapping,DELETE,/projects/{projectId}/internal-modules/{id},deleteInternalModule,services/data-dev/app/data-dev-app/src/main/kotlin/com/cleyrop/data/dev/app/internalmodule/controller/InternalModuleController.kt,215,DECL-0327
services/data-dev,Spring mapping,POST,/projects/{projectId}/internal-modules/{id}/publish,updateAndPublishInternalModule,services/data-dev/app/data-dev-app/src/main/kotlin/com/cleyrop/data/dev/app/internalmodule/controller/InternalModuleController.kt,251,DECL-0328
services/data-dev,Spring prefix/mapping,REQUEST,,index,services/data-dev/app/data-dev-app/src/main/kotlin/com/cleyrop/data/dev/app/project/controller/ProjectController.kt,48,DECL-0329
services/data-dev,Spring mapping,GET,/projects,index,services/data-dev/app/data-dev-app/src/main/kotlin/com/cleyrop/data/dev/app/project/controller/ProjectController.kt,60,DECL-0330
services/data-dev,Spring mapping,POST,/projects,create,services/data-dev/app/data-dev-app/src/main/kotlin/com/cleyrop/data/dev/app/project/controller/ProjectController.kt,93,DECL-0331
services/data-dev,Spring mapping,GET,/projects/{id},getProject,services/data-dev/app/data-dev-app/src/main/kotlin/com/cleyrop/data/dev/app/project/controller/ProjectController.kt,115,DECL-0332
services/data-dev,Spring mapping,DELETE,/projects/{id},deleteProject,services/data-dev/app/data-dev-app/src/main/kotlin/com/cleyrop/data/dev/app/project/controller/ProjectController.kt,124,DECL-0333
services/data-dev,Spring mapping,PATCH,/projects/{id},update,services/data-dev/app/data-dev-app/src/main/kotlin/com/cleyrop/data/dev/app/project/controller/ProjectController.kt,146,DECL-0334
services/data-dev,Spring mapping,GET,/projects/exists,exists,services/data-dev/app/data-dev-app/src/main/kotlin/com/cleyrop/data/dev/app/project/controller/ProjectController.kt,157,DECL-0335
services/data-dev,Spring mapping,POST,/projects/list,listProjectsByIds,services/data-dev/app/data-dev-app/src/main/kotlin/com/cleyrop/data/dev/app/project/controller/ProjectController.kt,191,DECL-0336
services/data-dev,Spring mapping,GET,/projects/personal-space,getPersonalSpaceProject,services/data-dev/app/data-dev-app/src/main/kotlin/com/cleyrop/data/dev/app/project/controller/ProjectController.kt,210,DECL-0337
services/data-dev,Spring prefix/mapping,REQUEST,,getProjectKpi,services/data-dev/app/data-dev-app/src/main/kotlin/com/cleyrop/data/dev/app/project/controller/ProjectKpiController.kt,15,DECL-0338
services/data-dev,Spring mapping,GET,/kpi/projects,getProjectKpi,services/data-dev/app/data-dev-app/src/main/kotlin/com/cleyrop/data/dev/app/project/controller/ProjectKpiController.kt,21,DECL-0339
services/data-dev,Spring prefix/mapping,REQUEST,,getProjectMembers,services/data-dev/app/data-dev-app/src/main/kotlin/com/cleyrop/data/dev/app/project/controller/ProjectMemberController.kt,22,DECL-0340
services/data-dev,Spring mapping,GET,/projects/{id}/members,getProjectMembers,services/data-dev/app/data-dev-app/src/main/kotlin/com/cleyrop/data/dev/app/project/controller/ProjectMemberController.kt,32,DECL-0341
services/data-dev,Spring prefix/mapping,REQUEST,/projects/{projectId}/notebooks,getApplicationUrl,services/data-dev/app/data-dev-app/src/main/kotlin/com/cleyrop/data/dev/app/project/controller/ProjectNotebookController.kt,25,DECL-0342
services/data-dev,Spring mapping,GET,/link,getApplicationUrl,services/data-dev/app/data-dev-app/src/main/kotlin/com/cleyrop/data/dev/app/project/controller/ProjectNotebookController.kt,33,DECL-0343
services/data-dev,Spring prefix/mapping,REQUEST,,getProjectByUserId,services/data-dev/app/data-dev-app/src/main/kotlin/com/cleyrop/data/dev/app/project/controller/UserController.kt,33,DECL-0344
services/data-dev,Spring mapping,GET,/users/{id}/projects,getProjectByUserId,services/data-dev/app/data-dev-app/src/main/kotlin/com/cleyrop/data/dev/app/project/controller/UserController.kt,44,DECL-0345
services/data-dev,Spring mapping,GET,/users/me/application/{applicationName}/{projectSlug},getApplicationInfo,services/data-dev/app/data-dev-app/src/main/kotlin/com/cleyrop/data/dev/app/project/controller/UserController.kt,77,DECL-0346
services/data-dev,Spring mapping,GET,/users/{id}/check-owner,checkOwner,services/data-dev/app/data-dev-app/src/main/kotlin/com/cleyrop/data/dev/app/project/controller/UserController.kt,97,DECL-0347
services/data-dev,Spring prefix/mapping,REQUEST,,listAvailableTriggers,services/data-dev/app/data-dev-app/src/main/kotlin/com/cleyrop/data/dev/app/schedule/controller/TriggerController.kt,16,DECL-0348
services/data-dev,Spring mapping,GET,/dataflows/{id}/triggers,listAvailableTriggers,services/data-dev/app/data-dev-app/src/main/kotlin/com/cleyrop/data/dev/app/schedule/controller/TriggerController.kt,21,DECL-0349
services/data-dev,Spring mapping,GET,/internal/dataflow-versions/{versionId}/preview-scope,previewScope,services/data-dev/app/data-dev-app/src/main/kotlin/com/cleyrop/data/dev/app/version/controller/PreviewScopeController.kt,52,DECL-0350
services/data-dev,Spring prefix/mapping,REQUEST,,getVersions,services/data-dev/app/data-dev-app/src/main/kotlin/com/cleyrop/data/dev/app/version/controller/VersionController.kt,21,DECL-0351
services/data-dev,Spring mapping,GET,/dataflows/{id}/branches/{branchName}/versions,getVersions,services/data-dev/app/data-dev-app/src/main/kotlin/com/cleyrop/data/dev/app/version/controller/VersionController.kt,26,DECL-0352
services/data-model,Spring mapping,GET,/datasets/{datasetId}/access,list,services/data-model/app/data-model-app/src/main/kotlin/com/cleyrop/data/model/app/dataset/controller/DatasetAccessController.kt,35,DECL-0353
services/data-model,Spring mapping,POST,/datasets/{datasetId}/access/{permissionId}/withdraw,withdraw,services/data-model/app/data-model-app/src/main/kotlin/com/cleyrop/data/model/app/dataset/controller/DatasetAccessController.kt,49,DECL-0354
services/data-model,Spring mapping,GET,/datasets/{datasetId}/branches,getBranches,services/data-model/app/data-model-app/src/main/kotlin/com/cleyrop/data/model/app/dataset/controller/DatasetBranchController.kt,23,DECL-0355
services/data-model,Spring mapping,GET,/catalog/datasets,getDatasets,services/data-model/app/data-model-app/src/main/kotlin/com/cleyrop/data/model/app/dataset/controller/DatasetCatalogController.kt,34,DECL-0356
services/data-model,Spring mapping,GET,/catalog/projects/{projectId}/datasets,getProjectDatasets,services/data-model/app/data-model-app/src/main/kotlin/com/cleyrop/data/model/app/dataset/controller/DatasetCatalogController.kt,79,DECL-0357
services/data-model,Spring mapping,GET,/catalog/dataset-with-project-links,getDatasetsWithProjectLinks,services/data-model/app/data-model-app/src/main/kotlin/com/cleyrop/data/model/app/dataset/controller/DatasetCatalogController.kt,128,DECL-0358
services/data-model,Spring mapping,GET,/catalog/kpi/datasets,getDatasetKpis,services/data-model/app/data-model-app/src/main/kotlin/com/cleyrop/data/model/app/dataset/controller/DatasetCatalogKpiController.kt,24,DECL-0359
services/data-model,Spring mapping,GET,/catalog/kpi/datasources,getDatasourceKpis,services/data-model/app/data-model-app/src/main/kotlin/com/cleyrop/data/model/app/dataset/controller/DatasetCatalogKpiController.kt,33,DECL-0360
services/data-model,Spring mapping,POST,/datasets,createDataset,services/data-model/app/data-model-app/src/main/kotlin/com/cleyrop/data/model/app/dataset/controller/DatasetCreateController.kt,78,DECL-0361
services/data-model,Spring mapping,POST,/datasets/bulk,bulkCreateDataset,services/data-model/app/data-model-app/src/main/kotlin/com/cleyrop/data/model/app/dataset/controller/DatasetCreateController.kt,124,DECL-0362
services/data-model,Spring mapping,PUT,/datasets/{datasetId},updateDataset,services/data-model/app/data-model-app/src/main/kotlin/com/cleyrop/data/model/app/dataset/controller/DatasetCreateController.kt,202,DECL-0363
services/data-model,Spring mapping,PUT,/datasets/{datasetId}/schema,updateSchema,services/data-model/app/data-model-app/src/main/kotlin/com/cleyrop/data/model/app/dataset/controller/DatasetCreateController.kt,223,DECL-0364
services/data-model,Spring mapping,POST,/datasets/{datasetId}/publish,publishProjectDataset,services/data-model/app/data-model-app/src/main/kotlin/com/cleyrop/data/model/app/dataset/controller/DatasetCreateController.kt,252,DECL-0365
services/data-model,Spring mapping,POST,/datasets/{datasetId}/unhide,unhideDataset,services/data-model/app/data-model-app/src/main/kotlin/com/cleyrop/data/model/app/dataset/controller/DatasetCreateController.kt,276,DECL-0366
services/data-model,Spring mapping,DELETE,/datasets/{datasetId}/reserved,cancelDatasetReservation,services/data-model/app/data-model-app/src/main/kotlin/com/cleyrop/data/model/app/dataset/controller/DatasetDeleteController.kt,35,DECL-0367
services/data-model,Spring mapping,DELETE,/datasets/{datasetId},deleteDataset,services/data-model/app/data-model-app/src/main/kotlin/com/cleyrop/data/model/app/dataset/controller/DatasetDeleteController.kt,47,DECL-0368
services/data-model,Spring mapping,POST,/datasets/{datasetId}/empty,emptyDataset,services/data-model/app/data-model-app/src/main/kotlin/com/cleyrop/data/model/app/dataset/controller/DatasetDeleteController.kt,62,DECL-0369
services/data-model,Spring mapping,GET,,getDatasets,services/data-model/app/data-model-app/src/main/kotlin/com/cleyrop/data/model/app/dataset/controller/DatasetForLibController.kt,29,DECL-0370
services/data-model,Spring mapping,GET,/datasets,getDatasetsByUserAgent,services/data-model/app/data-model-app/src/main/kotlin/com/cleyrop/data/model/app/dataset/controller/DatasetForLibController.kt,70,DECL-0371
services/data-model,Spring mapping,GET,/datasets/{datasetId}/refresh,getDatasetRefreshHistory,services/data-model/app/data-model-app/src/main/kotlin/com/cleyrop/data/model/app/dataset/controller/DatasetGetterController.kt,78,DECL-0372
services/data-model,Spring mapping,GET,/datasets/{datasetId},getDatasetDetail,services/data-model/app/data-model-app/src/main/kotlin/com/cleyrop/data/model/app/dataset/controller/DatasetGetterController.kt,105,DECL-0373
services/data-model,Spring mapping,POST,/datasets/list,getDatasetsMetadataByIds,services/data-model/app/data-model-app/src/main/kotlin/com/cleyrop/data/model/app/dataset/controller/DatasetGetterController.kt,123,DECL-0374
services/data-model,Spring mapping,GET,/datasets/{datasetId}/schema,getDatasetSchema,services/data-model/app/data-model-app/src/main/kotlin/com/cleyrop/data/model/app/dataset/controller/DatasetGetterController.kt,141,DECL-0375
services/data-model,Spring mapping,GET,/datasets/schema,getDatasetSchema,services/data-model/app/data-model-app/src/main/kotlin/com/cleyrop/data/model/app/dataset/controller/DatasetGetterController.kt,157,DECL-0376
services/data-model,Spring mapping,GET,/datasets/{datasetId}/refresh/{refreshId},getRefreshDetail,services/data-model/app/data-model-app/src/main/kotlin/com/cleyrop/data/model/app/dataset/controller/DatasetGetterController.kt,173,DECL-0377
services/data-model,Spring mapping,GET,/datasets/{datasetId}/refresh/{refreshId}/logs/{logType},getRefreshDetailLogs,services/data-model/app/data-model-app/src/main/kotlin/com/cleyrop/data/model/app/dataset/controller/DatasetGetterController.kt,190,DECL-0378
services/data-model,Spring mapping,GET,/projects/{projectId}/table-name,checkTableName,services/data-model/app/data-model-app/src/main/kotlin/com/cleyrop/data/model/app/dataset/controller/DatasetGetterController.kt,218,DECL-0379
services/data-model,Spring mapping,GET,/datasets/check,checkTechName,services/data-model/app/data-model-app/src/main/kotlin/com/cleyrop/data/model/app/dataset/controller/DatasetGetterController.kt,229,DECL-0380
services/data-model,Spring mapping,POST,/datasets/check,checkTechNames,services/data-model/app/data-model-app/src/main/kotlin/com/cleyrop/data/model/app/dataset/controller/DatasetGetterController.kt,251,DECL-0381
services/data-model,Spring mapping,POST,/datasets/{datasetId}/projects/{projectId},createProjectDatasetActivation,services/data-model/app/data-model-app/src/main/kotlin/com/cleyrop/data/model/app/dataset/controller/DatasetPermissionController.kt,55,DECL-0382
services/data-model,Spring mapping,GET,/datasets/permissions,getProjectDatasetPermissionRequest,services/data-model/app/data-model-app/src/main/kotlin/com/cleyrop/data/model/app/dataset/controller/DatasetPermissionController.kt,82,DECL-0383
services/data-model,Spring mapping,POST,/datasets/permissions/{permissionId}/{permission},answerToProjectDatasetPermissionRequest,services/data-model/app/data-model-app/src/main/kotlin/com/cleyrop/data/model/app/dataset/controller/DatasetPermissionController.kt,105,DECL-0384
services/data-model,Spring mapping,GET,/datasets/{datasetId}/permissions/projects,getProjectLinkToDatasetPermissionRequest,services/data-model/app/data-model-app/src/main/kotlin/com/cleyrop/data/model/app/dataset/controller/DatasetPermissionController.kt,128,DECL-0385
services/data-model,Spring mapping,GET,/projects/{projectId}/datasets/monitoring,getProjectQualities,services/data-model/app/data-model-app/src/main/kotlin/com/cleyrop/data/model/app/dataset/controller/DatasetQualityController.kt,41,DECL-0386
services/data-model,Spring mapping,POST,/quality/monitoring,getQualityMonitoring,services/data-model/app/data-model-app/src/main/kotlin/com/cleyrop/data/model/app/dataset/controller/DatasetQualityController.kt,68,DECL-0387
services/data-model,Spring mapping,GET,/internal/execution-datasets/{datasetId},binding,services/data-model/app/data-model-app/src/main/kotlin/com/cleyrop/data/model/app/dataset/controller/ExecutionDatasetBindingController.kt,34,DECL-0388
services/data-model,Spring prefix/mapping,REQUEST,/labels,createLabel,services/data-model/app/data-model-app/src/main/kotlin/com/cleyrop/data/model/app/label/controller/LabelController.kt,31,DECL-0389
services/data-model,Spring mapping,POST,,createLabel,services/data-model/app/data-model-app/src/main/kotlin/com/cleyrop/data/model/app/label/controller/LabelController.kt,40,DECL-0390
services/data-model,Spring mapping,PUT,/{labelId},updateLabel,services/data-model/app/data-model-app/src/main/kotlin/com/cleyrop/data/model/app/label/controller/LabelController.kt,55,DECL-0391
services/data-model,Spring mapping,DELETE,/{labelId},deleteLabel,services/data-model/app/data-model-app/src/main/kotlin/com/cleyrop/data/model/app/label/controller/LabelController.kt,72,DECL-0392
services/data-model,Spring mapping,GET,,getLabels,services/data-model/app/data-model-app/src/main/kotlin/com/cleyrop/data/model/app/label/controller/LabelController.kt,83,DECL-0393
services/data-model,Spring prefix/mapping,REQUEST,/schema/labels,createSchemaLabel,services/data-model/app/data-model-app/src/main/kotlin/com/cleyrop/data/model/app/label/controller/SchemaLabelController.kt,29,DECL-0394
services/data-model,Spring mapping,POST,,createSchemaLabel,services/data-model/app/data-model-app/src/main/kotlin/com/cleyrop/data/model/app/label/controller/SchemaLabelController.kt,37,DECL-0395
services/data-model,Spring mapping,PUT,/{schemaLabelId},updateSchemaLabel,services/data-model/app/data-model-app/src/main/kotlin/com/cleyrop/data/model/app/label/controller/SchemaLabelController.kt,50,DECL-0396
services/data-model,Spring mapping,DELETE,/{schemaLabelId},deleteSchemaLabel,services/data-model/app/data-model-app/src/main/kotlin/com/cleyrop/data/model/app/label/controller/SchemaLabelController.kt,64,DECL-0397
services/data-model,Spring mapping,GET,,getSchemaLabels,services/data-model/app/data-model-app/src/main/kotlin/com/cleyrop/data/model/app/label/controller/SchemaLabelController.kt,77,DECL-0398
services/data-model,Spring mapping,PUT,/datasets/{datasetId}/label/policy,updatePolicyDataset,services/data-model/app/data-model-app/src/main/kotlin/com/cleyrop/data/model/app/promotion/controller/DatasetLabelPolicyController.kt,56,DECL-0399
services/data-model,Spring mapping,GET,/datasets/{datasetId}/label/policy,getDatasetPolicy,services/data-model/app/data-model-app/src/main/kotlin/com/cleyrop/data/model/app/promotion/controller/DatasetLabelPolicyController.kt,70,DECL-0400
services/data-model,Spring mapping,POST,/datasets/{datasetId}/label/encrypt,postLabelPolicyPromote,services/data-model/app/data-model-app/src/main/kotlin/com/cleyrop/data/model/app/promotion/controller/DatasetLabelPolicyController.kt,84,DECL-0401
services/data-model,Spring mapping,GET,/datasets/{datasetId}/label/encrypt,getLabelPolicyPromote,services/data-model/app/data-model-app/src/main/kotlin/com/cleyrop/data/model/app/promotion/controller/DatasetLabelPolicyController.kt,95,DECL-0402
services/data-model,Spring mapping,GET,/datasets/{datasetId}/history/{datasetRefreshHistoryId}/encrypt,getLabelPolicyPromotedHistory,services/data-model/app/data-model-app/src/main/kotlin/com/cleyrop/data/model/app/promotion/controller/DatasetLabelPolicyController.kt,103,DECL-0403
services/data-model,Spring mapping,GET,/datasets/{datasetId}/projects/{projectId}/label/policy/check,checkPolicy,services/data-model/app/data-model-app/src/main/kotlin/com/cleyrop/data/model/app/promotion/controller/DatasetLabelPolicyController.kt,126,DECL-0404
services/data-model,Spring mapping,PUT,/spif-proxy/files,securityPolicyInformationFileProxy,services/data-model/app/data-model-app/src/main/kotlin/com/cleyrop/data/model/app/promotion/controller/DatasetLabelPolicyController.kt,140,DECL-0405
services/data-serve,Spring mapping,GET,/api/v1/datasets,listDatasets,services/data-serve/app/data-serve-app/src/main/kotlin/com/cleyrop/data/serve/app/apitoken/controller/ExpositionApiController.kt,182,DECL-0406
services/data-serve,Spring mapping,GET,/api/v1/datasets/{dataset},getDataset,services/data-serve/app/data-serve-app/src/main/kotlin/com/cleyrop/data/serve/app/apitoken/controller/ExpositionApiController.kt,255,DECL-0407
services/data-serve,Spring mapping,GET,/api/v1/datasets/structured/{dataset},getDatasetStructured,services/data-serve/app/data-serve-app/src/main/kotlin/com/cleyrop/data/serve/app/apitoken/controller/ExpositionApiController.kt,328,DECL-0408
services/data-serve,Spring mapping,GET,/api/v1/datasets/{dataset}/metadata,getDatasetMetadata,services/data-serve/app/data-serve-app/src/main/kotlin/com/cleyrop/data/serve/app/apitoken/controller/ExpositionApiController.kt,398,DECL-0409
services/data-serve,Spring mapping,POST,/api/v1/projects/{projectID}/datasets/sql/query,sqlQueryByProject,services/data-serve/app/data-serve-app/src/main/kotlin/com/cleyrop/data/serve/app/apitoken/controller/ExpositionApiController.kt,448,DECL-0410
services/data-serve,Spring mapping,POST,/api/v1/datasets/sql/query,sqlQuery,services/data-serve/app/data-serve-app/src/main/kotlin/com/cleyrop/data/serve/app/apitoken/controller/ExpositionApiController.kt,508,DECL-0411
services/data-serve,Spring mapping,POST,/api/v1/datasets/download,downloadDataset,services/data-serve/app/data-serve-app/src/main/kotlin/com/cleyrop/data/serve/app/apitoken/controller/ExpositionApiController.kt,571,DECL-0412
services/data-serve,Spring mapping,GET,/datasets/{datasetId}/rules/templates/{templateType},getRuleTemplates,services/data-serve/app/data-serve-app/src/main/kotlin/com/cleyrop/data/serve/app/dataquality/controller/DataQualityController.kt,84,DECL-0413
services/data-serve,Spring mapping,POST,/datasets/{datasetId}/rules/check,checkDatasetRule,services/data-serve/app/data-serve-app/src/main/kotlin/com/cleyrop/data/serve/app/dataquality/controller/DataQualityController.kt,96,DECL-0414
services/data-serve,Spring mapping,POST,/datasets/{datasetId}/rules,createDatasetRule,services/data-serve/app/data-serve-app/src/main/kotlin/com/cleyrop/data/serve/app/dataquality/controller/DataQualityController.kt,109,DECL-0415
services/data-serve,Spring mapping,PUT,/datasets/{datasetId}/rules/{ruleId},updateDatasetRule,services/data-serve/app/data-serve-app/src/main/kotlin/com/cleyrop/data/serve/app/dataquality/controller/DataQualityController.kt,124,DECL-0416
services/data-serve,Spring mapping,DELETE,/datasets/{datasetId}/rules/{ruleId},deleteDatasetRule,services/data-serve/app/data-serve-app/src/main/kotlin/com/cleyrop/data/serve/app/dataquality/controller/DataQualityController.kt,141,DECL-0417
services/data-serve,Spring mapping,GET,/datasets/{datasetId}/rules/check,checkRuleDisplayNameAvailability,services/data-serve/app/data-serve-app/src/main/kotlin/com/cleyrop/data/serve/app/dataquality/controller/DataQualityController.kt,152,DECL-0418
services/data-serve,Spring mapping,GET,/datasets/{datasetId}/rules,listDatasetRules,services/data-serve/app/data-serve-app/src/main/kotlin/com/cleyrop/data/serve/app/dataquality/controller/DataQualityController.kt,167,DECL-0419
services/data-serve,Spring mapping,GET,/datasets/{datasetId}/rules/{ruleId},getDatasetRule,services/data-serve/app/data-serve-app/src/main/kotlin/com/cleyrop/data/serve/app/dataquality/controller/DataQualityController.kt,179,DECL-0420
services/data-serve,Spring mapping,GET,/datasets/{datasetId}/rules/{ruleId}/history,getDatasetHistoryPage,services/data-serve/app/data-serve-app/src/main/kotlin/com/cleyrop/data/serve/app/dataquality/controller/DataQualityController.kt,191,DECL-0421
services/data-serve,Spring mapping,GET,/datasets/{datasetId}/permissions,datasetPermissions,services/data-serve/app/data-serve-app/src/main/kotlin/com/cleyrop/data/serve/app/dataset/controller/ServeController.kt,57,DECL-0422
services/data-serve,Spring mapping,GET,/datasets/{datasetId}/download,downloadDataset,services/data-serve/app/data-serve-app/src/main/kotlin/com/cleyrop/data/serve/app/dataset/controller/ServeController.kt,71,DECL-0423
services/data-serve,Spring mapping,POST,/datasets/download,downloadDatasetByQuery,services/data-serve/app/data-serve-app/src/main/kotlin/com/cleyrop/data/serve/app/dataset/controller/ServeController.kt,100,DECL-0424
services/data-serve,Spring mapping,GET,/datasets/{datasetId}/preview,previewDataset,services/data-serve/app/data-serve-app/src/main/kotlin/com/cleyrop/data/serve/app/dataset/controller/ServeController.kt,123,DECL-0425
services/data-serve,Spring mapping,POST,/version/preview,previewVersion,services/data-serve/app/data-serve-app/src/main/kotlin/com/cleyrop/data/serve/app/dataset/controller/ServeController.kt,137,DECL-0426
services/data-serve,Spring mapping,POST,/projects/{projectID}/datasets/sql/query,sqlQuery,services/data-serve/app/data-serve-app/src/main/kotlin/com/cleyrop/data/serve/app/dataset/controller/ServeController.kt,146,DECL-0427
services/datasphere-cleyrop,HTTP/WebSocket declaration,POST,/check,check_access,services/datasphere-cleyrop/app/src/datasphere/application/router/access_router.py,20,DECL-0428
services/datasphere-cleyrop,HTTP/WebSocket declaration,GET,/,health,services/datasphere-cleyrop/app/src/datasphere/application/router/healthcheck_router.py,27,DECL-0429
services/datasphere-cleyrop,HTTP/WebSocket declaration,PUT,,build_label,services/datasphere-cleyrop/app/src/datasphere/application/router/label_router.py,42,DECL-0430
services/datasphere-cleyrop,HTTP/WebSocket declaration,GET,,get_label,services/datasphere-cleyrop/app/src/datasphere/application/router/label_router.py,56,DECL-0431
services/datasphere-cleyrop,HTTP/WebSocket declaration,POST,/encrypt,post_encrypt,services/datasphere-cleyrop/app/src/datasphere/application/router/label_router.py,67,DECL-0432
services/files,HTTP/WebSocket declaration,POST,/admin/reconcile-tuples,reconcile_tuples,services/files/src/file_management/api/v1/admin.py,38,DECL-0433
services/files,HTTP/WebSocket declaration,GET,/auth/me,get_current_user_info,services/files/src/file_management/api/v1/auth.py,16,DECL-0434
services/files,HTTP/WebSocket declaration,GET,/config/assets,list_config_assets,services/files/src/file_management/api/v1/config_assets.py,88,DECL-0435
services/files,HTTP/WebSocket declaration,GET,/config/assets/{key}/info,get_config_asset_info,services/files/src/file_management/api/v1/config_assets.py,99,DECL-0436
services/files,HTTP/WebSocket declaration,PUT,/config/assets/{key},put_config_asset,services/files/src/file_management/api/v1/config_assets.py,112,DECL-0437
services/files,HTTP/WebSocket declaration,DELETE,/config/assets/{key},delete_config_asset,services/files/src/file_management/api/v1/config_assets.py,133,DECL-0438
services/files,HTTP/WebSocket declaration,GET,/public/config/assets/{key},get_config_asset_public,services/files/src/file_management/api/v1/config_assets.py,144,DECL-0439
services/files,HTTP/WebSocket declaration,POST,/files/upload,upload_file,services/files/src/file_management/api/v1/files.py,149,DECL-0440
services/files,HTTP/WebSocket declaration,GET,/files/{file_id},get_file,services/files/src/file_management/api/v1/files.py,195,DECL-0441
services/files,HTTP/WebSocket declaration,GET,/files/{file_id}/download,download_file,services/files/src/file_management/api/v1/files.py,204,DECL-0442
services/files,HTTP/WebSocket declaration,PUT,/files/{file_id},update_file,services/files/src/file_management/api/v1/files.py,230,DECL-0443
services/files,HTTP/WebSocket declaration,POST,/files/{file_id}/move,move_file,services/files/src/file_management/api/v1/files.py,245,DECL-0444
services/files,HTTP/WebSocket declaration,POST,/files/{file_id}/copy,copy_file,services/files/src/file_management/api/v1/files.py,267,DECL-0445
services/files,HTTP/WebSocket declaration,POST,/files/copy-batch,copy_files_batch,services/files/src/file_management/api/v1/files.py,290,DECL-0446
services/files,HTTP/WebSocket declaration,POST,/files/{file_id}/rename,rename_file,services/files/src/file_management/api/v1/files.py,323,DECL-0447
services/files,HTTP/WebSocket declaration,DELETE,/files/{file_id},delete_file,services/files/src/file_management/api/v1/files.py,335,DECL-0448
services/files,HTTP/WebSocket declaration,POST,/files/{file_id}/restore,restore_file,services/files/src/file_management/api/v1/files.py,344,DECL-0449
services/files,HTTP/WebSocket declaration,DELETE,/files/{file_id}/permanent,permanent_delete_file,services/files/src/file_management/api/v1/files.py,372,DECL-0450
services/files,HTTP/WebSocket declaration,GET,/files/{file_id}/preview,preview_file,services/files/src/file_management/api/v1/files.py,381,DECL-0451
services/files,HTTP/WebSocket declaration,POST,/files/upload/chunk,upload_file_chunk,services/files/src/file_management/api/v1/files.py,398,DECL-0452
services/files,HTTP/WebSocket declaration,GET,/folders/check-name,check_folder_name_exists,services/files/src/file_management/api/v1/folders.py,41,DECL-0453
services/files,HTTP/WebSocket declaration,GET,/folders/{folder_id}/download,download_folder,services/files/src/file_management/api/v1/folders.py,74,DECL-0454
services/files,HTTP/WebSocket declaration,POST,/folders,create_folder,services/files/src/file_management/api/v1/folders.py,90,DECL-0455
services/files,HTTP/WebSocket declaration,POST,/folders/batch,create_folders_batch,services/files/src/file_management/api/v1/folders.py,128,DECL-0456
services/files,HTTP/WebSocket declaration,GET,/folders/{folder_id},get_folder,services/files/src/file_management/api/v1/folders.py,179,DECL-0457
services/files,HTTP/WebSocket declaration,GET,/folders/root/contents,get_root_contents,services/files/src/file_management/api/v1/folders.py,188,DECL-0458
services/files,HTTP/WebSocket declaration,GET,/folders/{folder_id}/contents,get_folder_contents,services/files/src/file_management/api/v1/folders.py,218,DECL-0459
services/files,HTTP/WebSocket declaration,PUT,/folders/{folder_id},update_folder,services/files/src/file_management/api/v1/folders.py,251,DECL-0460
services/files,HTTP/WebSocket declaration,POST,/folders/{folder_id}/copy,copy_folder,services/files/src/file_management/api/v1/folders.py,263,DECL-0461
services/files,HTTP/WebSocket declaration,POST,/folders/{folder_id}/move,move_folder,services/files/src/file_management/api/v1/folders.py,308,DECL-0462
services/files,HTTP/WebSocket declaration,POST,/folders/{folder_id}/rename,rename_folder,services/files/src/file_management/api/v1/folders.py,333,DECL-0463
services/files,HTTP/WebSocket declaration,DELETE,/folders/{folder_id},delete_folder,services/files/src/file_management/api/v1/folders.py,345,DECL-0464
services/files,HTTP/WebSocket declaration,POST,/folders/{folder_id}/restore,restore_folder,services/files/src/file_management/api/v1/folders.py,357,DECL-0465
services/files,HTTP/WebSocket declaration,GET,/health,health_check,services/files/src/file_management/api/v1/health.py,65,DECL-0466
services/files,HTTP/WebSocket declaration,GET,/health/live,liveness,services/files/src/file_management/api/v1/health.py,98,DECL-0467
services/files,HTTP/WebSocket declaration,GET,/health/ready,readiness,services/files/src/file_management/api/v1/health.py,126,DECL-0468
services/files,HTTP/WebSocket declaration,GET,/jobs/{job_id},get_copy_job_status,services/files/src/file_management/api/v1/jobs.py,32,DECL-0469
services/files,HTTP/WebSocket declaration,GET,/projects/{project_id}/contents,get_project_contents,services/files/src/file_management/api/v1/projects.py,31,DECL-0470
services/files,HTTP/WebSocket declaration,GET,/my-files,get_my_files,services/files/src/file_management/api/v1/projects.py,69,DECL-0471
services/files,HTTP/WebSocket declaration,GET,/projects/{project_id}/resolve,resolve_path,services/files/src/file_management/api/v1/projects.py,96,DECL-0472
services/files,HTTP/WebSocket declaration,POST,/projects/{project_id}/download,batch_download,services/files/src/file_management/api/v1/projects.py,116,DECL-0473
services/files,HTTP/WebSocket declaration,POST,/projects/{project_id}/extract-text,trigger_text_extraction,services/files/src/file_management/api/v1/projects.py,138,DECL-0474
services/files,HTTP/WebSocket declaration,GET,/my-files/search,search_my_files,services/files/src/file_management/api/v1/search.py,131,DECL-0475
services/files,HTTP/WebSocket declaration,GET,/projects/{project_id}/search,search_project,services/files/src/file_management/api/v1/search.py,164,DECL-0476
services/files,HTTP/WebSocket declaration,GET,/projects/{project_id}/trash,list_project_trash,services/files/src/file_management/api/v1/trash.py,22,DECL-0477
services/files,HTTP/WebSocket declaration,POST,/trash/files/{file_id}/restore,restore_file,services/files/src/file_management/api/v1/trash.py,61,DECL-0478
services/files,HTTP/WebSocket declaration,POST,/trash/folders/{folder_id}/restore,restore_folder,services/files/src/file_management/api/v1/trash.py,88,DECL-0479
services/files,HTTP/WebSocket declaration,DELETE,/trash/files/{file_id},permanent_delete_file,services/files/src/file_management/api/v1/trash.py,117,DECL-0480
services/files,HTTP/WebSocket declaration,DELETE,/trash/folders/{folder_id},permanent_delete_folder,services/files/src/file_management/api/v1/trash.py,127,DECL-0481
services/files,HTTP/WebSocket declaration,POST,/projects/{project_id}/trash/empty,empty_project_trash,services/files/src/file_management/api/v1/trash.py,138,DECL-0482
services/iam,HTTP/WebSocket declaration,GET,/logs/filter-options,get_audit_log_filter_options,services/iam/src/iam_service/api/v1/admin/admin_audit.py,119,DECL-0483
services/iam,HTTP/WebSocket declaration,GET,/logs,list_audit_logs,services/iam/src/iam_service/api/v1/admin/admin_audit.py,147,DECL-0484
services/iam,HTTP/WebSocket declaration,GET,/access-decisions/stats,get_access_decision_stats,services/iam/src/iam_service/api/v1/admin/admin_audit.py,222,DECL-0485
services/iam,HTTP/WebSocket declaration,GET,/access-decisions/filter-options,get_access_decision_filter_options,services/iam/src/iam_service/api/v1/admin/admin_audit.py,278,DECL-0486
services/iam,HTTP/WebSocket declaration,GET,/access-decisions,list_access_decisions,services/iam/src/iam_service/api/v1/admin/admin_audit.py,338,DECL-0487
services/iam,HTTP/WebSocket declaration,GET,/break-glass,get_break_glass,services/iam/src/iam_service/api/v1/admin/admin_breakglass.py,185,DECL-0488
services/iam,HTTP/WebSocket declaration,POST,/break-glass,set_break_glass,services/iam/src/iam_service/api/v1/admin/admin_breakglass.py,210,DECL-0489
services/iam,HTTP/WebSocket declaration,POST,/break-glass/acknowledge,acknowledge_break_glass,services/iam/src/iam_service/api/v1/admin/admin_breakglass.py,254,DECL-0490
services/iam,HTTP/WebSocket declaration,GET,/consumers,list_exposition_consumers,services/iam/src/iam_service/api/v1/admin/admin_exposition.py,127,DECL-0491
services/iam,HTTP/WebSocket declaration,GET,/diff,diff_exposition,services/iam/src/iam_service/api/v1/admin/admin_exposition.py,142,DECL-0492
services/iam,HTTP/WebSocket declaration,POST,/reconcile,reconcile_exposition,services/iam/src/iam_service/api/v1/admin/admin_exposition.py,156,DECL-0493
services/iam,HTTP/WebSocket declaration,GET,/personal-tokens,list_personal_tokens,services/iam/src/iam_service/api/v1/admin/admin_exposition.py,198,DECL-0494
services/iam,HTTP/WebSocket declaration,DELETE,/personal-tokens/{token_id},revoke_personal_token,services/iam/src/iam_service/api/v1/admin/admin_exposition.py,214,DECL-0495
services/iam,HTTP/WebSocket declaration,GET,/check,check_alias,services/iam/src/iam_service/api/v1/admin/admin_identity_providers.py,128,DECL-0496
services/iam,HTTP/WebSocket declaration,POST,/test-connection,test_connection,services/iam/src/iam_service/api/v1/admin/admin_identity_providers.py,143,DECL-0497
services/iam,HTTP/WebSocket declaration,GET,/security-config,get_security_config,services/iam/src/iam_service/api/v1/admin/admin_identity_providers.py,160,DECL-0498
services/iam,HTTP/WebSocket declaration,PUT,/security-config,update_security_config,services/iam/src/iam_service/api/v1/admin/admin_identity_providers.py,169,DECL-0499
services/iam,HTTP/WebSocket declaration,POST,,create_identity_provider,services/iam/src/iam_service/api/v1/admin/admin_identity_providers.py,205,DECL-0500
services/iam,HTTP/WebSocket declaration,GET,,list_identity_providers,services/iam/src/iam_service/api/v1/admin/admin_identity_providers.py,236,DECL-0501
services/iam,HTTP/WebSocket declaration,GET,/{idp_id},get_identity_provider,services/iam/src/iam_service/api/v1/admin/admin_identity_providers.py,250,DECL-0502
services/iam,HTTP/WebSocket declaration,PUT,/{idp_id},update_identity_provider,services/iam/src/iam_service/api/v1/admin/admin_identity_providers.py,260,DECL-0503
services/iam,HTTP/WebSocket declaration,POST,/{idp_id}/activate,activate_identity_provider,services/iam/src/iam_service/api/v1/admin/admin_identity_providers.py,287,DECL-0504
services/iam,HTTP/WebSocket declaration,POST,/{idp_id}/deactivate,deactivate_identity_provider,services/iam/src/iam_service/api/v1/admin/admin_identity_providers.py,308,DECL-0505
services/iam,HTTP/WebSocket declaration,DELETE,/{idp_id},delete_identity_provider,services/iam/src/iam_service/api/v1/admin/admin_identity_providers.py,343,DECL-0506
services/iam,HTTP/WebSocket declaration,PUT,/{idp_id}/role-mappings,replace_role_mappings,services/iam/src/iam_service/api/v1/admin/admin_identity_providers.py,373,DECL-0507
services/iam,HTTP/WebSocket declaration,POST,/projects/republish,republish_project_events,services/iam/src/iam_service/api/v1/admin/admin_kafka.py,74,DECL-0508
services/iam,HTTP/WebSocket declaration,POST,/users/republish,republish_user_events,services/iam/src/iam_service/api/v1/admin/admin_kafka.py,146,DECL-0509
services/iam,HTTP/WebSocket declaration,POST,/teams/republish,republish_team_events,services/iam/src/iam_service/api/v1/admin/admin_kafka.py,263,DECL-0510
services/iam,HTTP/WebSocket declaration,GET,/users,users_kpi,services/iam/src/iam_service/api/v1/admin/admin_kpi.py,56,DECL-0511
services/iam,HTTP/WebSocket declaration,GET,/groups,groups_kpi,services/iam/src/iam_service/api/v1/admin/admin_kpi.py,68,DECL-0512
services/iam,HTTP/WebSocket declaration,GET,/sessions,sessions_kpi,services/iam/src/iam_service/api/v1/admin/admin_kpi.py,74,DECL-0513
services/iam,HTTP/WebSocket declaration,GET,,list_legacy_projects,services/iam/src/iam_service/api/v1/admin/admin_legacy_projects.py,96,DECL-0514
services/iam,HTTP/WebSocket declaration,POST,,create_legacy_project,services/iam/src/iam_service/api/v1/admin/admin_legacy_projects.py,131,DECL-0515
services/iam,HTTP/WebSocket declaration,PUT,/{legacy_id},replace_legacy_project,services/iam/src/iam_service/api/v1/admin/admin_legacy_projects.py,172,DECL-0516
services/iam,HTTP/WebSocket declaration,DELETE,/{legacy_id},delete_legacy_project,services/iam/src/iam_service/api/v1/admin/admin_legacy_projects.py,196,DECL-0517
services/iam,HTTP/WebSocket declaration,POST,/{user_id}/offboard,offboard_user,services/iam/src/iam_service/api/v1/admin/admin_offboarding.py,74,DECL-0518
services/iam,HTTP/WebSocket declaration,GET,/model,get_current_model,services/iam/src/iam_service/api/v1/admin/admin_openfga.py,340,DECL-0519
services/iam,HTTP/WebSocket declaration,POST,/model,push_model,services/iam/src/iam_service/api/v1/admin/admin_openfga.py,356,DECL-0520
services/iam,HTTP/WebSocket declaration,GET,/stores,list_stores,services/iam/src/iam_service/api/v1/admin/admin_openfga.py,391,DECL-0521
services/iam,HTTP/WebSocket declaration,GET,/tuples,read_tuples,services/iam/src/iam_service/api/v1/admin/admin_openfga.py,400,DECL-0522
services/iam,HTTP/WebSocket declaration,POST,/tuples,write_tuple,services/iam/src/iam_service/api/v1/admin/admin_openfga.py,524,DECL-0523
services/iam,HTTP/WebSocket declaration,DELETE,/tuples,delete_tuple,services/iam/src/iam_service/api/v1/admin/admin_openfga.py,589,DECL-0524
services/iam,HTTP/WebSocket declaration,POST,/flush-decision-cache,flush_decision_cache,services/iam/src/iam_service/api/v1/admin/admin_openfga.py,638,DECL-0525
services/iam,HTTP/WebSocket declaration,POST,/check,check_permission,services/iam/src/iam_service/api/v1/admin/admin_openfga.py,693,DECL-0526
services/iam,HTTP/WebSocket declaration,POST,/check-trace,check_trace,services/iam/src/iam_service/api/v1/admin/admin_openfga.py,722,DECL-0527
services/iam,HTTP/WebSocket declaration,GET,/users/{user_id}/permissions,get_user_permissions,services/iam/src/iam_service/api/v1/admin/admin_openfga.py,746,DECL-0528
services/iam,HTTP/WebSocket declaration,GET,/users/{user_id}/accessible-objects,get_accessible_objects,services/iam/src/iam_service/api/v1/admin/admin_openfga.py,775,DECL-0529
services/iam,HTTP/WebSocket declaration,GET,/objects,list_objects_by_type,services/iam/src/iam_service/api/v1/admin/admin_openfga.py,797,DECL-0530
services/iam,HTTP/WebSocket declaration,POST,/resolve-names,resolve_names,services/iam/src/iam_service/api/v1/admin/admin_openfga.py,816,DECL-0531
services/iam,HTTP/WebSocket declaration,POST,/resource-names/backfill,backfill_resource_names,services/iam/src/iam_service/api/v1/admin/admin_openfga.py,827,DECL-0532
services/iam,HTTP/WebSocket declaration,GET,/users/{user_id}/permission-summary,get_permission_summary,services/iam/src/iam_service/api/v1/admin/admin_openfga.py,874,DECL-0533
services/iam,HTTP/WebSocket declaration,POST,/reconcile,reconcile_tuples,services/iam/src/iam_service/api/v1/admin/admin_openfga.py,896,DECL-0534
services/iam,HTTP/WebSocket declaration,POST,/authz-events,apply_authz_event,services/iam/src/iam_service/api/v1/admin/admin_openfga.py,1057,DECL-0535
services/iam,HTTP/WebSocket declaration,GET,/users/{user_id}/accessible-children,get_accessible_children,services/iam/src/iam_service/api/v1/admin/admin_openfga.py,1153,DECL-0536
services/iam,HTTP/WebSocket declaration,GET,/census,personal_space_census,services/iam/src/iam_service/api/v1/admin/admin_personal_spaces.py,41,DECL-0537
services/iam,HTTP/WebSocket declaration,POST,,create_project_for_owner,services/iam/src/iam_service/api/v1/admin/admin_projects.py,23,DECL-0538
services/iam,HTTP/WebSocket declaration,POST,/{keycloak_id}/realm-roles,grant_realm_role,services/iam/src/iam_service/api/v1/admin/admin_realm_roles.py,144,DECL-0539
services/iam,HTTP/WebSocket declaration,DELETE,/{keycloak_id}/realm-roles,revoke_realm_role,services/iam/src/iam_service/api/v1/admin/admin_realm_roles.py,175,DECL-0540
services/iam,HTTP/WebSocket declaration,POST,/converge,converge_platform_admin_realm_role,services/iam/src/iam_service/api/v1/admin/admin_realm_roles.py,204,DECL-0541
services/iam,HTTP/WebSocket declaration,GET,/routes,list_routes,services/iam/src/iam_service/api/v1/admin/admin_routes.py,74,DECL-0542
services/iam,HTTP/WebSocket declaration,POST,/routes,create_route,services/iam/src/iam_service/api/v1/admin/admin_routes.py,88,DECL-0543
services/iam,HTTP/WebSocket declaration,GET,/routes/diff,diff_routes,services/iam/src/iam_service/api/v1/admin/admin_routes.py,110,DECL-0544
services/iam,HTTP/WebSocket declaration,GET,/routes/{route_id},get_route,services/iam/src/iam_service/api/v1/admin/admin_routes.py,119,DECL-0545
services/iam,HTTP/WebSocket declaration,PUT,/routes/{route_id},update_route,services/iam/src/iam_service/api/v1/admin/admin_routes.py,129,DECL-0546
services/iam,HTTP/WebSocket declaration,DELETE,/routes/{route_id},delete_route,services/iam/src/iam_service/api/v1/admin/admin_routes.py,148,DECL-0547
services/iam,HTTP/WebSocket declaration,POST,/routes/sync,sync_all_routes,services/iam/src/iam_service/api/v1/admin/admin_routes.py,165,DECL-0548
services/iam,HTTP/WebSocket declaration,POST,/routes/{route_id}/sync,sync_single_route,services/iam/src/iam_service/api/v1/admin/admin_routes.py,182,DECL-0549
services/iam,HTTP/WebSocket declaration,GET,/upstreams,list_upstreams,services/iam/src/iam_service/api/v1/admin/admin_routes.py,203,DECL-0550
services/iam,HTTP/WebSocket declaration,POST,/upstreams,create_upstream,services/iam/src/iam_service/api/v1/admin/admin_routes.py,214,DECL-0551
services/iam,HTTP/WebSocket declaration,PUT,/upstreams/{upstream_id},update_upstream,services/iam/src/iam_service/api/v1/admin/admin_routes.py,229,DECL-0552
services/iam,HTTP/WebSocket declaration,DELETE,/upstreams/{upstream_id},delete_upstream,services/iam/src/iam_service/api/v1/admin/admin_routes.py,243,DECL-0553
services/iam,HTTP/WebSocket declaration,GET,/password-policy,get_password_policy,services/iam/src/iam_service/api/v1/admin/admin_security_policies.py,89,DECL-0554
services/iam,HTTP/WebSocket declaration,PUT,/password-policy,update_password_policy,services/iam/src/iam_service/api/v1/admin/admin_security_policies.py,104,DECL-0555
services/iam,HTTP/WebSocket declaration,PUT,/password-policy/reset,reset_password_policy,services/iam/src/iam_service/api/v1/admin/admin_security_policies.py,120,DECL-0556
services/iam,HTTP/WebSocket declaration,GET,/password-policy/audit,password_policy_audit,services/iam/src/iam_service/api/v1/admin/admin_security_policies.py,137,DECL-0557
services/iam,HTTP/WebSocket declaration,GET,/session-policy,get_session_policy,services/iam/src/iam_service/api/v1/admin/admin_security_policies.py,153,DECL-0558
services/iam,HTTP/WebSocket declaration,PUT,/session-policy,update_session_policy,services/iam/src/iam_service/api/v1/admin/admin_security_policies.py,162,DECL-0559
services/iam,HTTP/WebSocket declaration,PUT,/session-policy/reset,reset_session_policy,services/iam/src/iam_service/api/v1/admin/admin_security_policies.py,178,DECL-0560
services/iam,HTTP/WebSocket declaration,GET,/session-policy/audit,session_policy_audit,services/iam/src/iam_service/api/v1/admin/admin_security_policies.py,192,DECL-0561
services/iam,HTTP/WebSocket declaration,GET,,list_service_accounts,services/iam/src/iam_service/api/v1/admin/admin_service_accounts.py,142,DECL-0562
services/iam,HTTP/WebSocket declaration,GET,/discover,discover_service_accounts,services/iam/src/iam_service/api/v1/admin/admin_service_accounts.py,153,DECL-0563
services/iam,HTTP/WebSocket declaration,POST,,register_service_account,services/iam/src/iam_service/api/v1/admin/admin_service_accounts.py,162,DECL-0564
services/iam,HTTP/WebSocket declaration,POST,/scoped,create_scoped_service_account,services/iam/src/iam_service/api/v1/admin/admin_service_accounts.py,205,DECL-0565
services/iam,HTTP/WebSocket declaration,GET,/by-client-id/{client_id},get_service_account_by_client_id,services/iam/src/iam_service/api/v1/admin/admin_service_accounts.py,237,DECL-0566
services/iam,HTTP/WebSocket declaration,GET,/{sa_id},get_service_account,services/iam/src/iam_service/api/v1/admin/admin_service_accounts.py,248,DECL-0567
services/iam,HTTP/WebSocket declaration,PUT,/{sa_id},update_service_account,services/iam/src/iam_service/api/v1/admin/admin_service_accounts.py,258,DECL-0568
services/iam,HTTP/WebSocket declaration,DELETE,/{sa_id},unregister_service_account,services/iam/src/iam_service/api/v1/admin/admin_service_accounts.py,307,DECL-0569
services/iam,HTTP/WebSocket declaration,POST,/{sa_id}/ensure-k8s-secret,ensure_k8s_secret,services/iam/src/iam_service/api/v1/admin/admin_service_accounts.py,341,DECL-0570
services/iam,HTTP/WebSocket declaration,DELETE,/{secret_name},delete_k8s_secret,services/iam/src/iam_service/api/v1/admin/admin_service_accounts.py,409,DECL-0571
services/iam,HTTP/WebSocket declaration,POST,/{sa_id}/sync,sync_service_account,services/iam/src/iam_service/api/v1/admin/admin_service_accounts.py,442,DECL-0572
services/iam,HTTP/WebSocket declaration,GET,/status,get_system_status,services/iam/src/iam_service/api/v1/admin/admin_system.py,49,DECL-0573
services/iam,HTTP/WebSocket declaration,POST,/bootstrap,run_bootstrap,services/iam/src/iam_service/api/v1/admin/admin_system.py,106,DECL-0574
services/iam,HTTP/WebSocket declaration,GET,/admins,list_platform_admins,services/iam/src/iam_service/api/v1/admin/admin_system.py,154,DECL-0575
services/iam,HTTP/WebSocket declaration,POST,/admins,grant_platform_admin,services/iam/src/iam_service/api/v1/admin/admin_system.py,171,DECL-0576
services/iam,HTTP/WebSocket declaration,DELETE,/admins/{user_id},revoke_platform_admin,services/iam/src/iam_service/api/v1/admin/admin_system.py,200,DECL-0577
services/iam,HTTP/WebSocket declaration,GET,/stats,get_dashboard_stats,services/iam/src/iam_service/api/v1/admin/admin_system.py,249,DECL-0578
services/iam,HTTP/WebSocket declaration,GET,/roles,list_user_roles,services/iam/src/iam_service/api/v1/admin/admin_user_lifecycle.py,122,DECL-0579
services/iam,HTTP/WebSocket declaration,GET,/generate-username,generate_user_name,services/iam/src/iam_service/api/v1/admin/admin_user_lifecycle.py,139,DECL-0580
services/iam,HTTP/WebSocket declaration,GET,/export,export_users,services/iam/src/iam_service/api/v1/admin/admin_user_lifecycle.py,160,DECL-0581
services/iam,HTTP/WebSocket declaration,POST,,create_user,services/iam/src/iam_service/api/v1/admin/admin_user_lifecycle.py,187,DECL-0582
services/iam,HTTP/WebSocket declaration,PATCH,/{user_ref},update_user,services/iam/src/iam_service/api/v1/admin/admin_user_lifecycle.py,237,DECL-0583
services/iam,HTTP/WebSocket declaration,POST,/{user_ref}/reset-pwd,reset_password,services/iam/src/iam_service/api/v1/admin/admin_user_lifecycle.py,306,DECL-0584
services/iam,HTTP/WebSocket declaration,PATCH,/{user_ref}/update-status,update_user_status,services/iam/src/iam_service/api/v1/admin/admin_user_lifecycle.py,335,DECL-0585
services/iam,HTTP/WebSocket declaration,DELETE,/{user_ref},delete_user,services/iam/src/iam_service/api/v1/admin/admin_user_lifecycle.py,385,DECL-0586
services/iam,HTTP/WebSocket declaration,GET,/{user_id},get_user,services/iam/src/iam_service/api/v1/admin/admin_users.py,203,DECL-0587
services/iam,HTTP/WebSocket declaration,GET,/{user_id}/projects,get_user_projects,services/iam/src/iam_service/api/v1/admin/admin_users.py,261,DECL-0588
services/iam,HTTP/WebSocket declaration,GET,,list_users,services/iam/src/iam_service/api/v1/admin/admin_users.py,328,DECL-0589
services/iam,HTTP/WebSocket declaration,GET,/app-management/projects/{project_id}/exists,app_management_project_exists,services/iam/src/iam_service/api/v1/application_authorization.py,128,DECL-0590
services/iam,HTTP/WebSocket declaration,POST,/app-management/authorize,authorize_app_management,services/iam/src/iam_service/api/v1/application_authorization.py,153,DECL-0591
services/iam,HTTP/WebSocket declaration,POST,/ai-gen-assistant/authorize,authorize_assistant_collections,services/iam/src/iam_service/api/v1/assistant_authorization.py,74,DECL-0592
services/iam,HTTP/WebSocket declaration,POST,/check-bulk,check_bulk,services/iam/src/iam_service/api/v1/authz.py,323,DECL-0593
services/iam,HTTP/WebSocket declaration,POST,/data-serve/authorize,authorize_dataset_operations,services/iam/src/iam_service/api/v1/dataset_authorization.py,118,DECL-0594
services/iam,HTTP/WebSocket declaration,POST,/data-collect/authorize,authorize_datasources,services/iam/src/iam_service/api/v1/datasource_authorization.py,41,DECL-0595
services/iam,HTTP/WebSocket declaration,POST,/data-dev/authorize,authorize_projects,services/iam/src/iam_service/api/v1/development_authorization.py,109,DECL-0596
services/iam,HTTP/WebSocket declaration,POST,/files/authorize,authorize_files,services/iam/src/iam_service/api/v1/files_authorization.py,57,DECL-0597
services/iam,HTTP/WebSocket declaration,GET,,health_check,services/iam/src/iam_service/api/v1/health.py,411,DECL-0598
services/iam,HTTP/WebSocket declaration,GET,/live,liveness_check,services/iam/src/iam_service/api/v1/health.py,473,DECL-0599
services/iam,HTTP/WebSocket declaration,GET,/ready,readiness_check,services/iam/src/iam_service/api/v1/health.py,483,DECL-0600
services/iam,HTTP/WebSocket declaration,POST,/ingestion/authorize,authorize_ingestion,services/iam/src/iam_service/api/v1/ingestion_authorization.py,40,DECL-0601
services/iam,HTTP/WebSocket declaration,PUT,/instance-routes/{tech_name},put_instance_route,services/iam/src/iam_service/api/v1/instance_routes.py,128,DECL-0602
services/iam,HTTP/WebSocket declaration,DELETE,/instance-routes/{tech_name},delete_instance_route,services/iam/src/iam_service/api/v1/instance_routes.py,183,DECL-0603
services/iam,HTTP/WebSocket declaration,POST,/access-logs,ingest_access_logs,services/iam/src/iam_service/api/v1/internal.py,87,DECL-0604
services/iam,HTTP/WebSocket declaration,POST,/mcp/read-identity,resolve_read_identity,services/iam/src/iam_service/api/v1/mcp_read_identity.py,48,DECL-0605
services/iam,HTTP/WebSocket declaration,GET,/teams/{team_id},list_team_members,services/iam/src/iam_service/api/v1/memberships.py,51,DECL-0606
services/iam,HTTP/WebSocket declaration,GET,/users/{user_id},list_user_memberships,services/iam/src/iam_service/api/v1/memberships.py,74,DECL-0607
services/iam,HTTP/WebSocket declaration,POST,/teams/{team_id}/members,add_team_member,services/iam/src/iam_service/api/v1/memberships.py,106,DECL-0608
services/iam,HTTP/WebSocket declaration,DELETE,/teams/{team_id}/members/{user_id},remove_team_member,services/iam/src/iam_service/api/v1/memberships.py,141,DECL-0609
services/iam,HTTP/WebSocket declaration,PUT,/teams/{team_id}/members/{user_id}/role,change_member_role,services/iam/src/iam_service/api/v1/memberships.py,162,DECL-0610
services/iam,HTTP/WebSocket declaration,GET,/teams/{team_id}/members/{user_id},get_membership,services/iam/src/iam_service/api/v1/memberships.py,192,DECL-0611
services/iam,HTTP/WebSocket declaration,GET,/teams/{team_id}/members/{user_id}/check,check_membership,services/iam/src/iam_service/api/v1/memberships.py,209,DECL-0612
services/iam,HTTP/WebSocket declaration,POST,/data-model/authorize,authorize_dataset_consultation,services/iam/src/iam_service/api/v1/model_authorization.py,74,DECL-0613
services/iam,HTTP/WebSocket declaration,POST,/notifications/authorize,authorize_notifications,services/iam/src/iam_service/api/v1/notification_authorization.py,67,DECL-0614
services/iam,HTTP/WebSocket declaration,GET,,list_organizations,services/iam/src/iam_service/api/v1/organizations.py,103,DECL-0615
services/iam,HTTP/WebSocket declaration,POST,,create_organization,services/iam/src/iam_service/api/v1/organizations.py,176,DECL-0616
services/iam,HTTP/WebSocket declaration,GET,/{org_id},get_organization,services/iam/src/iam_service/api/v1/organizations.py,201,DECL-0617
services/iam,HTTP/WebSocket declaration,GET,/slug/{slug},get_organization_by_slug,services/iam/src/iam_service/api/v1/organizations.py,215,DECL-0618
services/iam,HTTP/WebSocket declaration,PUT,/{org_id},update_organization,services/iam/src/iam_service/api/v1/organizations.py,284,DECL-0619
services/iam,HTTP/WebSocket declaration,DELETE,/{org_id},delete_organization,services/iam/src/iam_service/api/v1/organizations.py,308,DECL-0620
services/iam,HTTP/WebSocket declaration,POST,/{org_id}/transfer-ownership,transfer_organization_ownership,services/iam/src/iam_service/api/v1/organizations.py,345,DECL-0621
services/iam,HTTP/WebSocket declaration,GET,,list_projects,services/iam/src/iam_service/api/v1/projects.py,158,DECL-0622
services/iam,HTTP/WebSocket declaration,POST,,create_project,services/iam/src/iam_service/api/v1/projects.py,229,DECL-0623
services/iam,HTTP/WebSocket declaration,GET,/exists,project_title_exists,services/iam/src/iam_service/api/v1/projects.py,276,DECL-0624
services/iam,HTTP/WebSocket declaration,GET,/personal-space,get_personal_space,services/iam/src/iam_service/api/v1/projects.py,310,DECL-0625
services/iam,HTTP/WebSocket declaration,GET,/{project_id},get_project,services/iam/src/iam_service/api/v1/projects.py,348,DECL-0626
services/iam,HTTP/WebSocket declaration,GET,/slug/{slug},get_project_by_slug,services/iam/src/iam_service/api/v1/projects.py,374,DECL-0627
services/iam,HTTP/WebSocket declaration,PUT,/{project_id},update_project,services/iam/src/iam_service/api/v1/projects.py,439,DECL-0628
services/iam,HTTP/WebSocket declaration,PUT,/{project_id}/owner,transfer_project_owner,services/iam/src/iam_service/api/v1/projects.py,482,DECL-0629
services/iam,HTTP/WebSocket declaration,DELETE,/{project_id},delete_project,services/iam/src/iam_service/api/v1/projects.py,541,DECL-0630
services/iam,HTTP/WebSocket declaration,GET,/{project_id}/members,list_project_members,services/iam/src/iam_service/api/v1/projects.py,572,DECL-0631
services/iam,HTTP/WebSocket declaration,POST,/{project_id}/members,add_project_member,services/iam/src/iam_service/api/v1/projects.py,593,DECL-0632
services/iam,HTTP/WebSocket declaration,PUT,/{project_id}/members/{user_id},update_project_member_role,services/iam/src/iam_service/api/v1/projects.py,633,DECL-0633
services/iam,HTTP/WebSocket declaration,DELETE,/{project_id}/members/{user_id},remove_project_member,services/iam/src/iam_service/api/v1/projects.py,659,DECL-0634
services/iam,HTTP/WebSocket declaration,POST,/process-data/authorize,authorize_runner,services/iam/src/iam_service/api/v1/runner_authorization.py,67,DECL-0635
services/iam,HTTP/WebSocket declaration,POST,/data-collect/sftp/authorize,authorize_sftp_access,services/iam/src/iam_service/api/v1/sftp_authorization.py,40,DECL-0636
services/iam,HTTP/WebSocket declaration,POST,/applications/{application_id}/share,share_application,services/iam/src/iam_service/api/v1/sharing.py,72,DECL-0637
services/iam,HTTP/WebSocket declaration,DELETE,/applications/{application_id}/share,revoke_application_share,services/iam/src/iam_service/api/v1/sharing.py,101,DECL-0638
services/iam,HTTP/WebSocket declaration,GET,/applications/{application_id}/permissions,get_application_permissions,services/iam/src/iam_service/api/v1/sharing.py,124,DECL-0639
services/iam,HTTP/WebSocket declaration,POST,/folders/{folder_id}/share,share_folder,services/iam/src/iam_service/api/v1/sharing.py,151,DECL-0640
services/iam,HTTP/WebSocket declaration,DELETE,/folders/{folder_id}/share,revoke_folder_share,services/iam/src/iam_service/api/v1/sharing.py,180,DECL-0641
services/iam,HTTP/WebSocket declaration,GET,/folders/{folder_id}/permissions,get_folder_permissions,services/iam/src/iam_service/api/v1/sharing.py,206,DECL-0642
services/iam,HTTP/WebSocket declaration,POST,/files/{file_id}/share,share_file,services/iam/src/iam_service/api/v1/sharing.py,238,DECL-0643
services/iam,HTTP/WebSocket declaration,DELETE,/files/{file_id}/share,revoke_file_share,services/iam/src/iam_service/api/v1/sharing.py,267,DECL-0644
services/iam,HTTP/WebSocket declaration,GET,/files/{file_id}/permissions,get_file_permissions,services/iam/src/iam_service/api/v1/sharing.py,293,DECL-0645
services/iam,HTTP/WebSocket declaration,GET,/shared-with-me,get_shared_with_me,services/iam/src/iam_service/api/v1/sharing.py,325,DECL-0646
services/iam,HTTP/WebSocket declaration,GET,,list_teams,services/iam/src/iam_service/api/v1/teams.py,48,DECL-0647
services/iam,HTTP/WebSocket declaration,POST,,create_team,services/iam/src/iam_service/api/v1/teams.py,80,DECL-0648
services/iam,HTTP/WebSocket declaration,GET,/{team_id},get_team,services/iam/src/iam_service/api/v1/teams.py,113,DECL-0649
services/iam,HTTP/WebSocket declaration,GET,/org/{organization_id}/slug/{slug},get_team_by_slug,services/iam/src/iam_service/api/v1/teams.py,127,DECL-0650
services/iam,HTTP/WebSocket declaration,PUT,/{team_id},update_team,services/iam/src/iam_service/api/v1/teams.py,151,DECL-0651
services/iam,HTTP/WebSocket declaration,DELETE,/{team_id},delete_team,services/iam/src/iam_service/api/v1/teams.py,175,DECL-0652
services/iam,HTTP/WebSocket declaration,GET,/me/sessions,list_my_sessions,services/iam/src/iam_service/api/v1/user_sessions.py,259,DECL-0653
services/iam,HTTP/WebSocket declaration,DELETE,/me/sessions,revoke_my_other_sessions,services/iam/src/iam_service/api/v1/user_sessions.py,282,DECL-0654
services/iam,HTTP/WebSocket declaration,DELETE,/me/sessions/{session_id},revoke_my_session,services/iam/src/iam_service/api/v1/user_sessions.py,352,DECL-0655
services/iam,HTTP/WebSocket declaration,GET,/me,get_current_user,services/iam/src/iam_service/api/v1/users.py,259,DECL-0656
services/iam,HTTP/WebSocket declaration,PUT,/me,update_current_user,services/iam/src/iam_service/api/v1/users.py,272,DECL-0657
services/iam,HTTP/WebSocket declaration,PUT,/me/lang,update_current_user_lang,services/iam/src/iam_service/api/v1/users.py,298,DECL-0658
services/iam,HTTP/WebSocket declaration,GET,/me/permissions,get_current_user_permissions,services/iam/src/iam_service/api/v1/users.py,341,DECL-0659
services/iam,HTTP/WebSocket declaration,GET,,list_users,services/iam/src/iam_service/api/v1/users.py,405,DECL-0660
services/iam,HTTP/WebSocket declaration,POST,,create_user,services/iam/src/iam_service/api/v1/users.py,767,DECL-0661
services/iam,HTTP/WebSocket declaration,GET,/{user_id},get_user,services/iam/src/iam_service/api/v1/users.py,885,DECL-0662
services/iam,HTTP/WebSocket declaration,PUT,/{user_id},update_user,services/iam/src/iam_service/api/v1/users.py,918,DECL-0663
services/iam,HTTP/WebSocket declaration,DELETE,/{user_id},delete_user,services/iam/src/iam_service/api/v1/users.py,1073,DECL-0664
services/iam,HTTP/WebSocket declaration,GET,/email/{email},get_user_by_email,services/iam/src/iam_service/api/v1/users.py,1295,DECL-0665
services/iam,HTTP/WebSocket declaration,GET,/keycloak/{keycloak_id},get_user_by_keycloak_id,services/iam/src/iam_service/api/v1/users.py,1325,DECL-0666
services/iam,HTTP/WebSocket declaration,GET,/openapi.json,openapi_json,services/iam/src/iam_service/main.py,2645,DECL-0667
services/iam,HTTP/WebSocket declaration,GET,/docs,swagger_ui,services/iam/src/iam_service/main.py,2650,DECL-0668
services/iam,HTTP/WebSocket declaration,GET,/redoc,redoc_ui,services/iam/src/iam_service/main.py,2657,DECL-0669
services/mcp-server-corpus,MCP declaration,tool,,list_corpora_tool,services/mcp-server-corpus/src/tool/corpus_searcher.py,216,DECL-0670
services/mcp-server-corpus,MCP declaration,tool,,corpus_search_tool,services/mcp-server-corpus/src/tool/corpus_searcher.py,280,DECL-0671
services/mcp-server-dataset,MCP declaration,tool,,database_research_tool,services/mcp-server-dataset/src/tools/database_researcher.py,151,DECL-0672
services/mcp-server-dataset,MCP declaration,tool,,dataset_structure_research_tool,services/mcp-server-dataset/src/tools/dataset_structure_researcher.py,374,DECL-0673
services/mcp-server-dataset,MCP declaration,tool,,list_datasets_tool,services/mcp-server-dataset/src/tools/dataset_structure_researcher.py,664,DECL-0674
services/mcp-server-dataset,MCP declaration,tool,,get_dataset_metadata_tool,services/mcp-server-dataset/src/tools/dataset_structure_researcher.py,876,DECL-0675
services/mcp-server-dataset,MCP declaration,tool,,get_dataset_schema_tool,services/mcp-server-dataset/src/tools/dataset_structure_researcher.py,1020,DECL-0676
services/mcp-server-internet,MCP declaration,tool,,web_researcher_and_scraper,services/mcp-server-internet/src/tools/web_researcher.py,42,DECL-0677
services/notification-center,Spring prefix/mapping,REQUEST,/notifications,listSubscriberAllNotifications,services/notification-center/app/notification-center-infrastructure/src/main/kotlin/com/cleyrop/domain/notificationcenter/notification/controller/NotificationController.kt,29,DECL-0678
services/notification-center,Spring mapping,GET,,listSubscriberAllNotifications,services/notification-center/app/notification-center-infrastructure/src/main/kotlin/com/cleyrop/domain/notificationcenter/notification/controller/NotificationController.kt,35,DECL-0679
services/notification-center,Spring mapping,PUT,read,markNotificationsAsRead,services/notification-center/app/notification-center-infrastructure/src/main/kotlin/com/cleyrop/domain/notificationcenter/notification/controller/NotificationController.kt,56,DECL-0680
services/notification-center,Spring mapping,POST,/subscriptions,subscribeCurrentUserToEntity,services/notification-center/app/notification-center-infrastructure/src/main/kotlin/com/cleyrop/domain/notificationcenter/subscription/controller/SubscriptionController.kt,49,DECL-0681
services/notification-center,Spring mapping,DELETE,/subscriptions,deleteSubscriptions,services/notification-center/app/notification-center-infrastructure/src/main/kotlin/com/cleyrop/domain/notificationcenter/subscription/controller/SubscriptionController.kt,93,DECL-0682
services/notification-center,Spring mapping,GET,/subscriptions/entities,findSubscriptionsEntities,services/notification-center/app/notification-center-infrastructure/src/main/kotlin/com/cleyrop/domain/notificationcenter/subscription/controller/SubscriptionController.kt,123,DECL-0683
services/notification-center,Spring mapping,GET,/subscriptions,findSubscriptionsByActionTypes,services/notification-center/app/notification-center-infrastructure/src/main/kotlin/com/cleyrop/domain/notificationcenter/subscription/controller/SubscriptionController.kt,138,DECL-0684
services/notification-center,Spring mapping,POST,/subscriptions/check_bulk,checkSubscriptionsBulk,services/notification-center/app/notification-center-infrastructure/src/main/kotlin/com/cleyrop/domain/notificationcenter/subscription/controller/SubscriptionController.kt,156,DECL-0685
services/process-data,Spring prefix/mapping,REQUEST,/admin,reconcileTuples,services/process-data/app/data-exec-app/src/main/kotlin/com/cleyrop/data/exec/app/admin/controller/AdminReconcileTuplesController.kt,33,DECL-0686
services/process-data,Spring mapping,POST,/reconcile-tuples,reconcileTuples,services/process-data/app/data-exec-app/src/main/kotlin/com/cleyrop/data/exec/app/admin/controller/AdminReconcileTuplesController.kt,49,DECL-0687
services/process-data,Spring prefix/mapping,REQUEST,,getCatalog,services/process-data/app/data-exec-app/src/main/kotlin/com/cleyrop/data/exec/app/execution/controller/ConfigurationForLibController.kt,13,DECL-0688
services/process-data,Spring mapping,GET,/lakehouse/conf,getCatalog,services/process-data/app/data-exec-app/src/main/kotlin/com/cleyrop/data/exec/app/execution/controller/ConfigurationForLibController.kt,19,DECL-0689
services/process-data,Spring prefix/mapping,REQUEST,,listDataflowExecution,services/process-data/app/data-exec-app/src/main/kotlin/com/cleyrop/data/exec/app/execution/controller/DataflowPipelineController.kt,61,DECL-0690
services/process-data,Spring mapping,POST,/executions,listDataflowExecution,services/process-data/app/data-exec-app/src/main/kotlin/com/cleyrop/data/exec/app/execution/controller/DataflowPipelineController.kt,90,DECL-0691
services/process-data,Spring mapping,GET,/dataflows/{dataflowId}/branches/{branchName}/executions,listDataflowExecution,services/process-data/app/data-exec-app/src/main/kotlin/com/cleyrop/data/exec/app/execution/controller/DataflowPipelineController.kt,147,DECL-0692
services/process-data,Spring mapping,GET,/executions/{id},getDataflowExecution,services/process-data/app/data-exec-app/src/main/kotlin/com/cleyrop/data/exec/app/execution/controller/DataflowPipelineController.kt,174,DECL-0693
services/process-data,Spring mapping,GET,/dataflows/{dataflowDefinitionId}/transformations/{transformationId}/logs,getLogs,services/process-data/app/data-exec-app/src/main/kotlin/com/cleyrop/data/exec/app/execution/controller/DataflowPipelineController.kt,187,DECL-0694
services/process-data,Spring mapping,POST,/dataflows/{id}/versions/{version}/run,runDataflow,services/process-data/app/data-exec-app/src/main/kotlin/com/cleyrop/data/exec/app/execution/controller/DataflowPipelineController.kt,207,DECL-0695
services/process-data,Spring mapping,POST,/dataflows/{id}/versions/{version}/transformations/{transformation}/run,runExecution,services/process-data/app/data-exec-app/src/main/kotlin/com/cleyrop/data/exec/app/execution/controller/DataflowPipelineController.kt,227,DECL-0696
services/process-data,Spring mapping,GET,/dataflows/{id}/versions/{versionId}/sse,sseStatusRegister,services/process-data/app/data-exec-app/src/main/kotlin/com/cleyrop/data/exec/app/execution/controller/DataflowPipelineController.kt,248,DECL-0697
services/process-data,Spring mapping,DELETE,/executions/{id},cancelExecution,services/process-data/app/data-exec-app/src/main/kotlin/com/cleyrop/data/exec/app/execution/controller/DataflowPipelineController.kt,272,DECL-0698
services/process-data,Spring prefix/mapping,REQUEST,/spark-hook,commit,services/process-data/app/data-exec-app/src/main/kotlin/com/cleyrop/data/exec/app/execution/controller/SparkHookController.kt,18,DECL-0699
services/process-data,Spring mapping,POST,/versions/{versionId}/scripts/{scriptId}/commit,commit,services/process-data/app/data-exec-app/src/main/kotlin/com/cleyrop/data/exec/app/execution/controller/SparkHookController.kt,23,DECL-0700
services/process-data,Spring prefix/mapping,REQUEST,,createImage,services/process-data/app/data-exec-app/src/main/kotlin/com/cleyrop/data/exec/app/image/controller/ImageController.kt,46,DECL-0701
services/process-data,Spring mapping,POST,/images,createImage,services/process-data/app/data-exec-app/src/main/kotlin/com/cleyrop/data/exec/app/image/controller/ImageController.kt,58,DECL-0702
services/process-data,Spring mapping,PATCH,/images/{imageId},updateImage,services/process-data/app/data-exec-app/src/main/kotlin/com/cleyrop/data/exec/app/image/controller/ImageController.kt,69,DECL-0703
services/process-data,Spring mapping,POST,/images/{imageId}/builds,rebuildImage,services/process-data/app/data-exec-app/src/main/kotlin/com/cleyrop/data/exec/app/image/controller/ImageController.kt,79,DECL-0704
services/process-data,Spring mapping,DELETE,/images/{imageId},deleteImage,services/process-data/app/data-exec-app/src/main/kotlin/com/cleyrop/data/exec/app/image/controller/ImageController.kt,98,DECL-0705
services/process-data,Spring mapping,GET,/images,listImages,services/process-data/app/data-exec-app/src/main/kotlin/com/cleyrop/data/exec/app/image/controller/ImageController.kt,108,DECL-0706
services/process-data,Spring mapping,GET,/images/{imageId},getImageDetail,services/process-data/app/data-exec-app/src/main/kotlin/com/cleyrop/data/exec/app/image/controller/ImageController.kt,124,DECL-0707
services/process-data,Spring mapping,GET,/images/{imageId}/libraries,getLibrariesByImage,services/process-data/app/data-exec-app/src/main/kotlin/com/cleyrop/data/exec/app/image/controller/ImageController.kt,134,DECL-0708
services/process-data,Spring mapping,GET,/images/{imageId}/updates,getUpdatesByImage,services/process-data/app/data-exec-app/src/main/kotlin/com/cleyrop/data/exec/app/image/controller/ImageController.kt,143,DECL-0709
services/process-data,Spring prefix/mapping,REQUEST,,createSchedule,services/process-data/app/data-exec-app/src/main/kotlin/com/cleyrop/data/exec/app/schedule/controller/ScheduleController.kt,32,DECL-0710
services/process-data,Spring mapping,POST,/dataflows/{id}/schedules,createSchedule,services/process-data/app/data-exec-app/src/main/kotlin/com/cleyrop/data/exec/app/schedule/controller/ScheduleController.kt,40,DECL-0711
services/process-data,Spring mapping,GET,/dataflows/{id}/schedules,getSchedule,services/process-data/app/data-exec-app/src/main/kotlin/com/cleyrop/data/exec/app/schedule/controller/ScheduleController.kt,49,DECL-0712
services/process-data,Spring mapping,POST,/dataflows/events/projects/{id},triggerScheduleProjectFile,services/process-data/app/data-exec-app/src/main/kotlin/com/cleyrop/data/exec/app/schedule/controller/ScheduleController.kt,60,DECL-0713
services/process-data,Spring prefix/mapping,REQUEST,,checkCluster,services/process-data/app/data-exec-app/src/main/kotlin/com/cleyrop/data/exec/app/session/controller/ClusterController.kt,64,DECL-0714
services/process-data,Spring mapping,POST,/clusters/check,checkCluster,services/process-data/app/data-exec-app/src/main/kotlin/com/cleyrop/data/exec/app/session/controller/ClusterController.kt,80,DECL-0715
services/process-data,Spring mapping,POST,/clusters,createCluster,services/process-data/app/data-exec-app/src/main/kotlin/com/cleyrop/data/exec/app/session/controller/ClusterController.kt,88,DECL-0716
services/process-data,Spring mapping,PATCH,/clusters/{clusterId},updateCluster,services/process-data/app/data-exec-app/src/main/kotlin/com/cleyrop/data/exec/app/session/controller/ClusterController.kt,97,DECL-0717
services/process-data,Spring mapping,DELETE,/clusters/{clusterId},deleteCluster,services/process-data/app/data-exec-app/src/main/kotlin/com/cleyrop/data/exec/app/session/controller/ClusterController.kt,110,DECL-0718
services/process-data,Spring mapping,POST,/clusters/{clusterId}/stop,stopCluster,services/process-data/app/data-exec-app/src/main/kotlin/com/cleyrop/data/exec/app/session/controller/ClusterController.kt,118,DECL-0719
services/process-data,Spring mapping,POST,/clusters/{clusterId}/start,startCluster,services/process-data/app/data-exec-app/src/main/kotlin/com/cleyrop/data/exec/app/session/controller/ClusterController.kt,126,DECL-0720
services/process-data,Spring mapping,GET,/clusters/{clusterId},getCluster,services/process-data/app/data-exec-app/src/main/kotlin/com/cleyrop/data/exec/app/session/controller/ClusterController.kt,134,DECL-0721
services/process-data,Spring mapping,GET,/clusters/{clusterId}/sessions,getSessionsByCluster,services/process-data/app/data-exec-app/src/main/kotlin/com/cleyrop/data/exec/app/session/controller/ClusterController.kt,144,DECL-0722
services/process-data,Spring mapping,GET,/clusters,listClusters,services/process-data/app/data-exec-app/src/main/kotlin/com/cleyrop/data/exec/app/session/controller/ClusterController.kt,161,DECL-0723
services/process-data,Spring mapping,GET,/clusters/{clusterId}/executions,listExecutionsByCluster,services/process-data/app/data-exec-app/src/main/kotlin/com/cleyrop/data/exec/app/session/controller/ClusterController.kt,166,DECL-0724
services/process-data,Spring mapping,GET,/clusters/{clusterId}/executions/sse,sseStatusRegisterExecutionsByCluster,services/process-data/app/data-exec-app/src/main/kotlin/com/cleyrop/data/exec/app/session/controller/ClusterController.kt,185,DECL-0725
services/process-data,Spring mapping,GET,/clusters/executions/running,listAllRunningExecutions,services/process-data/app/data-exec-app/src/main/kotlin/com/cleyrop/data/exec/app/session/controller/ClusterController.kt,199,DECL-0726
services/process-data,Spring mapping,GET,/clusters/executions/running/sse,sseStatusRegisterAllRunningExecution,services/process-data/app/data-exec-app/src/main/kotlin/com/cleyrop/data/exec/app/session/controller/ClusterController.kt,206,DECL-0727
services/process-data,Spring prefix/mapping,REQUEST,/projects/{projectId}/execution-clusters,list,services/process-data/app/data-exec-app/src/main/kotlin/com/cleyrop/data/exec/app/session/controller/ExecutionClusterController.kt,27,DECL-0728
services/process-data,Spring mapping,GET,,list,services/process-data/app/data-exec-app/src/main/kotlin/com/cleyrop/data/exec/app/session/controller/ExecutionClusterController.kt,33,DECL-0729
services/process-data,Spring mapping,GET,/{clusterId}/libraries,libraries,services/process-data/app/data-exec-app/src/main/kotlin/com/cleyrop/data/exec/app/session/controller/ExecutionClusterController.kt,44,DECL-0730
services/whitelister,HTTP/WebSocket declaration,POST,/whitelist,create_whitelist_rule,services/whitelister/src/whitelister/api/routes.py,57,DECL-0731
services/whitelister,HTTP/WebSocket declaration,POST,/whitelist/bulk,create_whitelist_rules_bulk,services/whitelister/src/whitelister/api/routes.py,103,DECL-0732
services/whitelister,HTTP/WebSocket declaration,GET,/whitelist,list_whitelist_rules,services/whitelister/src/whitelister/api/routes.py,162,DECL-0733
services/whitelister,HTTP/WebSocket declaration,GET,/whitelist/{rule_id},get_whitelist_rule,services/whitelister/src/whitelister/api/routes.py,184,DECL-0734
services/whitelister,HTTP/WebSocket declaration,PATCH,/whitelist/{rule_id},update_whitelist_rule,services/whitelister/src/whitelister/api/routes.py,218,DECL-0735
services/whitelister,HTTP/WebSocket declaration,PUT,/whitelist/{rule_id},update_whitelist_rule,services/whitelister/src/whitelister/api/routes.py,243,DECL-0736
services/whitelister,HTTP/WebSocket declaration,DELETE,/whitelist/{rule_id},delete_whitelist_rule,services/whitelister/src/whitelister/api/routes.py,303,DECL-0737
services/whitelister,HTTP/WebSocket declaration,POST,/whitelist/sync,sync_whitelist_to_configmap,services/whitelister/src/whitelister/api/routes.py,390,DECL-0738
services/whitelister,HTTP/WebSocket declaration,GET,/egress-ips,get_egress_ips,services/whitelister/src/whitelister/api/routes.py,429,DECL-0739
services/whitelister,HTTP/WebSocket declaration,GET,/health,health_check,services/whitelister/src/whitelister/api/routes.py,485,DECL-0740
services/whitelister,HTTP/WebSocket declaration,GET,/audit,list_audit_logs,services/whitelister/src/whitelister/api/routes.py,498,DECL-0741
services/whitelister,HTTP/WebSocket declaration,GET,/audit/{log_id},get_audit_log,services/whitelister/src/whitelister/api/routes.py,531,DECL-0742
services/whitelister,HTTP/WebSocket declaration,GET,/,root,services/whitelister/src/whitelister/main.py,129,DECL-0743
services/whitelister,HTTP/WebSocket declaration,GET,/openapi.json,get_openapi,services/whitelister/src/whitelister/main.py,139,DECL-0744
